{"type":"FeatureCollection","features":[{"type":"Feature","id":"0114","properties":{"code":"0114"},"geometry":{"type":"Polygon","coordinates":[[[17.92152,59.49744],[17.90796,59.4832],[17.86737,59.49216],[17.86397,59.48048],[17.83267,59.47566],[17.8421,59.49246],[17.79925,59.5089],[17.83569,59.52712],[17.81091,59.53411],[17.80731,59.57556],[17.84756,59.56958],[17.85021,59.5585],[17.87289,59.55205],[17.89459,59.55327],[17.91994,59.56406],[17.94576,59.55585],[17.96952,59.55935],[17.96788,59.54505],[17.99768,59.53125],[18.00081,59.52038],[18.01453,59.52339],[18.00918,59.50794],[17.98171,59.49773],[17.98494,59.48567],[18.00288,59.47996],[17.99606,59.45732],[17.95049,59.48596],[17.92152,59.49744]]]}},{"type":"Feature","id":"0115","properties":{"code":"0115"},"geometry":{"type":"Polygon","coordinates":[[[18.10561,59.50254],[18.02003,59.51118],[18.00918,59.50794],[18.01453,59.52339],[18.00081,59.52038],[17.99768,59.53125],[17.96788,59.54505],[17.97565,59.56379],[18.01336,59.57077],[18.02882,59.56778],[18.00967,59.57689],[18.01534,59.63782],[18.09594,59.63672],[18.0888,59.65631],[18.15329,59.68356],[18.15879,59.66834],[18.2252,59.66804],[18.28587,59.68632],[18.29905,59.67672],[18.32078,59.68914],[18.35325,59.66166],[18.38945,59.65141],[18.37448,59.63035],[18.39202,59.62023],[18.38726,59.60265],[18.42731,59.59202],[18.43717,59.56637],[18.4167,59.55797],[18.40668,59.56378],[18.36852,59.55877],[18.38074,59.55321],[18.37826,59.54442],[18.32832,59.54409],[18.31841,59.53306],[18.26025,59.52395],[18.25777,59.50702],[18.2195,59.50417],[18.20174,59.49224],[18.16723,59.50297],[18.14316,59.49425],[18.14706,59.48564],[18.10561,59.50254]]]}},{"type":"Feature","id":"0117","properties":{"code":"0117"},"geometry":{"type":"Polygon","coordinates":[[[18.31888,59.45055],[18.29378,59.42965],[18.22444,59.43312],[18.2097,59.41406],[18.19107,59.42109],[18.18596,59.4318],[18.16864,59.4346],[18.12178,59.41218],[18.14612,59.43716],[18.1386,59.454],[18.15366,59.46784],[18.14113,59.48069],[18.14544,59.49602],[18.17174,59.50322],[18.20174,59.49224],[18.2195,59.50417],[18.25777,59.50702],[18.26025,59.52395],[18.31841,59.53306],[18.32832,59.54409],[18.37826,59.54442],[18.38074,59.55321],[18.36852,59.55877],[18.40668,59.56378],[18.4167,59.55797],[18.43717,59.56637],[18.44528,59.55948],[18.46907,59.56706],[18.47264,59.56379],[18.47271,59.5714],[18.48865,59.57503],[18.47985,59.58612],[18.49306,59.59734],[18.49989,59.59008],[18.54929,59.59465],[18.55331,59.58585],[18.58225,59.59993],[18.5964,59.58289],[18.60805,59.58705],[18.6323,59.57887],[18.6426,59.59448],[18.67118,59.57356],[18.726,59.58232],[18.73735,59.54959],[18.83782,59.55727],[18.85228,59.54689],[18.91583,59.54539],[18.92733,59.53775],[18.96691,59.53914],[19.00201,59.51573],[18.91323,59.46533],[18.88726,59.45878],[18.8736,59.45965],[18.86763,59.47357],[18.8395,59.4713],[18.76728,59.45076],[18.73175,59.46435],[18.71043,59.46335],[18.68733,59.47059],[18.63588,59.45434],[18.62252,59.40529],[18.59278,59.40037],[18.56502,59.42047],[18.53281,59.42006],[18.49296,59.46711],[18.46698,59.45701],[18.43568,59.45829],[18.43294,59.45045],[18.41177,59.44369],[18.36083,59.43709],[18.31888,59.45055]]]}},{"type":"Feature","id":"0120","properties":{"code":"0120"},"geometry":{"type":"Polygon","coordinates":[[[18.3889,59.26354],[18.32559,59.27901],[18.31924,59.31964],[18.33312,59.32815],[18.32774,59.3318],[18.34125,59.32899],[18.37376,59.3383],[18.3515,59.34661],[18.33656,59.36671],[18.40678,59.362],[18.44058,59.35213],[18.4504,59.36887],[18.43886,59.38638],[18.44818,59.39402],[18.37461,59.43997],[18.41177,59.44369],[18.43294,59.45045],[18.43568,59.45829],[18.46698,59.45701],[18.49296,59.46711],[18.53281,59.42006],[18.56502,59.42047],[18.59278,59.40037],[18.62252,59.40529],[18.63588,59.45434],[18.68733,59.47059],[18.71043,59.46335],[18.73175,59.46435],[18.76728,59.45076],[18.8395,59.4713],[18.86763,59.47357],[18.8736,59.45965],[18.88726,59.45878],[18.91323,59.46533],[19.00201,59.51573],[19.02731,59.51413],[19.06712,59.49616],[19.2056,59.46945],[19.24307,59.49596],[19.28979,59.50353],[19.35867,59.4846],[19.35129,59.46144],[19.31821,59.44545],[19.28567,59.39322],[19.37147,59.3715],[19.59315,59.20725],[19.45548,59.15778],[19.09472,58.93475],[18.94119,58.85713],[18.67367,59.00113],[18.54711,59.08059],[18.56132,59.08047],[18.59085,59.10311],[18.54784,59.14103],[18.56765,59.14422],[18.5862,59.19336],[18.49438,59.20721],[18.41824,59.2414],[18.3889,59.26354]]]}},{"type":"Feature","id":"0123","properties":{"code":"0123"},"geometry":{"type":"Polygon","coordinates":[[[17.81983,59.39668],[17.79869,59.39051],[17.77947,59.39843],[17.76069,59.39177],[17.73211,59.42055],[17.75985,59.42957],[17.79735,59.4673],[17.79925,59.5089],[17.8421,59.49246],[17.8243,59.46832],[17.84565,59.46167],[17.84416,59.45427],[17.87349,59.45074],[17.87804,59.42829],[17.8989,59.41572],[17.83974,59.38128],[17.82491,59.38171],[17.81983,59.39668]]]}},{"type":"Feature","id":"0125","properties":{"code":"0125"},"geometry":{"type":"Polygon","coordinates":[[[17.76908,59.26176],[17.76365,59.2666],[17.72719,59.26439],[17.66802,59.27359],[17.59756,59.29812],[17.56827,59.29183],[17.51548,59.29527],[17.49806,59.30512],[17.46799,59.30766],[17.47312,59.32388],[17.46332,59.33833],[17.4379,59.33948],[17.41092,59.36622],[17.4151,59.38347],[17.43301,59.39583],[17.42621,59.42787],[17.43571,59.44174],[17.45311,59.44653],[17.50435,59.44054],[17.56433,59.44211],[17.58319,59.43033],[17.6067,59.42822],[17.63678,59.45157],[17.67641,59.44022],[17.68213,59.43279],[17.70468,59.43065],[17.71368,59.42206],[17.73211,59.42055],[17.79629,59.35512],[17.81621,59.35818],[17.8394,59.35253],[17.95483,59.3107],[17.88623,59.28715],[17.8653,59.28622],[17.85583,59.26727],[17.83249,59.26168],[17.76908,59.26176]]]}},{"type":"Feature","id":"0126","properties":{"code":"0126"},"geometry":{"type":"Polygon","coordinates":[[[17.93817,59.19139],[17.92839,59.22251],[17.9018,59.22778],[17.88351,59.22386],[17.87246,59.26028],[17.85583,59.26727],[17.86349,59.27454],[17.8779,59.26811],[17.90631,59.26851],[17.91528,59.27896],[17.94797,59.28775],[17.96343,59.26846],[18.05223,59.24672],[18.08139,59.23174],[18.10803,59.22725],[18.13367,59.2424],[18.17571,59.23394],[18.18314,59.21083],[18.09922,59.18432],[18.10805,59.16701],[18.08909,59.15608],[18.09411,59.15195],[18.02494,59.1412],[17.98331,59.1572],[17.9644,59.18794],[17.93817,59.19139]]]}},{"type":"Feature","id":"0127","properties":{"code":"0127"},"geometry":{"type":"Polygon","coordinates":[[[17.9644,59.18794],[17.98483,59.15669],[17.93177,59.14249],[17.91416,59.12845],[17.92158,59.12018],[17.91181,59.11824],[17.91439,59.11084],[17.9034,59.10722],[17.91588,59.10774],[17.91359,59.10331],[17.85694,59.08402],[17.82232,59.09438],[17.78848,59.08984],[17.76068,59.09737],[17.73983,59.08301],[17.74564,59.06334],[17.71439,59.0445],[17.69968,59.0443],[17.66298,59.08756],[17.67406,59.09879],[17.69522,59.10164],[17.68217,59.13264],[17.72651,59.14688],[17.7407,59.16595],[17.7318,59.16952],[17.7428,59.17161],[17.73789,59.18146],[17.79848,59.19471],[17.78409,59.22055],[17.76953,59.22663],[17.77257,59.23926],[17.73567,59.24997],[17.73421,59.26829],[17.76365,59.2666],[17.77769,59.25943],[17.85583,59.26727],[17.87246,59.26028],[17.88351,59.22386],[17.91918,59.22719],[17.93503,59.19329],[17.9644,59.18794]]]}},{"type":"Feature","id":"0128","properties":{"code":"0128"},"geometry":{"type":"Polygon","coordinates":[[[17.78409,59.22055],[17.79212,59.19117],[17.70886,59.18013],[17.7051,59.20153],[17.68351,59.22102],[17.6629,59.21472],[17.63702,59.22661],[17.63884,59.2394],[17.66392,59.2334],[17.685,59.23862],[17.65882,59.24278],[17.65927,59.25607],[17.64735,59.25256],[17.61738,59.25677],[17.61312,59.25011],[17.59759,59.25126],[17.56223,59.26963],[17.56827,59.29183],[17.59756,59.29812],[17.66802,59.27359],[17.73121,59.26624],[17.73567,59.24997],[17.77257,59.23926],[17.76953,59.22663],[17.78409,59.22055]]]}},{"type":"Feature","id":"0136","properties":{"code":"0136"},"geometry":{"type":"Polygon","coordinates":[[[17.98736,59.09668],[17.96273,59.11718],[17.9439,59.12135],[17.93464,59.11559],[17.92158,59.12018],[17.91416,59.12845],[17.93177,59.14249],[17.98483,59.15669],[18.02494,59.1412],[18.08731,59.14949],[18.10805,59.16701],[18.09922,59.18432],[18.18314,59.21083],[18.20164,59.20864],[18.24315,59.21775],[18.30499,59.18313],[18.31773,59.16497],[18.33366,59.15843],[18.40586,59.16915],[18.40954,59.17942],[18.4259,59.18504],[18.42341,59.20276],[18.43723,59.2138],[18.46839,59.21953],[18.51979,59.20093],[18.5862,59.19336],[18.56765,59.14422],[18.54784,59.14103],[18.59085,59.10311],[18.56132,59.08047],[18.54711,59.08059],[18.67367,59.00113],[18.94119,58.85713],[18.8236,58.79874],[18.36501,58.61844],[17.99333,58.8437],[18.0014,58.86431],[18.07755,58.92316],[18.07692,58.94338],[18.04241,58.95371],[18.05435,58.99584],[18.01276,59.0242],[18.00235,59.04363],[17.97824,59.04709],[17.97648,59.05242],[17.95481,59.05064],[17.94934,59.06111],[17.96067,59.08434],[17.98736,59.09668]]]}},{"type":"Feature","id":"0138","properties":{"code":"0138"},"geometry":{"type":"Polygon","coordinates":[[[18.24315,59.21775],[18.19939,59.20877],[18.18314,59.21083],[18.17445,59.21903],[18.17719,59.23243],[18.19372,59.22979],[18.20008,59.24747],[18.19014,59.24704],[18.26447,59.25265],[18.28005,59.26294],[18.38534,59.23149],[18.3889,59.26354],[18.41824,59.2414],[18.46839,59.21953],[18.43723,59.2138],[18.42341,59.20276],[18.4259,59.18504],[18.40954,59.17942],[18.40586,59.16915],[18.33366,59.15843],[18.31773,59.16497],[18.30499,59.18313],[18.24315,59.21775]]]}},{"type":"Feature","id":"0139","properties":{"code":"0139"},"geometry":{"type":"Polygon","coordinates":[[[17.79738,59.58427],[17.80731,59.57557],[17.81091,59.53411],[17.83569,59.52712],[17.79925,59.5089],[17.79735,59.4673],[17.75985,59.42957],[17.72547,59.41848],[17.63678,59.45157],[17.6067,59.42822],[17.58319,59.43033],[17.56433,59.44211],[17.50435,59.44054],[17.50243,59.45926],[17.46482,59.5074],[17.51639,59.51796],[17.54522,59.54427],[17.56856,59.5404],[17.58108,59.54974],[17.57845,59.55928],[17.52796,59.58909],[17.51356,59.61155],[17.51614,59.6236],[17.53961,59.63526],[17.57483,59.63869],[17.59045,59.64976],[17.60337,59.64087],[17.64141,59.63416],[17.67053,59.61558],[17.79738,59.58427]]]}},{"type":"Feature","id":"0140","properties":{"code":"0140"},"geometry":{"type":"Polygon","coordinates":[[[17.43365,59.23569],[17.48258,59.22387],[17.53354,59.23068],[17.56212,59.20568],[17.55941,59.19551],[17.54416,59.18882],[17.54694,59.17966],[17.50311,59.17562],[17.49833,59.15892],[17.48324,59.15169],[17.49474,59.13567],[17.47469,59.12859],[17.47132,59.1193],[17.46148,59.13693],[17.45271,59.13462],[17.45955,59.12267],[17.32309,59.14172],[17.29715,59.16434],[17.2572,59.1802],[17.26895,59.18261],[17.26479,59.1926],[17.24442,59.20415],[17.24649,59.21923],[17.26157,59.2226],[17.27482,59.24555],[17.30893,59.25213],[17.31037,59.26633],[17.34156,59.2736],[17.35333,59.25875],[17.34523,59.25402],[17.39841,59.24159],[17.4193,59.24974],[17.43365,59.23569]]]}},{"type":"Feature","id":"0160","properties":{"code":"0160"},"geometry":{"type":"Polygon","coordinates":[[[18.12178,59.41218],[18.05285,59.424],[18.0528,59.43746],[18.00698,59.44138],[17.99606,59.45732],[18.00288,59.47996],[17.98494,59.48567],[17.98171,59.49773],[18.00146,59.50868],[18.10969,59.5028],[18.14706,59.48564],[18.14203,59.47776],[18.15366,59.46784],[18.1382,59.44952],[18.14612,59.43716],[18.12178,59.41218]]]}},{"type":"Feature","id":"0162","properties":{"code":"0162"},"geometry":{"type":"Polygon","coordinates":[[[18.09292,59.37882],[18.10445,59.37441],[18.10251,59.36541],[18.05874,59.3755],[18.00587,59.39981],[17.9915,59.41793],[18.01084,59.42735],[17.99845,59.43887],[18.0528,59.43746],[18.05285,59.424],[18.08267,59.42341],[18.09447,59.41547],[18.12178,59.41218],[18.1194,59.39393],[18.10005,59.39412],[18.09292,59.37882]]]}},{"type":"Feature","id":"0163","properties":{"code":"0163"},"geometry":{"type":"Polygon","coordinates":[[[17.98175,59.39512],[17.90284,59.44009],[17.88918,59.43163],[17.89384,59.42662],[17.87804,59.42829],[17.87349,59.45074],[17.84416,59.45427],[17.84565,59.46167],[17.8243,59.46832],[17.83267,59.47566],[17.86397,59.48048],[17.86737,59.49216],[17.90796,59.4832],[17.92679,59.49609],[17.99787,59.45662],[18.00698,59.44138],[17.99845,59.43887],[18.01084,59.42735],[17.9915,59.41793],[18.00587,59.39981],[17.98175,59.39512]]]}},{"type":"Feature","id":"0180","properties":{"code":"0180"},"geometry":{"type":"Polygon","coordinates":[[[17.94797,59.28775],[17.90631,59.26851],[17.8779,59.26811],[17.86349,59.27454],[17.8653,59.28622],[17.88623,59.28715],[17.95483,59.3107],[17.8394,59.35253],[17.81621,59.35818],[17.79629,59.35512],[17.76069,59.39177],[17.77947,59.39843],[17.79869,59.39051],[17.81715,59.39918],[17.82491,59.38171],[17.83974,59.38128],[17.89601,59.41157],[17.88845,59.4302],[17.90114,59.44028],[17.9198,59.43393],[17.92417,59.42029],[17.95289,59.41043],[17.97615,59.39953],[17.95488,59.39793],[17.92767,59.37463],[17.98146,59.34504],[18.02477,59.33936],[18.04901,59.35684],[18.03639,59.37142],[18.07111,59.37478],[18.09548,59.36974],[18.12617,59.34766],[18.16056,59.3346],[18.16032,59.32084],[18.1054,59.31372],[18.11061,59.30196],[18.13014,59.30127],[18.11935,59.29383],[18.15207,59.27379],[18.14973,59.26575],[18.17034,59.2627],[18.1807,59.24627],[18.20008,59.24747],[18.19372,59.22979],[18.13367,59.2424],[18.10803,59.22725],[18.08139,59.23174],[18.05223,59.24672],[17.96343,59.26846],[17.94797,59.28775]]]}},{"type":"Feature","id":"0181","properties":{"code":"0181"},"geometry":{"type":"Polygon","coordinates":[[[17.55448,58.98267],[17.44329,58.99502],[17.43924,58.98125],[17.37517,58.98236],[17.34686,59.02909],[17.33373,59.03184],[17.31921,59.0491],[17.32595,59.07018],[17.31208,59.07926],[17.31677,59.1449],[17.42573,59.12389],[17.45955,59.12267],[17.45271,59.13462],[17.46148,59.13693],[17.47132,59.1193],[17.47469,59.12859],[17.49474,59.13567],[17.48324,59.15169],[17.49833,59.15892],[17.50311,59.17562],[17.54694,59.17966],[17.54416,59.18882],[17.55941,59.19551],[17.56212,59.20568],[17.53354,59.23068],[17.48258,59.22387],[17.44646,59.23028],[17.42287,59.24005],[17.4193,59.24974],[17.39841,59.24159],[17.34523,59.25402],[17.35333,59.25875],[17.34156,59.2736],[17.35058,59.31993],[17.33505,59.35174],[17.42561,59.35135],[17.4379,59.33948],[17.46332,59.33833],[17.47312,59.32388],[17.46799,59.30766],[17.49806,59.30512],[17.51548,59.29527],[17.56827,59.29183],[17.56223,59.26963],[17.59759,59.25126],[17.61312,59.25011],[17.61738,59.25677],[17.64735,59.25256],[17.65927,59.25607],[17.65882,59.24278],[17.685,59.23862],[17.66392,59.2334],[17.63884,59.2394],[17.63793,59.22567],[17.6629,59.21472],[17.68351,59.22102],[17.7051,59.20153],[17.70886,59.18013],[17.73789,59.18146],[17.7428,59.17161],[17.7318,59.16952],[17.7407,59.16595],[17.72651,59.14688],[17.68217,59.13264],[17.69522,59.10164],[17.67406,59.09879],[17.66298,59.08756],[17.69968,59.0443],[17.71439,59.0445],[17.7294,59.0147],[17.71735,58.96038],[17.72533,58.94259],[17.7111,58.91764],[17.71742,58.90562],[17.70864,58.88433],[17.72712,58.84287],[17.71785,58.8153],[17.66963,58.82624],[17.65213,58.85998],[17.66071,58.86652],[17.65133,58.87526],[17.65464,58.89339],[17.63197,58.90321],[17.62532,58.93499],[17.55925,58.95181],[17.54292,58.96781],[17.55448,58.98267]]]}},{"type":"Feature","id":"0182","properties":{"code":"0182"},"geometry":{"type":"Polygon","coordinates":[[[18.28005,59.26294],[18.26447,59.25265],[18.1807,59.24627],[18.17034,59.2627],[18.14973,59.26575],[18.15207,59.27379],[18.12331,59.28837],[18.13014,59.30127],[18.11061,59.30196],[18.1054,59.31372],[18.17759,59.32487],[18.26206,59.3607],[18.32477,59.369],[18.37376,59.3383],[18.34125,59.32899],[18.32774,59.3318],[18.32056,59.28592],[18.32559,59.27901],[18.3889,59.26354],[18.38534,59.23149],[18.28005,59.26294]]]}},{"type":"Feature","id":"0183","properties":{"code":"0183"},"geometry":{"type":"Polygon","coordinates":[[[17.9658,59.3552],[17.92801,59.37704],[17.95336,59.39711],[17.97078,59.40144],[17.98104,59.39356],[17.96209,59.39002],[17.98498,59.37886],[17.98061,59.36155],[17.9658,59.3552]]]}},{"type":"Feature","id":"0184","properties":{"code":"0184"},"geometry":{"type":"Polygon","coordinates":[[[18.02477,59.33936],[17.96649,59.35384],[17.98061,59.36155],[17.98498,59.37886],[17.96209,59.39002],[18.00587,59.39981],[18.05874,59.3755],[18.03639,59.37142],[18.049,59.35722],[18.04329,59.35018],[18.02477,59.33936]]]}},{"type":"Feature","id":"0186","properties":{"code":"0186"},"geometry":{"type":"Polygon","coordinates":[[[18.16056,59.3346],[18.0879,59.38201],[18.10005,59.39412],[18.1194,59.39393],[18.12159,59.40562],[18.14294,59.40399],[18.15763,59.38991],[18.30352,59.37244],[18.18936,59.33434],[18.17759,59.32487],[18.16389,59.32533],[18.16056,59.3346]]]}},{"type":"Feature","id":"0187","properties":{"code":"0187"},"geometry":{"type":"Polygon","coordinates":[[[18.43886,59.38638],[18.44058,59.35213],[18.40678,59.362],[18.29874,59.36868],[18.30352,59.37244],[18.15763,59.38991],[18.14294,59.40399],[18.12159,59.40562],[18.12178,59.41218],[18.16864,59.4346],[18.18596,59.4318],[18.19107,59.42109],[18.2097,59.41406],[18.22444,59.43312],[18.29378,59.42965],[18.31888,59.45055],[18.36083,59.43709],[18.37461,59.43997],[18.44818,59.39402],[18.43886,59.38638]]]}},{"type":"Feature","id":"0188","properties":{"code":"0188"},"geometry":{"type":"Polygon","coordinates":[[[18.726,59.58232],[18.67118,59.57356],[18.6426,59.59448],[18.6323,59.57887],[18.60805,59.58705],[18.5964,59.58289],[18.58225,59.59993],[18.55331,59.58585],[18.54929,59.59465],[18.49989,59.59008],[18.49306,59.59734],[18.47985,59.58612],[18.48833,59.57457],[18.47271,59.5714],[18.47264,59.56379],[18.46907,59.56706],[18.44528,59.55948],[18.42731,59.59202],[18.38726,59.60265],[18.39202,59.62023],[18.37448,59.63035],[18.38945,59.65141],[18.35325,59.66166],[18.32078,59.68914],[18.29905,59.67672],[18.28587,59.68632],[18.2252,59.66804],[18.15879,59.66834],[18.15329,59.68356],[18.11944,59.69702],[18.14095,59.71643],[18.09299,59.72533],[18.08517,59.73856],[18.10888,59.75911],[18.11963,59.8048],[18.13069,59.81908],[18.1977,59.83154],[18.21968,59.82818],[18.24871,59.83333],[18.27341,59.85059],[18.36474,59.86451],[18.36314,59.87273],[18.40321,59.89288],[18.37715,59.9364],[18.39028,59.95362],[18.42337,59.95633],[18.42722,59.98186],[18.46216,59.99369],[18.47336,60.0043],[18.38845,60.04123],[18.44479,60.05861],[18.45081,60.0772],[18.49198,60.10388],[18.49342,60.13825],[18.51277,60.14578],[18.51421,60.16067],[18.59317,60.16335],[18.6768,60.15509],[18.67702,60.167],[18.69309,60.16567],[18.69299,60.1761],[18.67273,60.19462],[18.696,60.20071],[18.69665,60.20687],[18.6786,60.23127],[18.68361,60.23933],[18.90585,60.27804],[19.13214,60.30071],[19.0832,60.19168],[20.00838,59.54746],[19.9011,59.39789],[19.88135,59.35332],[19.84647,59.31561],[19.76763,59.26797],[19.59315,59.20725],[19.37147,59.3715],[19.28567,59.39322],[19.31821,59.44545],[19.35129,59.46144],[19.35867,59.4846],[19.28979,59.50353],[19.26516,59.50293],[19.24307,59.49596],[19.2056,59.46945],[19.06712,59.49616],[19.02731,59.51413],[19.00201,59.51573],[18.96691,59.53914],[18.92733,59.53775],[18.91583,59.54539],[18.85228,59.54689],[18.83782,59.55727],[18.73735,59.54959],[18.73412,59.57657],[18.726,59.58232]]]}},{"type":"Feature","id":"0191","properties":{"code":"0191"},"geometry":{"type":"Polygon","coordinates":[[[17.70629,59.60654],[17.57448,59.65586],[17.57943,59.66404],[17.62678,59.67485],[17.62954,59.69421],[17.7223,59.68405],[17.72836,59.66352],[17.73997,59.66622],[17.75269,59.66051],[17.77834,59.69063],[17.81601,59.67798],[17.83293,59.68068],[17.83257,59.68989],[17.85065,59.69777],[17.90412,59.71204],[17.94656,59.71106],[17.98393,59.72922],[17.99903,59.72864],[18.00092,59.73694],[18.02035,59.74533],[18.04349,59.73391],[18.05089,59.74361],[18.08228,59.73951],[18.09299,59.72533],[18.14095,59.71643],[18.11944,59.69702],[18.15329,59.68356],[18.0888,59.65631],[18.09594,59.63672],[18.01534,59.63782],[18.00967,59.57689],[18.02882,59.56778],[18.01336,59.57077],[17.97565,59.56379],[17.97077,59.54851],[17.96952,59.55935],[17.94576,59.55585],[17.91994,59.56406],[17.89459,59.55327],[17.87289,59.55205],[17.85021,59.5585],[17.84756,59.56958],[17.80731,59.57556],[17.7728,59.59183],[17.70629,59.60654]]]}},{"type":"Feature","id":"0192","properties":{"code":"0192"},"geometry":{"type":"Polygon","coordinates":[[[18.05435,58.99584],[18.04241,58.95371],[18.07426,58.94683],[18.07755,58.92316],[18.0014,58.86431],[17.99333,58.8437],[18.36501,58.61844],[18.16732,58.53964],[17.95122,58.48889],[17.79531,58.67143],[17.7867,58.77789],[17.72521,58.79794],[17.71785,58.8153],[17.72712,58.84287],[17.70864,58.88433],[17.71742,58.90562],[17.7111,58.91764],[17.72533,58.94259],[17.71735,58.96038],[17.7294,59.0147],[17.71439,59.0445],[17.74564,59.06334],[17.73983,59.08301],[17.75198,59.09231],[17.76068,59.09737],[17.78848,59.08984],[17.82232,59.09438],[17.8302,59.08876],[17.86983,59.08494],[17.91359,59.10331],[17.91588,59.10774],[17.9034,59.10722],[17.91439,59.11084],[17.91181,59.11824],[17.92612,59.1207],[17.93464,59.11559],[17.9439,59.12135],[17.96273,59.11718],[17.98736,59.09668],[17.96067,59.08434],[17.94934,59.06111],[17.95481,59.05064],[17.99678,59.04776],[18.01276,59.0242],[18.05435,58.99584]]]}},{"type":"Feature","id":"0305","properties":{"code":"0305"},"geometry":{"type":"Polygon","coordinates":[[[17.57845,59.55928],[17.58108,59.54974],[17.56856,59.5404],[17.54522,59.54427],[17.51639,59.51796],[17.46482,59.5074],[17.37778,59.59728],[17.39832,59.649],[17.38216,59.66482],[17.42188,59.6596],[17.47411,59.66644],[17.48853,59.68118],[17.50892,59.68366],[17.50803,59.69362],[17.542,59.71558],[17.53857,59.73329],[17.60991,59.74473],[17.65318,59.7292],[17.62727,59.69699],[17.62678,59.67485],[17.57575,59.66213],[17.58824,59.64696],[17.57161,59.63784],[17.53961,59.63526],[17.51614,59.6236],[17.51356,59.61155],[17.52796,59.58909],[17.57845,59.55928]]]}},{"type":"Feature","id":"0319","properties":{"code":"0319"},"geometry":{"type":"Polygon","coordinates":[[[17.30272,60.5089],[17.38189,60.67694],[17.39559,60.68576],[17.7095,60.70837],[17.95716,60.90691],[18.10156,60.85203],[17.71612,60.60392],[17.65973,60.59955],[17.54573,60.56415],[17.51535,60.56209],[17.47964,60.53933],[17.5109,60.53353],[17.51505,60.52651],[17.49447,60.51334],[17.50245,60.50899],[17.43383,60.46346],[17.4082,60.45979],[17.39369,60.46213],[17.39514,60.46735],[17.36328,60.46642],[17.35482,60.47322],[17.35036,60.46765],[17.32091,60.47026],[17.32311,60.44751],[17.28783,60.44681],[17.30272,60.5089]]]}},{"type":"Feature","id":"0330","properties":{"code":"0330"},"geometry":{"type":"Polygon","coordinates":[[[17.83657,59.69217],[17.81601,59.67798],[17.77834,59.69063],[17.75223,59.66052],[17.74023,59.66618],[17.72836,59.66352],[17.7223,59.68405],[17.62954,59.69421],[17.65318,59.7292],[17.60991,59.74473],[17.61341,59.76134],[17.62206,59.7731],[17.66046,59.78617],[17.66733,59.79654],[17.67221,59.77658],[17.694,59.76573],[17.7569,59.77784],[17.77096,59.80052],[17.80436,59.82389],[17.87945,59.81383],[17.92581,59.81684],[17.96958,59.80647],[18.00663,59.81179],[18.02676,59.82806],[18.06537,59.80939],[18.15297,59.82251],[18.13069,59.81908],[18.10436,59.76699],[18.10888,59.75911],[18.08517,59.73856],[18.05089,59.74361],[18.04349,59.73391],[18.02035,59.74533],[18.00092,59.73694],[17.99903,59.72864],[17.98393,59.72922],[17.94656,59.71106],[17.89476,59.71058],[17.83657,59.69217]]]}},{"type":"Feature","id":"0331","properties":{"code":"0331"},"geometry":{"type":"Polygon","coordinates":[[[17.16001,60.00663],[17.0846,59.99064],[17.07985,59.97223],[17.12442,59.9711],[17.12772,59.96675],[17.12786,59.88791],[17.11845,59.88854],[17.11885,59.88307],[17.02106,59.83019],[17.00114,59.82904],[16.96097,59.8624],[16.93329,59.86747],[16.91739,59.8631],[16.90979,59.86838],[16.85743,59.86385],[16.77792,59.89],[16.77778,59.90571],[16.80212,59.90868],[16.79433,59.94587],[16.79071,59.94253],[16.77679,59.95533],[16.7678,59.94945],[16.7614,59.95335],[16.77165,59.96381],[16.7892,59.96576],[16.73823,59.98287],[16.7337,60.00202],[16.72365,60.00124],[16.71618,60.01086],[16.72747,60.04337],[16.69197,60.08334],[16.71417,60.08937],[16.70516,60.10896],[16.73231,60.11259],[16.7275,60.12087],[16.7473,60.13594],[16.70479,60.19509],[16.77904,60.18992],[16.79947,60.19958],[16.80261,60.21212],[16.84182,60.21684],[16.8535,60.22573],[16.90491,60.23949],[16.88821,60.24451],[16.88623,60.25356],[16.91216,60.26938],[16.90888,60.2815],[16.96175,60.28731],[16.9686,60.29525],[16.98052,60.29527],[17.00206,60.27492],[17.05847,60.27297],[17.08241,60.25921],[17.1129,60.26932],[17.1031,60.28083],[17.13046,60.28793],[17.15755,60.28742],[17.18072,60.29863],[17.20952,60.3027],[17.27078,60.27356],[17.28455,60.2587],[17.34584,60.24565],[17.37511,60.22844],[17.3161,60.11314],[17.29775,60.10599],[17.30869,60.0861],[17.30273,60.06454],[17.27933,60.04369],[17.25225,60.03858],[17.20675,60.0448],[17.16001,60.00663]]]}},{"type":"Feature","id":"0360","properties":{"code":"0360"},"geometry":{"type":"Polygon","coordinates":[[[17.75672,60.2035],[17.70247,60.15097],[17.71586,60.13439],[17.61617,60.11366],[17.61107,60.10654],[17.62662,60.09669],[17.59871,60.09698],[17.59178,60.08875],[17.57331,60.08945],[17.56206,60.10005],[17.55796,60.09626],[17.51364,60.13446],[17.47928,60.18624],[17.4713,60.17676],[17.46379,60.1789],[17.44128,60.16843],[17.45481,60.16581],[17.43601,60.15465],[17.41118,60.15462],[17.40476,60.14248],[17.37262,60.1448],[17.36714,60.15191],[17.32176,60.1335],[17.37511,60.22844],[17.34584,60.24565],[17.28455,60.2587],[17.27078,60.27356],[17.20952,60.3027],[17.19382,60.30081],[17.19678,60.34511],[17.21361,60.36499],[17.19955,60.36575],[17.19933,60.37854],[17.18908,60.38227],[17.19553,60.41048],[17.21733,60.41962],[17.21764,60.43396],[17.25383,60.43521],[17.25661,60.42447],[17.28783,60.44681],[17.32311,60.44751],[17.32091,60.47026],[17.35036,60.46765],[17.35482,60.47322],[17.36328,60.46642],[17.39514,60.46735],[17.39369,60.46213],[17.4082,60.45979],[17.43383,60.46346],[17.50245,60.50899],[17.49447,60.51334],[17.51505,60.52651],[17.5109,60.53353],[17.47964,60.53933],[17.51535,60.56209],[17.54573,60.56415],[17.65973,60.59955],[17.71612,60.60392],[18.10156,60.85203],[18.2229,60.81213],[18.47622,60.76929],[18.21968,60.45705],[18.1007,60.43158],[18.04508,60.40072],[17.99892,60.40147],[17.97913,60.39614],[17.96627,60.32945],[17.93121,60.3298],[17.92003,60.30725],[17.87252,60.30116],[17.87237,60.30831],[17.8635,60.29768],[17.83308,60.29169],[17.8375,60.28602],[17.82294,60.28874],[17.82705,60.28035],[17.79845,60.25106],[17.79766,60.22918],[17.7766,60.23119],[17.77127,60.22287],[17.78638,60.22001],[17.75833,60.22018],[17.75672,60.2035]]]}},{"type":"Feature","id":"0380","properties":{"code":"0380"},"geometry":{"type":"Polygon","coordinates":[[[17.62206,59.7731],[17.60991,59.74473],[17.56521,59.73406],[17.40951,59.73212],[17.39319,59.77284],[17.3706,59.78966],[17.35501,59.78281],[17.31459,59.79333],[17.28152,59.78379],[17.21347,59.83294],[17.19006,59.82544],[17.19089,59.8311],[17.15621,59.84535],[17.16989,59.8635],[17.14706,59.86886],[17.13825,59.88091],[17.11875,59.88247],[17.11845,59.88854],[17.12786,59.88791],[17.12772,59.96675],[17.12442,59.9711],[17.07985,59.97223],[17.0846,59.99064],[17.14738,60.00079],[17.20675,60.0448],[17.25225,60.03858],[17.27933,60.04369],[17.30273,60.06454],[17.30869,60.0861],[17.29775,60.10599],[17.3161,60.11314],[17.32176,60.1335],[17.36714,60.15191],[17.37262,60.1448],[17.40476,60.14248],[17.41118,60.15462],[17.43601,60.15465],[17.45481,60.16581],[17.44128,60.16843],[17.46379,60.1789],[17.4713,60.17676],[17.47928,60.18624],[17.51364,60.13446],[17.57331,60.08945],[17.59178,60.08875],[17.59871,60.09698],[17.62662,60.09669],[17.61318,60.11223],[17.71586,60.13439],[17.71218,60.14134],[17.73655,60.1354],[17.74214,60.14042],[17.74514,60.12798],[17.75704,60.12581],[17.78176,60.14108],[17.7942,60.13928],[17.80353,60.14949],[17.85198,60.13593],[17.84592,60.11156],[17.86081,60.10903],[17.84479,60.1033],[17.8881,60.10328],[17.8848,60.10837],[17.89849,60.1141],[17.90364,60.08718],[17.89041,60.07325],[17.90689,60.05923],[17.91526,60.06328],[17.98539,60.05852],[18.02366,60.02281],[18.0373,60.02328],[18.03824,60.03329],[18.06484,60.03547],[18.04911,60.04333],[18.06633,60.04957],[18.23184,60.02314],[18.2329,60.03011],[18.2489,60.03338],[18.33891,60.03842],[18.31914,60.06139],[18.35043,60.06585],[18.38877,60.05899],[18.39496,60.03589],[18.47336,60.0043],[18.46216,59.99369],[18.42722,59.98186],[18.42337,59.95633],[18.3949,59.95549],[18.38389,59.94568],[18.37804,59.93097],[18.4045,59.89439],[18.36314,59.87273],[18.36474,59.86451],[18.27341,59.85059],[18.24871,59.83333],[18.21968,59.82818],[18.1977,59.83154],[18.097,59.81144],[18.05756,59.81119],[18.05269,59.81986],[18.02676,59.82806],[18.00663,59.81179],[17.96958,59.80647],[17.92581,59.81684],[17.87945,59.81383],[17.80436,59.82389],[17.77096,59.80052],[17.7569,59.77784],[17.694,59.76573],[17.67221,59.77658],[17.66733,59.79654],[17.66046,59.78617],[17.62206,59.7731]]]}},{"type":"Feature","id":"0381","properties":{"code":"0381"},"geometry":{"type":"Polygon","coordinates":[[[17.08388,59.53071],[17.064,59.511],[17.04598,59.51628],[17.03016,59.5084],[16.96591,59.52035],[16.9213,59.54763],[16.85414,59.66764],[16.8201,59.69227],[16.81595,59.71023],[16.78372,59.71855],[16.77577,59.74645],[16.72753,59.77489],[16.76526,59.80248],[16.7886,59.80672],[16.78391,59.81039],[16.81121,59.81993],[16.79991,59.82485],[16.81809,59.83647],[16.80101,59.8441],[16.83713,59.86155],[16.80051,59.86962],[16.79901,59.8815],[16.85743,59.86385],[16.90979,59.86838],[16.91739,59.8631],[16.93329,59.86747],[16.96097,59.8624],[17.00114,59.82904],[17.01242,59.82814],[17.04258,59.83758],[17.03846,59.8416],[17.0775,59.85857],[17.11117,59.884],[17.13825,59.88091],[17.14706,59.86886],[17.16989,59.8635],[17.15621,59.84535],[17.19089,59.8311],[17.19006,59.82544],[17.21347,59.83294],[17.28152,59.78379],[17.31459,59.79333],[17.35501,59.78281],[17.3706,59.78966],[17.39319,59.77284],[17.40951,59.73212],[17.53857,59.73329],[17.542,59.71558],[17.50803,59.69362],[17.50892,59.68366],[17.48853,59.68118],[17.47411,59.66644],[17.42188,59.6596],[17.38216,59.66482],[17.39832,59.649],[17.37778,59.59728],[17.39939,59.56946],[17.43368,59.54661],[17.50264,59.45748],[17.50435,59.44054],[17.45311,59.44653],[17.43571,59.44174],[17.42621,59.42787],[17.43301,59.39583],[17.4151,59.38347],[17.38336,59.39685],[17.38908,59.41407],[17.36496,59.41663],[17.35391,59.43778],[17.31119,59.43768],[17.20782,59.4626],[17.15904,59.48534],[17.14154,59.51624],[17.11784,59.52627],[17.08388,59.53071]]]}},{"type":"Feature","id":"0382","properties":{"code":"0382"},"geometry":{"type":"Polygon","coordinates":[[[18.31914,60.06139],[18.33891,60.03842],[18.2489,60.03338],[18.2329,60.03011],[18.23184,60.02314],[18.06633,60.04957],[18.04911,60.04333],[18.06484,60.03547],[18.03824,60.03329],[18.0373,60.02328],[18.02366,60.02281],[17.98539,60.05852],[17.91526,60.06328],[17.90689,60.05923],[17.89041,60.07325],[17.90364,60.08718],[17.89849,60.1141],[17.8848,60.10837],[17.8881,60.10328],[17.84479,60.1033],[17.86081,60.10903],[17.84592,60.11156],[17.85198,60.13593],[17.84311,60.14008],[17.80353,60.14949],[17.7942,60.13928],[17.78176,60.14108],[17.75704,60.12581],[17.74514,60.12798],[17.74214,60.14042],[17.73655,60.1354],[17.71218,60.14134],[17.70247,60.15097],[17.73495,60.1763],[17.75833,60.22018],[17.78638,60.22001],[17.77127,60.22287],[17.7766,60.23119],[17.79766,60.22918],[17.79845,60.25106],[17.82705,60.28035],[17.82294,60.28874],[17.8375,60.28602],[17.83308,60.29169],[17.8635,60.29768],[17.87237,60.30831],[17.87252,60.30116],[17.92003,60.30725],[17.93121,60.3298],[17.96627,60.32945],[17.97913,60.39614],[17.99892,60.40147],[18.04508,60.40072],[18.1007,60.43158],[18.21968,60.45705],[18.47622,60.76929],[19.03437,60.67363],[19.13696,60.63677],[19.20793,60.58907],[19.13335,60.3005],[18.90585,60.27804],[18.68361,60.23933],[18.6786,60.23127],[18.69665,60.20687],[18.696,60.20071],[18.67273,60.19462],[18.69299,60.1761],[18.69309,60.16567],[18.67702,60.167],[18.6768,60.15509],[18.59317,60.16335],[18.51421,60.16067],[18.51277,60.14578],[18.49342,60.13825],[18.49198,60.10388],[18.45081,60.0772],[18.44479,60.05861],[18.38848,60.04127],[18.3968,60.0455],[18.38877,60.05899],[18.35043,60.06585],[18.31914,60.06139]]]}},{"type":"Feature","id":"0428","properties":{"code":"0428"},"geometry":{"type":"Polygon","coordinates":[[[16.09075,59.00537],[16.00716,58.97889],[15.98643,58.95263],[15.97405,58.95321],[15.96741,58.94716],[15.91153,58.96241],[15.88244,58.97915],[15.88339,58.98752],[15.86545,58.99056],[15.8721,58.99953],[15.8429,59.01494],[15.82075,59.01843],[15.78221,58.98482],[15.7804,58.96922],[15.76182,58.96374],[15.76443,58.95654],[15.74121,58.95097],[15.72074,58.98958],[15.70316,58.98485],[15.68719,58.98939],[15.68763,58.98197],[15.66531,58.98203],[15.65031,58.99614],[15.65572,59.01155],[15.63112,59.01128],[15.61667,59.02304],[15.64098,59.03453],[15.63229,59.03679],[15.63991,59.05411],[15.71051,59.07742],[15.71612,59.0849],[15.70108,59.09445],[15.70727,59.10101],[15.79425,59.10971],[15.78773,59.13663],[15.79821,59.13698],[15.76909,59.18372],[15.94293,59.16344],[16.01309,59.1488],[16.03747,59.12916],[16.04619,59.10294],[16.09731,59.07326],[16.10935,59.05542],[16.14406,59.03988],[16.15765,59.02135],[16.11023,59.02263],[16.09075,59.00537]]]}},{"type":"Feature","id":"0461","properties":{"code":"0461"},"geometry":{"type":"Polygon","coordinates":[[[17.31921,59.0491],[17.33373,59.03184],[17.34686,59.02909],[17.41054,58.94535],[17.38509,58.9337],[17.35736,58.93322],[17.33457,58.91645],[17.31401,58.93673],[17.28444,58.94322],[17.27155,58.95507],[17.22027,58.95086],[17.20674,58.96913],[17.17298,58.98186],[17.15421,58.97469],[17.11728,58.98253],[17.07694,59.00462],[17.07599,59.01253],[17.05676,59.02106],[17.04061,59.01811],[17.01549,59.02793],[17.0185,59.03248],[17.00954,59.03043],[17.02902,59.04098],[17.00417,59.03968],[17.0024,59.0341],[16.99476,59.03794],[17.00423,59.04875],[16.99623,59.04797],[16.98041,59.0674],[16.9716,59.06573],[16.88062,59.11183],[16.91267,59.13529],[16.88235,59.15092],[16.93715,59.2051],[17.18004,59.19541],[17.22373,59.17604],[17.29715,59.16434],[17.32186,59.13717],[17.31208,59.07926],[17.32595,59.07018],[17.31921,59.0491]]]}},{"type":"Feature","id":"0480","properties":{"code":"0480"},"geometry":{"type":"Polygon","coordinates":[[[17.01837,58.66943],[17.08678,58.63465],[17.06983,58.59066],[17.01642,58.59005],[16.97243,58.58099],[16.89009,58.60099],[16.82738,58.59427],[16.74995,58.6271],[16.75843,58.63019],[16.68978,58.67562],[16.64884,58.68188],[16.63919,58.67552],[16.62827,58.68993],[16.5845,58.69793],[16.42702,58.6972],[16.41771,58.70305],[16.3858,58.70359],[16.37717,58.70815],[16.36864,58.75284],[16.32745,58.77957],[16.30459,58.76833],[16.29518,58.77608],[16.3103,58.79154],[16.28932,58.80071],[16.26906,58.82557],[16.34688,58.7955],[16.43196,58.78214],[16.46412,58.77007],[16.50258,58.76909],[16.5794,58.78739],[16.59149,58.78363],[16.60411,58.81672],[16.62572,58.82533],[16.60566,58.84813],[16.55465,58.87315],[16.5857,58.89314],[16.63165,58.87898],[16.66887,58.8894],[16.6585,58.90608],[16.67352,58.8963],[16.72548,58.89373],[16.73345,58.92988],[16.76731,58.93405],[16.80343,58.94857],[16.88842,58.94329],[16.86956,58.96212],[16.88261,58.98909],[16.97825,59.03038],[17.04061,59.01811],[17.05676,59.02106],[17.11728,58.98253],[17.15421,58.97469],[17.17298,58.98186],[17.20674,58.96913],[17.22027,58.95086],[17.27155,58.95507],[17.28444,58.94322],[17.31401,58.93673],[17.33457,58.91645],[17.35736,58.93322],[17.38496,58.93422],[17.37952,58.91396],[17.39238,58.89298],[17.38931,58.88268],[17.35799,58.87066],[17.36403,58.83036],[17.38223,58.82864],[17.38804,58.82237],[17.39799,58.8281],[17.39896,58.82151],[17.42654,58.80964],[17.42787,58.77499],[17.46844,58.78385],[17.48372,58.7724],[17.57093,58.74141],[17.57437,58.69186],[17.61518,58.67562],[17.87473,58.47101],[17.81207,58.45632],[17.33915,58.66454],[17.22788,58.6947],[17.12576,58.70333],[17.07698,58.69186],[17.03294,58.69663],[17.01917,58.70615],[17.00462,58.70701],[17.00193,58.69253],[16.98806,58.69134],[16.99733,58.67946],[16.98711,58.67219],[17.01837,58.66943]]]}},{"type":"Feature","id":"0481","properties":{"code":"0481"},"geometry":{"type":"Polygon","coordinates":[[[17.33915,58.66454],[17.52503,58.58237],[17.81207,58.45632],[17.56928,58.39898],[17.14899,58.50334],[17.1465,58.53267],[17.13093,58.55007],[17.06983,58.59066],[17.08678,58.63465],[17.03222,58.66531],[16.98711,58.67219],[16.99733,58.67946],[16.98806,58.69134],[17.00193,58.69253],[17.00462,58.70701],[17.01917,58.70615],[17.03294,58.69663],[17.07698,58.69186],[17.12576,58.70333],[17.22788,58.6947],[17.33915,58.66454]]]}},{"type":"Feature","id":"0482","properties":{"code":"0482"},"geometry":{"type":"Polygon","coordinates":[[[16.88062,59.11183],[16.9716,59.06573],[16.98041,59.0674],[16.99623,59.04797],[17.00423,59.04875],[16.99476,59.03794],[17.0024,59.0341],[17.00417,59.03968],[17.02902,59.04098],[17.00954,59.03043],[17.0185,59.03248],[17.01549,59.02793],[17.04061,59.01811],[16.97825,59.03038],[16.88993,58.99331],[16.86956,58.96212],[16.88842,58.94329],[16.80343,58.94857],[16.76731,58.93405],[16.73345,58.92988],[16.72548,58.89373],[16.67352,58.8963],[16.6585,58.90608],[16.66887,58.8894],[16.65668,58.8851],[16.62827,58.87927],[16.5857,58.89314],[16.55465,58.87315],[16.49091,58.8984],[16.47128,58.89614],[16.41777,58.91771],[16.43801,58.92686],[16.48507,58.91714],[16.50676,58.93551],[16.52056,58.93233],[16.52761,58.94671],[16.49064,58.96347],[16.50199,58.97682],[16.5311,58.98194],[16.50417,58.99751],[16.51893,59.00534],[16.54434,58.99539],[16.57034,59.00407],[16.54926,59.02022],[16.56672,59.02948],[16.54113,59.0307],[16.5285,59.03689],[16.53743,59.04593],[16.51242,59.04963],[16.52435,59.08034],[16.48119,59.09018],[16.46332,59.10067],[16.45842,59.19746],[16.59523,59.20202],[16.66221,59.21662],[16.75544,59.22083],[16.74602,59.23014],[16.84017,59.23848],[16.84334,59.22647],[16.887,59.21392],[16.93549,59.21349],[16.92462,59.18643],[16.88235,59.15092],[16.91267,59.13529],[16.88062,59.11183]]]}},{"type":"Feature","id":"0483","properties":{"code":"0483"},"geometry":{"type":"Polygon","coordinates":[[[16.11023,59.02263],[16.15765,59.02135],[16.14406,59.03988],[16.10935,59.05542],[16.09731,59.07326],[16.04619,59.10294],[16.03747,59.12916],[16.01309,59.1488],[15.94293,59.16344],[15.76909,59.18372],[15.76204,59.19792],[16.02437,59.26301],[16.07407,59.24558],[16.09107,59.22019],[16.10103,59.22089],[16.10219,59.20284],[16.14155,59.20472],[16.17672,59.19751],[16.19525,59.18301],[16.19712,59.16946],[16.20815,59.16699],[16.21288,59.14536],[16.23298,59.1567],[16.33531,59.16074],[16.38139,59.19141],[16.45842,59.19746],[16.46332,59.10067],[16.48119,59.09018],[16.52435,59.08034],[16.51242,59.04963],[16.53743,59.04593],[16.5285,59.03689],[16.54113,59.0307],[16.56672,59.02948],[16.54926,59.02022],[16.57034,59.00407],[16.54434,58.99539],[16.51893,59.00534],[16.50417,58.99751],[16.5311,58.98194],[16.50199,58.97682],[16.49064,58.96347],[16.52761,58.94671],[16.52056,58.93233],[16.50676,58.93551],[16.48507,58.91714],[16.43801,58.92686],[16.41751,58.91792],[16.47128,58.89614],[16.49091,58.8984],[16.51431,58.88999],[16.6106,58.84454],[16.62572,58.82533],[16.60411,58.81672],[16.59149,58.78363],[16.5794,58.78739],[16.50258,58.76909],[16.46412,58.77007],[16.43196,58.78214],[16.35176,58.79418],[16.29369,58.81332],[16.26361,58.83223],[16.19164,58.83904],[16.18025,58.85848],[16.10218,58.88579],[16.08221,58.91954],[15.96741,58.94716],[15.97405,58.95321],[15.98643,58.95263],[16.01545,58.98301],[16.09075,59.00537],[16.11023,59.02263]]]}},{"type":"Feature","id":"0484","properties":{"code":"0484"},"geometry":{"type":"Polygon","coordinates":[[[16.59523,59.20202],[16.39018,59.19318],[16.33531,59.16074],[16.23298,59.1567],[16.21288,59.14536],[16.20815,59.16699],[16.19712,59.16946],[16.19525,59.18301],[16.17672,59.19751],[16.14155,59.20472],[16.10219,59.20284],[16.10103,59.22089],[16.09107,59.22019],[16.07407,59.24558],[16.02437,59.26301],[15.89274,59.23048],[15.86514,59.28617],[15.86788,59.2901],[15.86811,59.28051],[15.87712,59.28018],[15.88056,59.30309],[15.90251,59.29636],[15.91119,59.31563],[15.94247,59.32275],[15.93832,59.34139],[15.95437,59.34944],[16.03513,59.36926],[16.07232,59.35197],[16.15768,59.34624],[16.21033,59.35996],[16.26648,59.36195],[16.27365,59.38853],[16.30668,59.39939],[16.24968,59.40954],[16.25426,59.45246],[16.30055,59.4576],[16.3227,59.45288],[16.37151,59.46729],[16.41073,59.45976],[16.63597,59.48414],[16.66558,59.49228],[16.70241,59.48772],[16.69997,59.46583],[16.82968,59.40439],[16.8192,59.39465],[16.83454,59.39153],[16.82501,59.3567],[16.83549,59.31175],[16.82268,59.30459],[16.84723,59.301],[16.8343,59.29368],[16.84017,59.23848],[16.74602,59.23014],[16.75544,59.22083],[16.66221,59.21662],[16.59523,59.20202]]]}},{"type":"Feature","id":"0486","properties":{"code":"0486"},"geometry":{"type":"Polygon","coordinates":[[[16.82968,59.40439],[16.69997,59.46583],[16.70241,59.48772],[16.7569,59.50203],[16.8338,59.4984],[16.88451,59.47996],[16.90628,59.47958],[16.9506,59.49396],[16.96591,59.52035],[17.03016,59.5084],[17.04598,59.51628],[17.064,59.511],[17.08388,59.53071],[17.11784,59.52627],[17.14154,59.51624],[17.15904,59.48534],[17.20782,59.4626],[17.31119,59.43768],[17.35391,59.43778],[17.36496,59.41663],[17.38908,59.41407],[17.38336,59.39685],[17.4151,59.38347],[17.41092,59.36622],[17.42561,59.35135],[17.33505,59.35174],[17.35058,59.31993],[17.34779,59.27906],[17.31037,59.26633],[17.30893,59.25213],[17.27482,59.24555],[17.26157,59.2226],[17.24367,59.21458],[17.24809,59.1993],[17.26257,59.19666],[17.26689,59.18794],[17.26895,59.18261],[17.2572,59.1802],[17.27697,59.16957],[17.22373,59.17604],[17.18004,59.19541],[16.93715,59.2051],[16.92904,59.20648],[16.93549,59.21349],[16.89181,59.21296],[16.84334,59.22647],[16.8343,59.29368],[16.84723,59.301],[16.82268,59.30459],[16.83549,59.31175],[16.82501,59.3567],[16.83454,59.39153],[16.8192,59.39465],[16.82968,59.40439]]]}},{"type":"Feature","id":"0488","properties":{"code":"0488"},"geometry":{"type":"Polygon","coordinates":[[[17.62532,58.93499],[17.63197,58.90321],[17.65464,58.89339],[17.65133,58.87526],[17.66071,58.86652],[17.65213,58.85998],[17.66963,58.82624],[17.71785,58.8153],[17.72521,58.79794],[17.7867,58.77789],[17.79531,58.67143],[17.95122,58.48889],[17.87473,58.47101],[17.61518,58.67562],[17.57437,58.69186],[17.57093,58.74141],[17.48372,58.7724],[17.46844,58.78385],[17.42787,58.77499],[17.42654,58.80964],[17.39896,58.82151],[17.39799,58.8281],[17.38804,58.82237],[17.38223,58.82864],[17.36403,58.83036],[17.35579,58.8408],[17.35799,58.87066],[17.38931,58.88268],[17.37952,58.91396],[17.38509,58.9337],[17.41054,58.94535],[17.37517,58.98236],[17.38304,58.98485],[17.43924,58.98125],[17.44329,58.99502],[17.5119,58.98127],[17.55448,58.98267],[17.54292,58.96781],[17.55845,58.95245],[17.62532,58.93499]]]}},{"type":"Feature","id":"0509","properties":{"code":"0509"},"geometry":{"type":"Polygon","coordinates":[[[14.69032,58.32859],[14.70093,58.33421],[14.71467,58.331],[14.75464,58.33796],[14.77049,58.34747],[14.81819,58.3468],[14.83452,58.35496],[14.858,58.32516],[14.87229,58.32382],[14.86801,58.31684],[14.85279,58.31582],[14.8529,58.3064],[14.86468,58.28204],[14.88109,58.28758],[14.86336,58.27277],[14.86304,58.2727],[14.86338,58.27323],[14.86353,58.27375],[14.86353,58.27403],[14.86339,58.27456],[14.8612,58.27814],[14.86258,58.27266],[14.8602,58.27799],[14.84677,58.27735],[14.85719,58.2759],[14.87001,58.26011],[14.89002,58.26346],[14.8855,58.24306],[14.87152,58.23394],[14.8835,58.22891],[14.86429,58.2105],[14.86893,58.18524],[14.8791,58.18245],[14.87835,58.16482],[14.89779,58.1627],[14.9147,58.16918],[14.91896,58.14487],[14.93279,58.14014],[14.89432,58.1416],[14.89232,58.12387],[14.91678,58.12024],[14.91489,58.1112],[14.89729,58.11177],[14.88654,58.09886],[14.89778,58.08533],[14.88582,58.08511],[14.88349,58.09108],[14.80878,58.08269],[14.76564,58.08614],[14.75923,58.10382],[14.7228,58.09794],[14.59338,58.09854],[14.57096,58.10746],[14.54964,58.10514],[14.46827,58.13109],[14.41774,58.19106],[14.52043,58.35596],[14.67049,58.3494],[14.66393,58.33744],[14.69032,58.32859]]]}},{"type":"Feature","id":"0512","properties":{"code":"0512"},"geometry":{"type":"Polygon","coordinates":[[[15.36808,57.9712],[15.42275,57.95775],[15.41205,57.91643],[15.42437,57.89823],[15.41585,57.88809],[15.45885,57.88469],[15.45971,57.87002],[15.53046,57.85192],[15.51515,57.81288],[15.53515,57.80208],[15.55421,57.7726],[15.5252,57.76271],[15.51384,57.76837],[15.50087,57.75786],[15.48732,57.76238],[15.47923,57.75494],[15.43058,57.74502],[15.45248,57.73235],[15.44057,57.7274],[15.44633,57.71853],[15.42146,57.70473],[15.3565,57.70664],[15.33331,57.6996],[15.28253,57.71496],[15.28183,57.71023],[15.25685,57.70624],[15.17556,57.71107],[15.17864,57.70486],[15.15473,57.70618],[15.12816,57.71678],[15.11749,57.74743],[15.08869,57.77278],[15.06774,57.82228],[15.07795,57.83859],[15.03801,57.85911],[15.02252,57.88919],[14.99425,57.90665],[15.0127,57.92421],[14.9866,57.94231],[15.01801,57.95827],[15.00861,57.98666],[15.01963,57.99103],[15.07146,57.98752],[15.08128,57.99895],[15.06372,58.02525],[15.08019,58.03212],[15.12674,58.02876],[15.12755,58.02139],[15.15013,58.01597],[15.17424,58.02026],[15.26947,57.99993],[15.2982,57.96454],[15.32623,57.96587],[15.37207,57.95388],[15.36808,57.9712]]]}},{"type":"Feature","id":"0513","properties":{"code":"0513"},"geometry":{"type":"Polygon","coordinates":[[[15.96314,58.1428],[15.97994,58.11493],[15.99546,58.11838],[16.00761,58.10552],[16.02949,58.10091],[16.04316,58.10446],[15.98803,58.07644],[16.01604,58.06064],[15.99549,58.02197],[16.02472,58.01106],[16.04978,57.98767],[16.09274,57.97824],[16.05311,57.96123],[16.04633,57.96493],[16.01899,57.94373],[16.02936,57.92121],[16.06397,57.89899],[16.05503,57.89379],[16.06244,57.87334],[15.96462,57.82357],[15.94417,57.80331],[15.89558,57.82964],[15.85365,57.82873],[15.82234,57.81656],[15.76757,57.85163],[15.735,57.8498],[15.67711,57.85989],[15.63953,57.84893],[15.63135,57.8539],[15.59909,57.85366],[15.60805,57.83057],[15.54235,57.79017],[15.52633,57.81038],[15.51515,57.81288],[15.53046,57.85192],[15.45971,57.87002],[15.45885,57.88469],[15.41585,57.88809],[15.42437,57.89823],[15.41205,57.91643],[15.42275,57.95775],[15.36808,57.9712],[15.37013,57.99505],[15.35983,57.99806],[15.37524,58.01492],[15.3667,58.03948],[15.379,58.06326],[15.41682,58.06623],[15.43477,58.07666],[15.43499,58.08789],[15.45422,58.0888],[15.45171,58.07244],[15.46649,58.07139],[15.5135,58.09021],[15.51134,58.11894],[15.55301,58.14296],[15.56267,58.20416],[15.57966,58.18951],[15.61247,58.18859],[15.65222,58.17911],[15.65009,58.15885],[15.71442,58.17198],[15.70099,58.1915],[15.71428,58.19445],[15.74252,58.18678],[15.76306,58.19486],[15.76718,58.20476],[15.80385,58.20907],[15.81897,58.19666],[15.8617,58.19696],[15.87961,58.18888],[15.89832,58.16382],[15.91855,58.16287],[15.96314,58.1428]]]}},{"type":"Feature","id":"0560","properties":{"code":"0560"},"geometry":{"type":"Polygon","coordinates":[[[15.0057,58.30653],[15.0213,58.28097],[15.06401,58.28648],[15.12243,58.27764],[15.1281,58.26864],[15.1651,58.26194],[15.174,58.251],[15.20486,58.24878],[15.22185,58.23564],[15.25037,58.17634],[15.25033,58.14364],[15.27693,58.13478],[15.29546,58.10261],[15.34877,58.10282],[15.34453,58.08369],[15.37896,58.07873],[15.38299,58.06076],[15.3667,58.03948],[15.37524,58.01492],[15.3595,58.00085],[15.37013,57.99505],[15.37207,57.95388],[15.32623,57.96587],[15.2982,57.96454],[15.26947,57.99993],[15.17424,58.02026],[15.15013,58.01597],[15.12755,58.02139],[15.12674,58.02876],[15.08019,58.03212],[15.06372,58.02525],[15.02765,58.04969],[15.03884,58.05673],[15.00389,58.11328],[14.97579,58.1337],[14.98592,58.14938],[14.97791,58.15183],[14.92697,58.13428],[14.89432,58.1416],[14.93279,58.14014],[14.91896,58.14487],[14.9147,58.16918],[14.89779,58.1627],[14.87835,58.16482],[14.8791,58.18245],[14.86893,58.18524],[14.86429,58.2105],[14.8835,58.22891],[14.87152,58.23394],[14.8855,58.24306],[14.89432,58.28139],[14.90896,58.28757],[14.94526,58.28815],[14.9484,58.30156],[14.95423,58.29106],[14.97621,58.29061],[14.9769,58.30199],[15.0057,58.30653]]]}},{"type":"Feature","id":"0561","properties":{"code":"0561"},"geometry":{"type":"Polygon","coordinates":[[[16.32658,58.27181],[16.45175,58.22469],[16.45014,58.21605],[16.43287,58.21008],[16.44429,58.19173],[16.4327,58.17786],[16.42552,58.18118],[16.43718,58.19046],[16.42394,58.19183],[16.3964,58.1775],[16.41326,58.15424],[16.41098,58.14729],[16.39531,58.14773],[16.39776,58.1295],[16.38627,58.13353],[16.36339,58.13013],[16.33254,58.11725],[16.26478,58.14244],[16.24074,58.136],[16.20361,58.10458],[16.17745,58.11021],[16.1627,58.08961],[16.17824,58.0644],[16.14921,58.06183],[16.1285,58.08559],[16.06989,58.06992],[16.02722,58.07372],[16.01452,58.08557],[16.04316,58.10446],[16.02949,58.10091],[16.00761,58.10552],[15.99546,58.11838],[15.97994,58.11493],[15.96897,58.1404],[15.91855,58.16287],[15.89832,58.16382],[15.87961,58.18888],[15.8617,58.19696],[15.81897,58.19666],[15.81543,58.2061],[15.8279,58.20977],[15.83835,58.22913],[15.82012,58.25029],[15.83509,58.26308],[15.79671,58.28609],[15.81569,58.29317],[15.80222,58.30853],[15.84324,58.32648],[15.88576,58.33302],[15.90194,58.34647],[15.93411,58.33495],[15.9628,58.34117],[15.94668,58.34812],[15.99696,58.36062],[15.9918,58.36536],[16.06419,58.37349],[16.07527,58.37182],[16.08476,58.35342],[16.10513,58.35638],[16.12205,58.35113],[16.1923,58.32478],[16.18908,58.3181],[16.21409,58.31249],[16.25074,58.3161],[16.30149,58.30612],[16.31347,58.29317],[16.312,58.26632],[16.32071,58.26454],[16.32658,58.27181]]]}},{"type":"Feature","id":"0562","properties":{"code":"0562"},"geometry":{"type":"Polygon","coordinates":[[[16.01401,58.71351],[15.98328,58.69385],[16.0129,58.67866],[15.99669,58.67679],[15.9946,58.682],[15.9919,58.67539],[15.9472,58.66333],[15.97727,58.62252],[15.89777,58.61575],[15.8799,58.62919],[15.79223,58.63201],[15.76767,58.65149],[15.68113,58.65752],[15.65862,58.64041],[15.61843,58.64504],[15.62703,58.61417],[15.59873,58.63271],[15.58011,58.63634],[15.56658,58.61259],[15.52634,58.60017],[15.53608,58.60552],[15.53971,58.64006],[15.48832,58.63469],[15.46443,58.65063],[15.47796,58.67675],[15.49176,58.6813],[15.47945,58.69732],[15.49523,58.7013],[15.49915,58.73185],[15.47848,58.73541],[15.46998,58.75277],[15.44558,58.7647],[15.44504,58.78693],[15.42305,58.79017],[15.41108,58.80556],[15.42938,58.81456],[15.42427,58.82199],[15.45402,58.82106],[15.44065,58.86417],[15.53074,58.86455],[15.55399,58.87047],[15.56329,58.89413],[15.58599,58.8965],[15.59316,58.90933],[15.55839,58.94098],[15.55497,58.9564],[15.59035,58.95955],[15.62908,58.98318],[15.64158,58.97392],[15.67766,58.97419],[15.68719,58.98939],[15.70316,58.98485],[15.72074,58.98958],[15.74121,58.95097],[15.76443,58.95654],[15.76182,58.96374],[15.7804,58.96922],[15.78221,58.98482],[15.82075,59.01843],[15.8429,59.01494],[15.8721,58.99953],[15.86545,58.99056],[15.88339,58.98752],[15.88244,58.97915],[15.91153,58.96241],[15.99615,58.93668],[16.08221,58.91954],[16.10218,58.88579],[16.18025,58.85848],[16.17933,58.8447],[16.11862,58.82006],[16.10337,58.82521],[16.09326,58.81728],[16.0995,58.80344],[16.08963,58.80588],[16.09343,58.80153],[16.07264,58.7969],[16.08246,58.77252],[16.05207,58.76603],[16.01586,58.74577],[16.02631,58.73473],[16.01401,58.71351]]]}},{"type":"Feature","id":"0563","properties":{"code":"0563"},"geometry":{"type":"Polygon","coordinates":[[[17.54721,58.30974],[17.52597,58.24661],[17.35303,57.99956],[16.89612,58.00429],[16.82081,58.02674],[16.81226,58.00013],[16.80363,57.99722],[16.7721,58.0039],[16.74742,57.9943],[16.74316,58.00048],[16.72744,57.98487],[16.69678,57.99731],[16.67336,57.99963],[16.65786,57.99262],[16.62747,58.00279],[16.63107,58.01194],[16.59254,58.05097],[16.60688,58.05307],[16.56227,58.08927],[16.57037,58.09786],[16.55071,58.1093],[16.53251,58.1162],[16.49084,58.08888],[16.46487,58.09879],[16.45687,58.11213],[16.42915,58.11336],[16.41075,58.13071],[16.39776,58.1295],[16.39531,58.14773],[16.41098,58.14729],[16.41326,58.15424],[16.3964,58.1775],[16.42394,58.19183],[16.43718,58.19046],[16.42552,58.18118],[16.4327,58.17786],[16.44429,58.19173],[16.43287,58.21008],[16.45014,58.21605],[16.45175,58.22469],[16.32658,58.27181],[16.32071,58.26454],[16.312,58.26632],[16.31347,58.29317],[16.30149,58.30612],[16.25074,58.3161],[16.27734,58.33122],[16.29003,58.35076],[16.26665,58.37099],[16.25685,58.39423],[16.32982,58.38397],[16.31993,58.38817],[16.34792,58.39142],[16.34474,58.38581],[16.36279,58.37675],[16.37674,58.38075],[16.38191,58.37405],[16.41904,58.36929],[16.42194,58.3641],[16.44476,58.37731],[16.46725,58.35714],[16.50023,58.36712],[16.53726,58.34088],[16.55093,58.34883],[16.56409,58.32546],[16.62643,58.31457],[16.62259,58.30753],[16.67221,58.27611],[16.742,58.25722],[16.76184,58.26325],[16.75467,58.27002],[16.77683,58.26735],[16.77988,58.27396],[16.81148,58.26557],[16.82635,58.28488],[16.85615,58.28102],[16.89927,58.29188],[16.97669,58.2929],[16.98747,58.30011],[17.03139,58.29692],[17.08304,58.31042],[17.54721,58.30974]]]}},{"type":"Feature","id":"0580","properties":{"code":"0580"},"geometry":{"type":"Polygon","coordinates":[[[15.3913,58.4647],[15.38966,58.47106],[15.35748,58.47302],[15.38659,58.47744],[15.37858,58.48406],[15.36537,58.48305],[15.36376,58.48984],[15.37551,58.50138],[15.36671,58.51285],[15.3712,58.5181],[15.37731,58.51147],[15.3837,58.54676],[15.37236,58.54764],[15.38177,58.57971],[15.37433,58.59003],[15.39076,58.60877],[15.37128,58.61796],[15.37235,58.6286],[15.41734,58.65218],[15.46943,58.62873],[15.53971,58.64006],[15.53608,58.60552],[15.52634,58.60017],[15.56658,58.61259],[15.58011,58.63634],[15.59873,58.63271],[15.61839,58.61511],[15.64582,58.605],[15.66262,58.57947],[15.68747,58.57523],[15.6907,58.55945],[15.75667,58.55158],[15.75942,58.51174],[15.81746,58.51858],[15.84906,58.51759],[15.85636,58.51175],[15.875,58.51604],[15.91751,58.51196],[15.93252,58.4917],[15.89811,58.48689],[15.9175,58.48197],[15.90882,58.47641],[15.96344,58.46732],[15.95594,58.46418],[15.97667,58.44805],[15.95053,58.43594],[15.95206,58.4271],[15.98873,58.42596],[16.00912,58.41972],[16.01337,58.40858],[16.0453,58.40595],[16.03574,58.39839],[16.0529,58.38081],[16.07527,58.37182],[16.05103,58.37376],[16.02025,58.36501],[15.9918,58.36536],[15.99696,58.36062],[15.94668,58.34812],[15.9628,58.34117],[15.93411,58.33495],[15.90194,58.34647],[15.88576,58.33302],[15.84324,58.32648],[15.82035,58.31227],[15.81025,58.31554],[15.80221,58.3084],[15.81569,58.29317],[15.79671,58.28609],[15.83509,58.26308],[15.82012,58.25029],[15.83835,58.22913],[15.8279,58.20977],[15.76718,58.20476],[15.76306,58.19486],[15.74252,58.18678],[15.71428,58.19445],[15.70099,58.1915],[15.71442,58.17198],[15.65009,58.15885],[15.65222,58.17911],[15.61247,58.18859],[15.57966,58.18951],[15.56267,58.20416],[15.55301,58.14296],[15.51134,58.11894],[15.5135,58.09021],[15.46649,58.07139],[15.45171,58.07244],[15.45422,58.0888],[15.43499,58.08789],[15.43477,58.07666],[15.41682,58.06623],[15.38422,58.06297],[15.37896,58.07873],[15.34453,58.08369],[15.34877,58.10282],[15.29546,58.10261],[15.27693,58.13478],[15.32676,58.14275],[15.3441,58.15727],[15.37591,58.16686],[15.36613,58.18214],[15.37513,58.18697],[15.37643,58.20744],[15.36061,58.23098],[15.37057,58.25357],[15.33806,58.29],[15.34682,58.31479],[15.36941,58.33848],[15.34935,58.35092],[15.33108,58.34908],[15.34188,58.35679],[15.33596,58.37467],[15.34169,58.37116],[15.35209,58.38911],[15.34167,58.39659],[15.31161,58.39845],[15.28755,58.3911],[15.25559,58.40071],[15.26723,58.4107],[15.29467,58.41465],[15.32161,58.44883],[15.35368,58.45307],[15.36987,58.4658],[15.3913,58.4647]]]}},{"type":"Feature","id":"0581","properties":{"code":"0581"},"geometry":{"type":"Polygon","coordinates":[[[16.08215,58.50276],[16.0839,58.46173],[16.04563,58.45893],[16.04417,58.44473],[16.03511,58.44282],[16.0406,58.41563],[16.03405,58.42055],[16.01577,58.41802],[15.98873,58.42596],[15.95206,58.4271],[15.95053,58.43594],[15.97667,58.44805],[15.95594,58.46418],[15.96344,58.46732],[15.90882,58.47641],[15.9175,58.48197],[15.89811,58.48689],[15.93252,58.4917],[15.91751,58.51196],[15.875,58.51604],[15.85636,58.51175],[15.84906,58.51759],[15.81746,58.51858],[15.75942,58.51174],[15.75667,58.55158],[15.6907,58.55945],[15.68645,58.57617],[15.66262,58.57947],[15.64582,58.605],[15.62703,58.61417],[15.61754,58.64423],[15.65862,58.64041],[15.68113,58.65752],[15.73187,58.65653],[15.77609,58.64826],[15.79223,58.63201],[15.8799,58.62919],[15.89777,58.61575],[15.97727,58.62252],[15.9472,58.66333],[15.9919,58.67539],[15.99081,58.6811],[15.9946,58.682],[15.99669,58.67679],[16.0129,58.67866],[15.98349,58.69907],[16.01401,58.71351],[16.02631,58.73473],[16.01586,58.74577],[16.05207,58.76603],[16.08246,58.77252],[16.07264,58.7969],[16.09343,58.80153],[16.08963,58.80588],[16.0995,58.80344],[16.09326,58.81728],[16.10337,58.82521],[16.11862,58.82006],[16.14,58.8267],[16.17933,58.8447],[16.18234,58.85388],[16.20138,58.83609],[16.26361,58.83223],[16.28932,58.80071],[16.3103,58.79154],[16.29518,58.77608],[16.30459,58.76833],[16.32745,58.77957],[16.36864,58.75284],[16.37717,58.70815],[16.3858,58.70359],[16.41771,58.70305],[16.42702,58.6972],[16.5845,58.69793],[16.62827,58.68993],[16.63919,58.67552],[16.64884,58.68188],[16.68978,58.67562],[16.75843,58.63019],[16.74995,58.6271],[16.82738,58.59427],[16.89009,58.60099],[16.97243,58.58099],[17.01642,58.59005],[17.06983,58.59066],[17.13093,58.55007],[17.1465,58.53267],[17.14899,58.50334],[17.56928,58.39898],[17.10329,58.44143],[16.99831,58.46753],[16.99477,58.459],[16.97763,58.45864],[16.93453,58.4669],[16.87115,58.46765],[16.85853,58.44278],[16.81924,58.4347],[16.79918,58.43661],[16.78221,58.42693],[16.79182,58.41999],[16.78351,58.41366],[16.70218,58.4171],[16.691,58.42777],[16.56619,58.44717],[16.48825,58.47069],[16.42987,58.4792],[16.40647,58.4747],[16.35628,58.47976],[16.33725,58.4863],[16.34605,58.49945],[16.34003,58.50829],[16.29242,58.51244],[16.25531,58.52336],[16.24573,58.51863],[16.21305,58.51887],[16.18434,58.52009],[16.17997,58.52643],[16.16662,58.52701],[16.14682,58.51908],[16.13992,58.52161],[16.13243,58.51383],[16.10739,58.51258],[16.11112,58.50312],[16.08215,58.50276]]]}},{"type":"Feature","id":"0582","properties":{"code":"0582"},"geometry":{"type":"Polygon","coordinates":[[[16.46186,58.4745],[16.56619,58.44717],[16.691,58.42777],[16.70218,58.4171],[16.78351,58.41366],[16.79182,58.41999],[16.78221,58.42693],[16.79918,58.43661],[16.81924,58.4347],[16.85853,58.44278],[16.87115,58.46765],[16.93453,58.4669],[16.97763,58.45864],[16.99477,58.459],[16.99831,58.46753],[17.10329,58.44143],[17.56928,58.39898],[17.54721,58.30974],[17.08304,58.31042],[17.03139,58.29692],[16.98747,58.30011],[16.97669,58.2929],[16.89927,58.29188],[16.85615,58.28102],[16.82635,58.28488],[16.81148,58.26557],[16.77988,58.27396],[16.77683,58.26735],[16.75467,58.27002],[16.76184,58.26325],[16.742,58.25722],[16.67221,58.27611],[16.62259,58.30753],[16.62643,58.31457],[16.56409,58.32546],[16.55093,58.34883],[16.53726,58.34088],[16.50023,58.36712],[16.46725,58.35714],[16.44476,58.37731],[16.42194,58.3641],[16.41904,58.36929],[16.38191,58.37405],[16.37674,58.38075],[16.36279,58.37675],[16.34474,58.38581],[16.34792,58.39142],[16.31993,58.38817],[16.32982,58.38397],[16.25685,58.39423],[16.26665,58.37099],[16.29037,58.35521],[16.28788,58.34156],[16.25074,58.3161],[16.21409,58.31249],[16.18908,58.3181],[16.1923,58.32478],[16.12205,58.35113],[16.10513,58.35638],[16.08476,58.35342],[16.07527,58.37182],[16.0529,58.38081],[16.03574,58.39839],[16.0453,58.40595],[16.03065,58.40447],[16.00983,58.41183],[16.00912,58.41972],[16.03405,58.42055],[16.0406,58.41563],[16.04389,58.42733],[16.03292,58.43728],[16.04563,58.45893],[16.0839,58.46173],[16.08987,58.48715],[16.08215,58.50276],[16.11112,58.50312],[16.10739,58.51258],[16.13243,58.51383],[16.13992,58.52161],[16.14682,58.51908],[16.16662,58.52701],[16.17997,58.52643],[16.18434,58.52009],[16.24573,58.51863],[16.25531,58.52336],[16.29242,58.51244],[16.33219,58.51106],[16.34605,58.49945],[16.33725,58.4863],[16.35628,58.47976],[16.46186,58.4745]]]}},{"type":"Feature","id":"0583","properties":{"code":"0583"},"geometry":{"type":"Polygon","coordinates":[[[15.37128,58.61796],[15.39076,58.60877],[15.37433,58.59003],[15.38016,58.52237],[15.37731,58.51147],[15.3674,58.51623],[15.37551,58.50138],[15.36376,58.48984],[15.36537,58.48305],[15.37858,58.48406],[15.38659,58.47744],[15.35748,58.47302],[15.38966,58.47106],[15.39289,58.46511],[15.36987,58.4658],[15.35368,58.45307],[15.32161,58.44883],[15.31079,58.43497],[15.25656,58.44107],[15.26465,58.45425],[15.24503,58.46853],[15.20283,58.4561],[15.19692,58.46394],[15.15951,58.46669],[15.15215,58.47333],[15.11606,58.43205],[15.07801,58.42627],[15.06154,58.43326],[15.04715,58.42853],[15.0553,58.42329],[15.03914,58.42577],[15.00338,58.41767],[14.9974,58.42462],[14.96195,58.43421],[14.99894,58.44929],[14.98237,58.45451],[15.01556,58.47527],[15.00767,58.48036],[14.9767,58.4771],[15.00287,58.49429],[14.98767,58.4941],[14.9708,58.51787],[14.93897,58.53587],[14.75272,58.49324],[14.67346,58.51007],[14.77882,58.64617],[14.80665,58.66505],[14.92922,58.69682],[14.95548,58.69295],[14.97246,58.6834],[15.00394,58.6957],[15.01158,58.70558],[15.03454,58.70429],[15.06695,58.75436],[15.08365,58.76673],[15.09307,58.76189],[15.0964,58.7689],[15.1151,58.7702],[15.13252,58.78705],[15.11907,58.79084],[15.13812,58.82065],[15.16743,58.81066],[15.19826,58.81473],[15.21809,58.82727],[15.21901,58.84275],[15.24696,58.83834],[15.2406,58.84308],[15.25617,58.84977],[15.26282,58.86514],[15.29518,58.84979],[15.32527,58.85929],[15.34759,58.82921],[15.3814,58.84693],[15.40286,58.84195],[15.42305,58.79017],[15.44504,58.78693],[15.44558,58.7647],[15.46998,58.75277],[15.47848,58.73541],[15.49915,58.73185],[15.49523,58.7013],[15.47945,58.69732],[15.49176,58.6813],[15.47796,58.67675],[15.46443,58.65063],[15.48832,58.63469],[15.46943,58.62873],[15.41734,58.65218],[15.37235,58.6286],[15.37128,58.61796]]]}},{"type":"Feature","id":"0584","properties":{"code":"0584"},"geometry":{"type":"Polygon","coordinates":[[[14.93897,58.53587],[14.98767,58.4941],[15.00287,58.49429],[14.9767,58.4771],[15.00767,58.48036],[15.01626,58.47385],[14.98237,58.45451],[14.99894,58.44929],[14.96195,58.43421],[14.9974,58.42462],[15.00636,58.40158],[14.98613,58.39902],[14.98584,58.40368],[14.97111,58.40424],[14.97164,58.36736],[14.9482,58.36724],[14.9472,58.35423],[14.92455,58.34351],[14.88013,58.35967],[14.84221,58.35881],[14.81819,58.3468],[14.77049,58.34747],[14.75464,58.33796],[14.71467,58.331],[14.70093,58.33421],[14.69032,58.32859],[14.66393,58.33744],[14.67049,58.3494],[14.52043,58.35596],[14.67346,58.51007],[14.75272,58.49324],[14.93897,58.53587]]]}},{"type":"Feature","id":"0586","properties":{"code":"0586"},"geometry":{"type":"Polygon","coordinates":[[[15.06171,58.28478],[15.0213,58.28097],[15.00449,58.30751],[14.9769,58.30199],[14.97621,58.29061],[14.95423,58.29106],[14.9484,58.30156],[14.94526,58.28815],[14.8957,58.28338],[14.89017,58.26348],[14.87001,58.26011],[14.85719,58.2759],[14.84677,58.27735],[14.8602,58.27799],[14.86258,58.27266],[14.8612,58.27814],[14.86336,58.27277],[14.88109,58.28758],[14.86468,58.28204],[14.8529,58.3064],[14.85279,58.31582],[14.86801,58.31684],[14.87229,58.32382],[14.858,58.32516],[14.83452,58.35496],[14.88013,58.35967],[14.92455,58.34351],[14.9472,58.35423],[14.9482,58.36724],[14.97164,58.36736],[14.97111,58.40424],[14.98584,58.40368],[14.98613,58.39902],[15.00636,58.40158],[15.00063,58.42087],[15.0553,58.42329],[15.04715,58.42853],[15.06154,58.43326],[15.0728,58.42649],[15.09445,58.43139],[15.10348,58.42755],[15.12805,58.44166],[15.15215,58.47333],[15.15951,58.46669],[15.19692,58.46394],[15.20283,58.4561],[15.24503,58.46853],[15.26465,58.45425],[15.25656,58.44107],[15.31079,58.43497],[15.29467,58.41465],[15.26723,58.4107],[15.25649,58.39863],[15.28755,58.3911],[15.31161,58.39845],[15.34167,58.39659],[15.35209,58.38911],[15.34169,58.37116],[15.33596,58.37467],[15.34188,58.35679],[15.33108,58.34908],[15.34935,58.35092],[15.36941,58.33848],[15.34682,58.31479],[15.33806,58.29],[15.37057,58.25357],[15.36061,58.23098],[15.37643,58.20744],[15.37513,58.18697],[15.36613,58.18214],[15.37591,58.16686],[15.3441,58.15727],[15.32676,58.14275],[15.27786,58.1345],[15.25033,58.14364],[15.25037,58.17634],[15.222,58.23545],[15.20646,58.24805],[15.174,58.251],[15.1651,58.26194],[15.1281,58.26864],[15.12243,58.27764],[15.06171,58.28478]]]}},{"type":"Feature","id":"0604","properties":{"code":"0604"},"geometry":{"type":"Polygon","coordinates":[[[14.81228,57.93671],[14.82534,57.94823],[14.84271,57.94133],[14.86197,57.95316],[14.88732,57.94499],[14.93575,57.94993],[14.95741,57.92816],[15.00775,57.93137],[15.0127,57.92421],[14.99425,57.90665],[15.02252,57.88919],[15.03801,57.85911],[15.07795,57.83859],[15.06774,57.82228],[15.07383,57.80621],[15.08869,57.77278],[15.11983,57.74376],[15.13028,57.72465],[15.12505,57.71542],[15.08974,57.73893],[15.08668,57.75193],[15.05692,57.74332],[15.03669,57.74659],[15.01044,57.74106],[14.99597,57.75044],[14.97396,57.74917],[14.96731,57.76405],[14.95168,57.77226],[14.9509,57.79858],[14.92205,57.81023],[14.89066,57.8119],[14.85961,57.80634],[14.85492,57.79789],[14.8392,57.79571],[14.81571,57.7966],[14.81335,57.80446],[14.75531,57.80249],[14.73823,57.79639],[14.73846,57.78554],[14.71065,57.78772],[14.70182,57.78474],[14.70349,57.77524],[14.65068,57.75909],[14.63614,57.76567],[14.63972,57.77648],[14.62906,57.78168],[14.61388,57.82145],[14.61945,57.83089],[14.60424,57.82983],[14.5986,57.83511],[14.60465,57.85422],[14.58674,57.85972],[14.59133,57.869],[14.54374,57.87342],[14.52356,57.85886],[14.50123,57.85401],[14.47896,57.8743],[14.48536,57.92523],[14.51318,57.94225],[14.53981,57.94013],[14.55561,57.94931],[14.58427,57.94252],[14.57717,57.98821],[14.60156,57.99966],[14.6268,58.00024],[14.61691,57.98588],[14.63043,57.98359],[14.62969,57.97677],[14.64811,57.97577],[14.64163,57.95692],[14.68627,57.94841],[14.68553,57.94189],[14.71458,57.93944],[14.7123,57.95376],[14.73047,57.95911],[14.73531,57.95096],[14.75843,57.95331],[14.78278,57.93047],[14.79309,57.93191],[14.79596,57.94426],[14.81228,57.93671]]]}},{"type":"Feature","id":"0617","properties":{"code":"0617"},"geometry":{"type":"Polygon","coordinates":[[[13.75849,57.48283],[13.80067,57.45853],[13.80373,57.47224],[13.82256,57.47448],[13.82848,57.4822],[13.85145,57.47016],[13.88956,57.46764],[13.90135,57.43391],[13.88519,57.41009],[13.90694,57.40214],[13.93724,57.3699],[13.9614,57.37929],[13.96796,57.37414],[13.97874,57.37602],[13.98817,57.35474],[14.00581,57.35335],[14.0304,57.32301],[13.998,57.30939],[14.00586,57.29707],[14.04419,57.29716],[14.03703,57.31215],[14.05954,57.30948],[14.04339,57.27727],[14.00542,57.28414],[13.97945,57.25192],[13.91174,57.26915],[13.89879,57.28853],[13.82873,57.25538],[13.84131,57.23589],[13.7789,57.23466],[13.71145,57.24393],[13.71988,57.25523],[13.70818,57.26311],[13.7077,57.28587],[13.67984,57.30796],[13.68332,57.32804],[13.6743,57.34169],[13.62994,57.35256],[13.58408,57.34259],[13.56816,57.34471],[13.57827,57.3768],[13.59947,57.38338],[13.60357,57.40285],[13.63072,57.42003],[13.62644,57.4318],[13.65641,57.44225],[13.65627,57.46061],[13.67728,57.47862],[13.6704,57.47158],[13.69702,57.45817],[13.70338,57.46081],[13.70792,57.45363],[13.75849,57.48283]]]}},{"type":"Feature","id":"0642","properties":{"code":"0642"},"geometry":{"type":"Polygon","coordinates":[[[13.92123,57.9246],[13.90131,57.91649],[13.89423,57.89331],[13.86748,57.90146],[13.85598,57.89407],[13.87071,57.86425],[13.85765,57.82971],[13.81086,57.8347],[13.80339,57.82874],[13.78318,57.84619],[13.73167,57.84544],[13.74218,57.86533],[13.76636,57.87843],[13.76147,57.89339],[13.79057,57.90638],[13.78927,57.92215],[13.7712,57.92595],[13.75644,57.94082],[13.73371,57.93775],[13.72905,57.93127],[13.71217,57.966],[13.68688,57.97484],[13.71962,57.97617],[13.72761,57.98853],[13.72067,57.99168],[13.73318,57.99816],[13.74879,57.9938],[13.75753,58.00067],[13.75246,58.00849],[13.77373,58.00644],[13.77245,58.01992],[13.75285,58.02532],[13.77177,58.02422],[13.77324,58.04824],[13.79003,58.05596],[13.7916,58.04768],[13.80501,58.05553],[13.86523,58.0412],[13.86892,58.05094],[13.94939,58.03408],[13.96295,58.00783],[13.92994,58.00879],[13.90624,57.96819],[13.9105,57.95716],[13.8994,57.95271],[13.91079,57.94359],[13.90362,57.93334],[13.92123,57.9246]]]}},{"type":"Feature","id":"0643","properties":{"code":"0643"},"geometry":{"type":"Polygon","coordinates":[[[14.13201,57.88461],[14.1013,57.86797],[14.10074,57.85795],[14.07148,57.85301],[14.04743,57.86495],[14.01335,57.85014],[14.01093,57.80461],[13.99835,57.80417],[13.96994,57.81161],[13.96582,57.82232],[13.95305,57.82453],[13.9598,57.83276],[13.94177,57.83825],[13.94517,57.84542],[13.92133,57.85618],[13.88842,57.83795],[13.86425,57.85099],[13.87071,57.86425],[13.85598,57.89407],[13.86748,57.90146],[13.89423,57.89331],[13.90131,57.91649],[13.92166,57.92483],[13.90362,57.93334],[13.91079,57.94359],[13.89936,57.95251],[13.9105,57.95716],[13.90624,57.96819],[13.92994,58.00879],[13.99301,58.00972],[14.06395,58.02423],[14.06176,58.02822],[14.0696,58.02515],[14.06469,58.03891],[14.11631,58.07534],[14.10766,58.0817],[14.12203,58.1001],[14.12877,58.14633],[14.16866,58.12835],[14.20568,58.1353],[14.31426,58.13178],[14.23718,58.02772],[14.20463,57.90074],[14.13201,57.88461]]]}},{"type":"Feature","id":"0662","properties":{"code":"0662"},"geometry":{"type":"Polygon","coordinates":[[[13.70818,57.26311],[13.71992,57.25507],[13.70992,57.2459],[13.66681,57.24884],[13.65576,57.19794],[13.67745,57.192],[13.64045,57.17172],[13.66379,57.14672],[13.6783,57.14367],[13.67644,57.13816],[13.70848,57.16698],[13.72203,57.16038],[13.69711,57.14879],[13.70353,57.13971],[13.74358,57.14043],[13.73269,57.1212],[13.69885,57.10999],[13.71633,57.0918],[13.73306,57.09258],[13.73267,57.08172],[13.74692,57.07111],[13.74688,57.03852],[13.73312,57.036],[13.71262,57.01796],[13.69142,56.97604],[13.6807,56.9721],[13.66418,56.9846],[13.63041,56.98621],[13.62898,56.99402],[13.60254,57.00838],[13.59546,57.01525],[13.60262,57.02404],[13.58551,57.03255],[13.60795,57.04203],[13.59888,57.0633],[13.57372,57.0628],[13.57422,57.07002],[13.53289,57.07901],[13.52725,57.0874],[13.50541,57.08508],[13.50072,57.07356],[13.48968,57.0855],[13.50081,57.08981],[13.49929,57.10654],[13.48903,57.11384],[13.45335,57.09649],[13.45401,57.10379],[13.44037,57.11028],[13.38717,57.1139],[13.35141,57.11329],[13.32071,57.10236],[13.28934,57.10343],[13.2723,57.09122],[13.25381,57.08935],[13.22698,57.09688],[13.23338,57.0902],[13.22387,57.08369],[13.23371,57.07906],[13.20091,57.07216],[13.1921,57.06426],[13.17994,57.06684],[13.16189,57.05153],[13.16814,57.0485],[13.19031,57.05836],[13.19638,57.05078],[13.14496,57.03765],[13.12118,57.02514],[13.11325,57.04082],[13.12104,57.05751],[13.08121,57.08355],[13.08962,57.0861],[13.07907,57.0989],[13.09908,57.12848],[13.07707,57.12759],[13.15146,57.17805],[13.19406,57.22741],[13.18794,57.23658],[13.19929,57.25035],[13.24297,57.25974],[13.26191,57.24923],[13.28743,57.28269],[13.28213,57.30745],[13.36871,57.32155],[13.38782,57.34104],[13.43302,57.34904],[13.43565,57.36905],[13.46842,57.37127],[13.48186,57.39322],[13.5116,57.39822],[13.51548,57.41023],[13.5043,57.41422],[13.5142,57.42821],[13.5313,57.43045],[13.5832,57.47554],[13.61005,57.51206],[13.66878,57.53824],[13.68857,57.55829],[13.71885,57.5593],[13.72646,57.5694],[13.74827,57.56723],[13.75153,57.56038],[13.77588,57.55523],[13.78974,57.57359],[13.81331,57.58253],[13.81471,57.58784],[13.79963,57.59091],[13.80717,57.59654],[13.79918,57.60811],[13.82197,57.61399],[13.8493,57.59544],[13.86698,57.59311],[13.8589,57.58074],[13.90077,57.57575],[13.88066,57.56219],[13.9048,57.53212],[13.91061,57.49638],[13.89665,57.49213],[13.89515,57.46473],[13.85145,57.47016],[13.82848,57.4822],[13.82256,57.47448],[13.80373,57.47224],[13.8005,57.45852],[13.77174,57.46932],[13.75849,57.48283],[13.70792,57.45363],[13.70338,57.46081],[13.69702,57.45817],[13.6704,57.47158],[13.67786,57.47389],[13.67728,57.47862],[13.65627,57.46061],[13.65641,57.44225],[13.62644,57.4318],[13.63072,57.42003],[13.60357,57.40285],[13.59455,57.37931],[13.57827,57.3768],[13.57693,57.35654],[13.56817,57.35441],[13.57373,57.34317],[13.62994,57.35256],[13.6743,57.34169],[13.68332,57.32804],[13.67984,57.30796],[13.70784,57.28565],[13.70818,57.26311]]]}},{"type":"Feature","id":"0665","properties":{"code":"0665"},"geometry":{"type":"Polygon","coordinates":[[[14.22998,57.54752],[14.24751,57.55246],[14.25614,57.56349],[14.27672,57.56282],[14.28448,57.55306],[14.29332,57.55739],[14.31054,57.5433],[14.33153,57.54023],[14.31394,57.53178],[14.34074,57.51937],[14.43802,57.50681],[14.43629,57.49288],[14.45175,57.48935],[14.44484,57.48465],[14.45141,57.47385],[14.40879,57.46099],[14.38125,57.46381],[14.36923,57.43816],[14.3684,57.38724],[14.33269,57.37479],[14.3334,57.3671],[14.30937,57.36558],[14.28949,57.34945],[14.27368,57.34719],[14.27367,57.30768],[14.24226,57.30747],[14.22403,57.33108],[14.2071,57.31594],[14.16877,57.31913],[14.09156,57.30117],[14.09881,57.32092],[14.08394,57.32584],[14.05954,57.30948],[14.03703,57.31215],[14.04419,57.29716],[14.00586,57.29707],[13.998,57.30939],[14.0304,57.32301],[14.00581,57.35335],[13.98817,57.35474],[13.97874,57.37602],[13.96796,57.37414],[13.9614,57.37929],[13.93724,57.3699],[13.90694,57.40214],[13.88519,57.41009],[13.90135,57.43391],[13.89665,57.49213],[13.91061,57.49638],[13.9048,57.53212],[13.88066,57.56219],[13.90077,57.57575],[13.8589,57.58074],[13.86698,57.59311],[13.8493,57.59544],[13.83554,57.60719],[13.82529,57.60738],[13.82637,57.61304],[13.85347,57.62289],[13.91726,57.61031],[13.92632,57.61993],[13.95296,57.62373],[13.96916,57.65804],[14.0294,57.618],[14.04508,57.62892],[14.06291,57.62987],[14.11322,57.61167],[14.13959,57.6161],[14.14456,57.62636],[14.19708,57.64446],[14.22998,57.54752]]]}},{"type":"Feature","id":"0680","properties":{"code":"0680"},"geometry":{"type":"Polygon","coordinates":[[[13.97019,57.65776],[13.95296,57.62373],[13.92632,57.61993],[13.91726,57.61031],[13.85347,57.62289],[13.84028,57.61512],[13.80016,57.60877],[13.80717,57.59654],[13.79963,57.59091],[13.81471,57.58784],[13.81331,57.58253],[13.78974,57.57359],[13.77588,57.55523],[13.72983,57.56973],[13.71885,57.5593],[13.68857,57.55829],[13.66424,57.61505],[13.67154,57.62753],[13.68247,57.62584],[13.68561,57.63236],[13.70763,57.63829],[13.72482,57.66943],[13.72249,57.69169],[13.6942,57.70574],[13.72969,57.71838],[13.7143,57.73064],[13.75388,57.77344],[13.73146,57.84529],[13.78318,57.84619],[13.80339,57.82874],[13.81086,57.8347],[13.85443,57.82939],[13.86425,57.85099],[13.88842,57.83795],[13.92133,57.85618],[13.94517,57.84542],[13.94177,57.83825],[13.9598,57.83276],[13.95305,57.82453],[13.96582,57.82232],[13.96994,57.81161],[14.01093,57.80461],[14.0126,57.84953],[14.03025,57.85973],[14.04263,57.85857],[14.04776,57.86495],[14.07294,57.85294],[14.10049,57.85789],[14.1013,57.86797],[14.13629,57.8868],[14.20463,57.90074],[14.23718,58.02772],[14.31426,58.13178],[14.41773,58.19107],[14.46827,58.13109],[14.54964,58.10514],[14.58905,58.1029],[14.60487,58.06703],[14.62298,58.05167],[14.60609,58.04585],[14.61958,58.02429],[14.61411,58.00128],[14.57717,57.98821],[14.58427,57.94252],[14.55531,57.94931],[14.53981,57.94013],[14.50357,57.93906],[14.48481,57.92451],[14.47707,57.88554],[14.50123,57.85401],[14.52356,57.85886],[14.54374,57.87342],[14.59133,57.869],[14.58674,57.85972],[14.60465,57.85422],[14.5986,57.83511],[14.60424,57.82983],[14.61945,57.83089],[14.61388,57.82145],[14.62906,57.78168],[14.65319,57.75285],[14.61675,57.7486],[14.60313,57.74402],[14.60581,57.73936],[14.57752,57.73411],[14.56615,57.74567],[14.55472,57.74063],[14.54764,57.74676],[14.5451,57.7428],[14.52537,57.74481],[14.49944,57.72332],[14.45635,57.73095],[14.45513,57.72301],[14.43453,57.72059],[14.45171,57.69739],[14.43195,57.68281],[14.42291,57.68432],[14.42593,57.66429],[14.39522,57.66611],[14.39303,57.65227],[14.38311,57.64992],[14.38697,57.63983],[14.35995,57.63079],[14.3678,57.61559],[14.3799,57.61269],[14.36087,57.59902],[14.33166,57.59606],[14.34628,57.5392],[14.31054,57.5433],[14.27646,57.56287],[14.25614,57.56349],[14.24751,57.55246],[14.22998,57.54752],[14.19708,57.64446],[14.14456,57.62636],[14.13959,57.6161],[14.11322,57.61167],[14.06291,57.62987],[14.04508,57.62892],[14.0294,57.618],[13.97019,57.65776]]]}},{"type":"Feature","id":"0682","properties":{"code":"0682"},"geometry":{"type":"Polygon","coordinates":[[[14.7921,57.61822],[14.78827,57.60677],[14.81178,57.59641],[14.84438,57.58987],[14.85954,57.59296],[14.86684,57.58731],[14.86125,57.57415],[14.84508,57.57908],[14.86118,57.5119],[14.84686,57.51084],[14.85336,57.49581],[14.84048,57.49398],[14.83945,57.47597],[14.8194,57.47574],[14.83138,57.46858],[14.84272,57.47351],[14.84711,57.46765],[14.83683,57.46452],[14.81863,57.40362],[14.79766,57.40719],[14.76125,57.40353],[14.75989,57.42163],[14.74087,57.43815],[14.75009,57.44881],[14.72679,57.46491],[14.70148,57.46348],[14.68555,57.47297],[14.65881,57.45458],[14.62094,57.44085],[14.62037,57.43504],[14.58962,57.43356],[14.56089,57.46454],[14.54513,57.46286],[14.54606,57.47439],[14.53497,57.47492],[14.5332,57.46686],[14.51677,57.47653],[14.51695,57.48714],[14.43662,57.49208],[14.43802,57.50681],[14.37672,57.51741],[14.34906,57.51665],[14.31394,57.53178],[14.34765,57.54343],[14.33166,57.59606],[14.36087,57.59902],[14.3799,57.61269],[14.3678,57.61559],[14.35995,57.63079],[14.38697,57.63983],[14.38311,57.64992],[14.39303,57.65227],[14.39522,57.66611],[14.42547,57.66375],[14.42291,57.68432],[14.43195,57.68281],[14.45171,57.69739],[14.44131,57.70478],[14.44672,57.71296],[14.43381,57.71931],[14.45513,57.72301],[14.45635,57.73095],[14.49944,57.72332],[14.52085,57.74394],[14.5451,57.7428],[14.54521,57.74709],[14.55472,57.74063],[14.56754,57.74534],[14.57752,57.73411],[14.60581,57.73936],[14.60313,57.74402],[14.61675,57.7486],[14.65291,57.75259],[14.65692,57.76436],[14.70349,57.77524],[14.70509,57.78588],[14.73846,57.78554],[14.73823,57.79639],[14.75531,57.80249],[14.81335,57.80446],[14.81571,57.7966],[14.8392,57.79571],[14.85492,57.79789],[14.85961,57.80634],[14.89066,57.8119],[14.93059,57.80858],[14.9509,57.79858],[14.95168,57.77226],[14.96731,57.76405],[14.96921,57.75206],[14.96069,57.74504],[14.92486,57.73923],[14.93065,57.72568],[14.9077,57.71857],[14.91829,57.70673],[14.88929,57.69371],[14.88139,57.674],[14.84465,57.66028],[14.83211,57.6243],[14.8145,57.61781],[14.7921,57.61822]]]}},{"type":"Feature","id":"0683","properties":{"code":"0683"},"geometry":{"type":"Polygon","coordinates":[[[14.02272,57.05013],[13.98999,57.02935],[13.97569,57.04149],[13.92477,57.04059],[13.91032,57.01842],[13.87442,57.01839],[13.85413,56.9982],[13.82186,57.008],[13.80249,57.02877],[13.77632,57.02422],[13.75456,57.02883],[13.76024,57.03563],[13.74726,57.0372],[13.74692,57.07111],[13.73267,57.08172],[13.73306,57.09258],[13.71633,57.0918],[13.69885,57.10999],[13.73269,57.1212],[13.74358,57.14043],[13.70353,57.13971],[13.69711,57.14879],[13.72203,57.16038],[13.70848,57.16698],[13.67644,57.13816],[13.6783,57.14367],[13.66379,57.14672],[13.64056,57.17127],[13.67745,57.192],[13.65576,57.19794],[13.66681,57.24884],[13.7789,57.23466],[13.83528,57.23452],[13.83971,57.24377],[13.82873,57.25538],[13.89879,57.28853],[13.91174,57.26915],[13.97945,57.25192],[14.00542,57.28414],[14.04339,57.27727],[14.05966,57.30974],[14.08394,57.32584],[14.09881,57.32092],[14.09156,57.30117],[14.16877,57.31913],[14.2071,57.31594],[14.22403,57.33108],[14.24226,57.30747],[14.27367,57.30768],[14.27368,57.34719],[14.28949,57.34945],[14.30937,57.36558],[14.3334,57.3671],[14.33269,57.37479],[14.36406,57.38242],[14.38341,57.34524],[14.37883,57.32949],[14.39453,57.32706],[14.39647,57.31598],[14.41219,57.30673],[14.41223,57.28908],[14.42648,57.3015],[14.44059,57.29606],[14.44363,57.27348],[14.42944,57.25938],[14.42029,57.2161],[14.40245,57.18695],[14.38963,57.18516],[14.39787,57.15111],[14.36616,57.15154],[14.34812,57.14483],[14.36058,57.12025],[14.33738,57.11269],[14.35767,57.09646],[14.3625,57.0801],[14.35992,57.05766],[14.338,57.0558],[14.33054,57.02335],[14.35225,57.01152],[14.34941,57.00324],[14.37217,57.00522],[14.37904,56.99968],[14.36698,56.98144],[14.37653,56.98119],[14.39492,56.96296],[14.37585,56.93188],[14.34562,56.91341],[14.32464,56.88266],[14.29804,56.87919],[14.25584,56.88674],[14.22844,56.90828],[14.20929,56.94525],[14.21613,56.95496],[14.19177,56.95781],[14.18035,56.98871],[14.1531,56.99842],[14.15239,57.02941],[14.13235,57.02255],[14.09481,57.0211],[14.10019,57.03488],[14.09101,57.04112],[14.02272,57.05013]]]}},{"type":"Feature","id":"0684","properties":{"code":"0684"},"geometry":{"type":"Polygon","coordinates":[[[14.77427,57.25147],[14.78551,57.23899],[14.77834,57.2317],[14.78922,57.22797],[14.78996,57.22458],[14.71804,57.22476],[14.68722,57.21073],[14.65485,57.20866],[14.65614,57.20298],[14.60678,57.20441],[14.61087,57.18065],[14.59578,57.17788],[14.57557,57.18945],[14.55701,57.18762],[14.53868,57.16068],[14.50965,57.16317],[14.4872,57.15201],[14.48496,57.15769],[14.44957,57.16297],[14.44341,57.15116],[14.4329,57.15246],[14.42416,57.14351],[14.41259,57.15537],[14.39792,57.15056],[14.38963,57.18516],[14.40245,57.18695],[14.42029,57.2161],[14.42944,57.25938],[14.44363,57.27348],[14.44059,57.29606],[14.42648,57.3015],[14.41223,57.28908],[14.41219,57.30673],[14.39647,57.31598],[14.39453,57.32706],[14.37883,57.32949],[14.38341,57.34524],[14.36406,57.38242],[14.38125,57.46381],[14.40879,57.46099],[14.45027,57.4728],[14.45175,57.48935],[14.5081,57.48905],[14.5332,57.46686],[14.53497,57.47492],[14.54353,57.47487],[14.54513,57.46286],[14.56089,57.46454],[14.59091,57.43345],[14.62037,57.43504],[14.62094,57.44085],[14.65881,57.45458],[14.68555,57.47297],[14.70148,57.46348],[14.73157,57.46331],[14.75009,57.44881],[14.74087,57.43815],[14.75989,57.42163],[14.76125,57.40353],[14.79766,57.40719],[14.81863,57.40362],[14.82815,57.35904],[14.82073,57.33868],[14.80182,57.32391],[14.81553,57.31741],[14.80142,57.30015],[14.80537,57.27621],[14.78858,57.26986],[14.77427,57.25147]]]}},{"type":"Feature","id":"0685","properties":{"code":"0685"},"geometry":{"type":"Polygon","coordinates":[[[15.13196,57.23856],[15.12117,57.22952],[15.14955,57.21518],[15.15609,57.19445],[15.14573,57.17461],[15.12672,57.19037],[15.08077,57.19623],[15.03793,57.16307],[15.01117,57.16405],[14.99912,57.14218],[14.98041,57.13579],[14.92416,57.13332],[14.90232,57.13568],[14.88419,57.16736],[14.89103,57.17688],[14.87133,57.19803],[14.83657,57.20201],[14.81766,57.21704],[14.77834,57.2317],[14.78551,57.23899],[14.77427,57.25147],[14.77969,57.26249],[14.80249,57.27302],[14.80897,57.28804],[14.80142,57.30015],[14.81553,57.31741],[14.80182,57.32391],[14.82752,57.35142],[14.81631,57.40992],[14.82692,57.41559],[14.83683,57.46452],[14.84711,57.46765],[14.84272,57.47351],[14.83138,57.46858],[14.8194,57.47574],[14.83945,57.47597],[14.84048,57.49398],[14.85336,57.49581],[14.84686,57.51084],[14.86118,57.5119],[14.84304,57.57067],[14.84508,57.57908],[14.85238,57.57363],[14.86356,57.57647],[14.85977,57.5956],[14.93145,57.58235],[14.95284,57.57144],[14.95011,57.54821],[14.96364,57.53814],[14.98302,57.53648],[14.96525,57.53537],[14.99108,57.53377],[15.02273,57.54381],[15.08109,57.51243],[15.0849,57.51586],[15.11818,57.50758],[15.14891,57.50859],[15.21199,57.52218],[15.22662,57.53242],[15.22763,57.52145],[15.25809,57.5115],[15.27116,57.50812],[15.31005,57.51496],[15.36533,57.49311],[15.38112,57.50756],[15.39535,57.50486],[15.40354,57.51136],[15.42312,57.51186],[15.45095,57.50774],[15.44421,57.51876],[15.47675,57.53828],[15.50278,57.52582],[15.51181,57.53739],[15.49156,57.55079],[15.51379,57.56188],[15.56169,57.54848],[15.61721,57.5417],[15.65481,57.50112],[15.62251,57.48721],[15.61391,57.44117],[15.5969,57.43492],[15.5524,57.46825],[15.51213,57.45627],[15.51181,57.45213],[15.50844,57.44799],[15.50496,57.45725],[15.49628,57.42976],[15.49868,57.41106],[15.52915,57.40638],[15.52039,57.40083],[15.52404,57.3844],[15.49515,57.37408],[15.51801,57.36373],[15.50937,57.36152],[15.50988,57.35069],[15.52165,57.33874],[15.51319,57.30742],[15.4887,57.31167],[15.46994,57.30647],[15.48225,57.27869],[15.45752,57.26995],[15.52768,57.23362],[15.51377,57.20087],[15.48179,57.21188],[15.43558,57.21414],[15.40157,57.22601],[15.3348,57.22842],[15.31813,57.22504],[15.31304,57.21652],[15.30244,57.22428],[15.26499,57.22035],[15.25137,57.2257],[15.24153,57.22068],[15.23398,57.22964],[15.20008,57.20759],[15.18367,57.21315],[15.18113,57.22492],[15.16691,57.22969],[15.15703,57.22544],[15.13196,57.23856]]]}},{"type":"Feature","id":"0686","properties":{"code":"0686"},"geometry":{"type":"Polygon","coordinates":[[[15.28329,57.71474],[15.33331,57.6996],[15.3565,57.70664],[15.41959,57.70707],[15.4397,57.68495],[15.48041,57.67162],[15.4895,57.67352],[15.50295,57.66127],[15.51851,57.66116],[15.58448,57.63638],[15.63094,57.6043],[15.66567,57.59929],[15.64156,57.58977],[15.63087,57.5931],[15.57653,57.54789],[15.51551,57.56188],[15.49491,57.55731],[15.49177,57.54934],[15.51181,57.53739],[15.50278,57.52582],[15.47675,57.53828],[15.44421,57.51876],[15.45095,57.50774],[15.42312,57.51186],[15.40354,57.51136],[15.39535,57.50486],[15.38112,57.50756],[15.36533,57.49311],[15.31005,57.51496],[15.27116,57.50812],[15.25809,57.5115],[15.22763,57.52145],[15.22662,57.53242],[15.21797,57.52398],[15.14891,57.50859],[15.11818,57.50758],[15.0835,57.51597],[15.08109,57.51243],[15.02273,57.54381],[14.99108,57.53377],[14.96525,57.53537],[14.98302,57.53648],[14.96364,57.53814],[14.95011,57.54821],[14.95659,57.56634],[14.93145,57.58235],[14.87013,57.59143],[14.86513,57.59762],[14.84438,57.58987],[14.78827,57.60677],[14.7921,57.61822],[14.8145,57.61781],[14.83211,57.6243],[14.84465,57.66028],[14.88139,57.674],[14.88929,57.69371],[14.91829,57.70673],[14.9077,57.71857],[14.93065,57.72568],[14.92486,57.73923],[14.96069,57.74504],[14.9648,57.75161],[14.99597,57.75044],[15.01044,57.74106],[15.03669,57.74659],[15.05692,57.74332],[15.08668,57.75193],[15.08974,57.73893],[15.11114,57.72836],[15.11702,57.71594],[15.12815,57.72022],[15.15473,57.70618],[15.17864,57.70486],[15.17556,57.71107],[15.25685,57.70624],[15.28329,57.71474]]]}},{"type":"Feature","id":"0687","properties":{"code":"0687"},"geometry":{"type":"Polygon","coordinates":[[[14.75904,58.10174],[14.76564,58.08614],[14.80878,58.08269],[14.88349,58.09108],[14.88582,58.08511],[14.89778,58.08533],[14.88654,58.09886],[14.89729,58.11177],[14.91489,58.1112],[14.91678,58.12024],[14.89232,58.12387],[14.89213,58.13776],[14.92697,58.13428],[14.97791,58.15183],[14.98592,58.14938],[14.97579,58.1337],[15.00389,58.11328],[15.03884,58.05673],[15.02765,58.04969],[15.06372,58.02525],[15.08128,57.99895],[15.06664,57.9853],[15.01963,57.99103],[15.00924,57.98737],[15.01801,57.95827],[14.9866,57.94231],[15.00459,57.93343],[14.95741,57.92816],[14.93575,57.94993],[14.88732,57.94499],[14.86016,57.95317],[14.84271,57.94133],[14.82534,57.94823],[14.8145,57.93626],[14.79596,57.94426],[14.79309,57.93191],[14.78388,57.93017],[14.75843,57.95331],[14.73531,57.95096],[14.73047,57.95911],[14.7123,57.95376],[14.71458,57.93944],[14.68553,57.94189],[14.68627,57.94841],[14.64163,57.95692],[14.64811,57.97577],[14.62969,57.97677],[14.63043,57.98359],[14.61691,57.98588],[14.6268,58.00024],[14.61345,58.00071],[14.61958,58.02429],[14.60609,58.04585],[14.62298,58.05167],[14.60487,58.06703],[14.59338,58.09854],[14.65195,58.09582],[14.65782,58.10087],[14.75904,58.10174]]]}},{"type":"Feature","id":"0760","properties":{"code":"0760"},"geometry":{"type":"Polygon","coordinates":[[[15.13196,57.23856],[15.15893,57.22494],[15.16691,57.22969],[15.18113,57.22492],[15.18367,57.21315],[15.20008,57.20759],[15.23398,57.22964],[15.24153,57.22068],[15.25137,57.2257],[15.26499,57.22035],[15.30244,57.22428],[15.31304,57.21652],[15.31813,57.22504],[15.3348,57.22842],[15.40157,57.22601],[15.43558,57.21414],[15.48179,57.21188],[15.51851,57.20138],[15.54669,57.18522],[15.55521,57.18893],[15.56234,57.16463],[15.55131,57.14729],[15.57583,57.14869],[15.61398,57.13031],[15.64011,57.12861],[15.6414,57.11096],[15.68924,57.08007],[15.72127,57.07551],[15.73371,57.05642],[15.77948,57.03217],[15.82966,56.99102],[15.83368,56.94351],[15.7992,56.91061],[15.77697,56.91651],[15.7379,56.91122],[15.70109,56.91524],[15.66687,56.90277],[15.59564,56.92575],[15.58434,56.92086],[15.55545,56.9297],[15.52017,56.91406],[15.51928,56.90066],[15.44717,56.87673],[15.4225,56.90152],[15.37426,56.88889],[15.33649,56.87278],[15.3422,56.85307],[15.29293,56.87701],[15.27629,56.87522],[15.28548,56.83185],[15.22548,56.83042],[15.22208,56.8356],[15.19328,56.83119],[15.17135,56.84969],[15.1863,56.86161],[15.16894,56.86615],[15.17188,56.88002],[15.15801,56.88918],[15.16837,56.92123],[15.15991,56.92109],[15.16028,56.92788],[15.13538,56.92733],[15.13278,56.93218],[15.16333,56.94405],[15.18812,56.93309],[15.19822,56.95121],[15.23421,56.96592],[15.22338,57.00632],[15.23705,57.01228],[15.22276,57.02629],[15.18453,57.0403],[15.16753,57.04215],[15.1653,57.03139],[15.13863,57.02712],[15.15516,57.05234],[15.14244,57.0548],[15.14109,57.07656],[15.10881,57.08445],[15.10737,57.09016],[15.1429,57.10149],[15.13344,57.13271],[15.11936,57.142],[15.0847,57.1471],[15.07592,57.15716],[15.08558,57.16788],[15.06371,57.18225],[15.08077,57.19623],[15.09609,57.19582],[15.12672,57.19037],[15.14573,57.17461],[15.15655,57.18596],[15.14955,57.21518],[15.12117,57.22952],[15.13196,57.23856]]]}},{"type":"Feature","id":"0761","properties":{"code":"0761"},"geometry":{"type":"Polygon","coordinates":[[[15.44717,56.87673],[15.51928,56.90066],[15.54624,56.89056],[15.55619,56.87406],[15.53773,56.86174],[15.55314,56.8226],[15.53844,56.80581],[15.48994,56.79537],[15.44737,56.79725],[15.44485,56.77904],[15.36829,56.78065],[15.36084,56.75797],[15.3843,56.74647],[15.39222,56.72049],[15.42506,56.71319],[15.4098,56.6822],[15.42401,56.67125],[15.40009,56.65623],[15.41915,56.63949],[15.39274,56.62587],[15.37203,56.6034],[15.34928,56.60287],[15.30407,56.63566],[15.33689,56.64454],[15.31949,56.6617],[15.24095,56.69085],[15.2149,56.72009],[15.19619,56.7176],[15.18657,56.69825],[15.16544,56.70067],[15.16304,56.69396],[15.16037,56.69933],[15.14382,56.70056],[15.12102,56.72816],[15.07674,56.74258],[15.06612,56.76528],[15.08942,56.78422],[15.06631,56.80692],[15.11016,56.80999],[15.18122,56.82529],[15.1874,56.83468],[15.28548,56.83185],[15.27629,56.87522],[15.29293,56.87701],[15.3422,56.85307],[15.33649,56.87278],[15.4225,56.90152],[15.44717,56.87673]]]}},{"type":"Feature","id":"0763","properties":{"code":"0763"},"geometry":{"type":"Polygon","coordinates":[[[15.21137,56.45985],[15.22002,56.45087],[15.21448,56.44037],[15.18682,56.42799],[15.14594,56.43653],[15.12463,56.4551],[15.04978,56.45207],[15.05034,56.43772],[15.03315,56.45078],[15.00088,56.44564],[14.97923,56.43403],[14.96542,56.40021],[14.93077,56.38373],[14.90442,56.36135],[14.85975,56.35888],[14.77919,56.38246],[14.67872,56.38723],[14.66285,56.4026],[14.64932,56.40383],[14.62454,56.42021],[14.61519,56.4375],[14.58036,56.44398],[14.60602,56.49183],[14.57777,56.50366],[14.59696,56.513],[14.57911,56.5394],[14.62476,56.53409],[14.63412,56.53735],[14.66239,56.59014],[14.63631,56.62463],[14.66891,56.6251],[14.68682,56.64868],[14.72025,56.63071],[14.74979,56.6404],[14.81571,56.62897],[14.85494,56.64755],[14.85662,56.66177],[14.87929,56.67705],[14.9074,56.67005],[14.96459,56.68959],[14.99484,56.65149],[15.00602,56.6514],[14.9927,56.65074],[14.9965,56.64509],[15.03025,56.64149],[15.0317,56.63441],[15.04447,56.63136],[15.04343,56.6222],[15.05659,56.61969],[15.05833,56.60834],[15.098,56.61193],[15.10379,56.6396],[15.08949,56.65475],[15.10309,56.65554],[15.10904,56.67204],[15.09164,56.68776],[15.14094,56.70438],[15.16304,56.69396],[15.16544,56.70067],[15.18657,56.69825],[15.19619,56.7176],[15.21304,56.721],[15.24095,56.69085],[15.31949,56.6617],[15.33689,56.64454],[15.30418,56.63552],[15.34159,56.60524],[15.36714,56.6023],[15.3917,56.58343],[15.37901,56.56108],[15.38429,56.55353],[15.37054,56.55433],[15.36729,56.56739],[15.35811,56.56443],[15.3662,56.55504],[15.35723,56.55308],[15.36021,56.54074],[15.3504,56.5329],[15.35707,56.52357],[15.33737,56.48909],[15.36467,56.48213],[15.32032,56.45551],[15.28683,56.4567],[15.26437,56.471],[15.24905,56.46358],[15.21137,56.45985]]]}},{"type":"Feature","id":"0764","properties":{"code":"0764"},"geometry":{"type":"Polygon","coordinates":[[[14.63631,56.62463],[14.66239,56.59014],[14.6288,56.53419],[14.57538,56.53926],[14.56615,56.55857],[14.55122,56.56764],[14.53018,56.57015],[14.50678,56.56058],[14.48987,56.56344],[14.50319,56.57027],[14.48993,56.58127],[14.4475,56.57891],[14.42956,56.55505],[14.43014,56.61794],[14.4438,56.62648],[14.42662,56.63726],[14.45848,56.65732],[14.44549,56.65808],[14.4348,56.64854],[14.40308,56.65115],[14.40657,56.67689],[14.39604,56.69322],[14.40246,56.7032],[14.38694,56.7236],[14.36517,56.73768],[14.3367,56.74491],[14.32998,56.75392],[14.28669,56.75909],[14.30363,56.81083],[14.27841,56.84337],[14.28997,56.85],[14.2981,56.87841],[14.32499,56.88288],[14.34562,56.91341],[14.37585,56.93188],[14.39492,56.96296],[14.37653,56.98119],[14.36698,56.98144],[14.37904,56.99968],[14.37217,57.00522],[14.34941,57.00324],[14.35225,57.01152],[14.33054,57.02335],[14.338,57.0558],[14.35992,57.05766],[14.35767,57.09646],[14.33738,57.11269],[14.36058,57.12025],[14.34812,57.14483],[14.36616,57.15154],[14.37582,57.14832],[14.41259,57.15537],[14.42442,57.14354],[14.4329,57.15246],[14.44341,57.15116],[14.44957,57.16297],[14.48496,57.15769],[14.48899,57.15019],[14.47247,57.14036],[14.49114,57.13387],[14.49596,57.11726],[14.51553,57.11503],[14.51756,57.10887],[14.54536,57.0994],[14.60015,57.09189],[14.616,57.08454],[14.62654,57.08681],[14.62407,57.0564],[14.63271,57.03626],[14.64758,57.03196],[14.63237,57.02554],[14.63361,56.9837],[14.65291,56.98135],[14.65604,56.9715],[14.68219,56.95923],[14.6504,56.93968],[14.65576,56.92219],[14.61567,56.90113],[14.62847,56.88757],[14.62633,56.87211],[14.60845,56.87709],[14.59427,56.87283],[14.59076,56.84377],[14.55634,56.84147],[14.57086,56.80612],[14.61499,56.80296],[14.63686,56.80755],[14.66399,56.76281],[14.66666,56.74062],[14.65221,56.72056],[14.67153,56.67762],[14.66461,56.67201],[14.67362,56.67168],[14.67422,56.67001],[14.6647,56.67139],[14.67107,56.66942],[14.67824,56.66976],[14.68655,56.67576],[14.69567,56.67345],[14.68849,56.66786],[14.69351,56.64931],[14.66891,56.6251],[14.63631,56.62463]]]}},{"type":"Feature","id":"0765","properties":{"code":"0765"},"geometry":{"type":"Polygon","coordinates":[[[14.12021,56.52213],[14.09552,56.5327],[14.06483,56.5284],[14.05624,56.50075],[14.0252,56.46792],[13.95211,56.46711],[13.92588,56.45751],[13.90175,56.45714],[13.87692,56.43678],[13.79396,56.4482],[13.71583,56.43112],[13.71164,56.45085],[13.7199,56.46368],[13.76115,56.47021],[13.76825,56.47869],[13.77276,56.49497],[13.75871,56.49341],[13.76195,56.50171],[13.78051,56.50105],[13.7841,56.50558],[13.80009,56.49776],[13.7952,56.49264],[13.81178,56.49141],[13.8219,56.50215],[13.82243,56.51038],[13.81279,56.51253],[13.8261,56.52689],[13.79614,56.57023],[13.80471,56.57927],[13.79273,56.6058],[13.83621,56.60332],[13.88432,56.61884],[13.91081,56.63919],[13.96777,56.62673],[13.9897,56.66601],[13.9735,56.67185],[14.01914,56.68647],[14.03995,56.69876],[14.04826,56.71481],[14.08444,56.70506],[14.09019,56.67845],[14.10772,56.68507],[14.10857,56.66871],[14.12241,56.66984],[14.12646,56.66233],[14.1977,56.67438],[14.20553,56.68975],[14.2358,56.7026],[14.24285,56.71881],[14.26636,56.72572],[14.28838,56.74309],[14.28669,56.75909],[14.29903,56.76096],[14.33289,56.75276],[14.3367,56.74491],[14.36517,56.73768],[14.38694,56.7236],[14.40246,56.7032],[14.39604,56.69322],[14.40657,56.67689],[14.40308,56.65115],[14.4348,56.64854],[14.44549,56.65808],[14.45848,56.65732],[14.42662,56.63726],[14.4438,56.62648],[14.43014,56.61794],[14.42956,56.55505],[14.45525,56.58112],[14.48993,56.58127],[14.50319,56.57027],[14.48987,56.56344],[14.50678,56.56058],[14.53018,56.57015],[14.55122,56.56764],[14.56615,56.55857],[14.57357,56.54516],[14.56708,56.54286],[14.58981,56.52987],[14.59696,56.513],[14.57777,56.50366],[14.60596,56.49068],[14.57768,56.44404],[14.54301,56.45511],[14.4711,56.46394],[14.45763,56.47296],[14.43402,56.46987],[14.27602,56.49816],[14.27428,56.50657],[14.23295,56.49093],[14.2002,56.49673],[14.17987,56.4941],[14.14339,56.5075],[14.12581,56.50552],[14.12021,56.52213]]]}},{"type":"Feature","id":"0767","properties":{"code":"0767"},"geometry":{"type":"Polygon","coordinates":[[[13.75858,56.67338],[13.77086,56.64403],[13.76065,56.64318],[13.76023,56.61999],[13.77223,56.60172],[13.79273,56.6058],[13.80471,56.57927],[13.79614,56.57023],[13.8261,56.52689],[13.81279,56.51253],[13.82297,56.50869],[13.81696,56.49537],[13.7952,56.49264],[13.80009,56.49776],[13.7841,56.50558],[13.78051,56.50105],[13.76195,56.50171],[13.75871,56.49341],[13.77276,56.49497],[13.76681,56.47661],[13.76115,56.47021],[13.7199,56.46368],[13.71164,56.45085],[13.71583,56.43112],[13.69635,56.42464],[13.60229,56.41213],[13.59689,56.4158],[13.54962,56.40437],[13.52146,56.41171],[13.50053,56.40562],[13.4612,56.42778],[13.46458,56.44762],[13.44977,56.47218],[13.46479,56.51396],[13.43999,56.55445],[13.43989,56.57126],[13.41781,56.57764],[13.39758,56.60885],[13.47372,56.6243],[13.50669,56.66071],[13.52211,56.66593],[13.57677,56.66767],[13.59418,56.66071],[13.59328,56.65599],[13.59407,56.65497],[13.59346,56.65424],[13.59415,56.65497],[13.59432,56.65977],[13.60654,56.66032],[13.60731,56.64866],[13.70408,56.64645],[13.74867,56.67592],[13.75858,56.67338]]]}},{"type":"Feature","id":"0780","properties":{"code":"0780"},"geometry":{"type":"Polygon","coordinates":[[[14.96459,56.68959],[14.9074,56.67005],[14.87929,56.67705],[14.85662,56.66177],[14.85494,56.64755],[14.81571,56.62897],[14.74979,56.6404],[14.72625,56.63023],[14.71436,56.63196],[14.69507,56.64452],[14.68849,56.66786],[14.69567,56.67345],[14.68655,56.67576],[14.67824,56.66976],[14.67107,56.66942],[14.67099,56.67027],[14.66716,56.67037],[14.66604,56.67066],[14.6647,56.67139],[14.66718,56.67041],[14.67313,56.67071],[14.67323,56.66981],[14.67422,56.67001],[14.67362,56.67168],[14.66461,56.67201],[14.67153,56.67762],[14.65221,56.72056],[14.66666,56.74062],[14.66399,56.76281],[14.63686,56.80755],[14.61499,56.80296],[14.57086,56.80612],[14.56374,56.81819],[14.55634,56.84147],[14.59076,56.84377],[14.59427,56.87283],[14.60845,56.87709],[14.62633,56.87211],[14.62847,56.88757],[14.61567,56.90113],[14.65576,56.92219],[14.6504,56.93968],[14.68219,56.95923],[14.65604,56.9715],[14.65291,56.98135],[14.63361,56.9837],[14.63237,57.02554],[14.64758,57.03196],[14.63271,57.03626],[14.62407,57.0564],[14.62654,57.08681],[14.616,57.08454],[14.51756,57.10887],[14.51553,57.11503],[14.49317,57.11908],[14.49114,57.13387],[14.47247,57.14036],[14.50965,57.16317],[14.53868,57.16068],[14.55589,57.18729],[14.57557,57.18945],[14.59578,57.17788],[14.61087,57.18065],[14.60678,57.20441],[14.65614,57.20298],[14.65485,57.20866],[14.68722,57.21073],[14.71804,57.22476],[14.78922,57.22508],[14.81766,57.21704],[14.83657,57.20201],[14.87133,57.19803],[14.89103,57.17688],[14.88419,57.16736],[14.90413,57.13488],[14.98041,57.13579],[14.99912,57.14218],[15.01117,57.16405],[15.03793,57.16307],[15.04467,57.17427],[15.06344,57.18145],[15.07204,57.17864],[15.08558,57.16788],[15.07592,57.15716],[15.0847,57.1471],[15.11936,57.142],[15.13344,57.13271],[15.1429,57.10149],[15.10737,57.09016],[15.10881,57.08445],[15.14109,57.07656],[15.14244,57.0548],[15.15516,57.05234],[15.13863,57.02712],[15.1653,57.03139],[15.16753,57.04215],[15.18453,57.0403],[15.22276,57.02629],[15.23705,57.01228],[15.22338,57.00632],[15.23421,56.96592],[15.19822,56.95121],[15.18812,56.93309],[15.16333,56.94405],[15.13278,56.93218],[15.13538,56.92733],[15.16028,56.92788],[15.15991,56.92109],[15.16837,56.92123],[15.15801,56.88918],[15.17188,56.88002],[15.16894,56.86615],[15.18793,56.85841],[15.17135,56.84969],[15.18789,56.83519],[15.18254,56.82598],[15.11016,56.80999],[15.06631,56.80692],[15.08942,56.78422],[15.06612,56.76528],[15.07674,56.74258],[15.12102,56.72816],[15.14094,56.70438],[15.09164,56.68776],[15.10904,56.67204],[15.10309,56.65554],[15.08949,56.65475],[15.1014,56.64801],[15.10151,56.61368],[15.05833,56.60834],[15.04447,56.63136],[15.0317,56.63441],[15.03025,56.64149],[14.9965,56.64509],[14.9927,56.65074],[15.00602,56.6514],[14.99484,56.65149],[14.96459,56.68959]]]}},{"type":"Feature","id":"0781","properties":{"code":"0781"},"geometry":{"type":"Polygon","coordinates":[[[14.04826,56.71481],[14.01914,56.68647],[13.9735,56.67185],[13.9897,56.66601],[13.96777,56.62673],[13.91081,56.63919],[13.88432,56.61884],[13.83621,56.60332],[13.79894,56.60796],[13.77223,56.60172],[13.76017,56.62027],[13.77035,56.65751],[13.75593,56.66676],[13.75611,56.67741],[13.70663,56.64657],[13.60731,56.64866],[13.60654,56.66032],[13.59432,56.65977],[13.59443,56.65867],[13.59436,56.65814],[13.59383,56.65735],[13.59379,56.65666],[13.59336,56.65599],[13.59415,56.65515],[13.59415,56.65497],[13.59389,56.65452],[13.59346,56.65424],[13.59407,56.65497],[13.59328,56.65599],[13.59418,56.66071],[13.57677,56.66767],[13.52211,56.66593],[13.50669,56.66071],[13.47372,56.6243],[13.39758,56.60885],[13.36414,56.6651],[13.32827,56.68769],[13.30779,56.68547],[13.32511,56.70757],[13.31712,56.71952],[13.31887,56.78224],[13.29816,56.82365],[13.33791,56.83824],[13.33463,56.87416],[13.35896,56.85729],[13.40507,56.87059],[13.43222,56.86904],[13.44369,56.8798],[13.46996,56.87859],[13.47129,56.87029],[13.48727,56.87106],[13.52988,56.89129],[13.53869,56.88687],[13.55932,56.89364],[13.58227,56.89007],[13.61817,56.90859],[13.66203,56.91355],[13.66602,56.9209],[13.68742,56.92681],[13.68155,56.9422],[13.69357,56.96354],[13.6807,56.9721],[13.69142,56.97604],[13.71262,57.01796],[13.73312,57.036],[13.76024,57.03563],[13.75456,57.02883],[13.77632,57.02422],[13.80249,57.02877],[13.82186,57.008],[13.85413,56.9982],[13.87442,57.01839],[13.91032,57.01842],[13.92477,57.04059],[13.97569,57.04149],[13.98999,57.02935],[14.0168,57.05182],[14.04486,57.05054],[14.09101,57.04112],[14.10019,57.03488],[14.09481,57.0211],[14.13235,57.02255],[14.15239,57.02941],[14.1531,56.99842],[14.18035,56.98871],[14.19177,56.95781],[14.21613,56.95496],[14.20929,56.94525],[14.2268,56.90978],[14.25584,56.88674],[14.2992,56.87921],[14.28997,56.85],[14.27841,56.84337],[14.30363,56.81083],[14.28974,56.78552],[14.28838,56.74309],[14.26636,56.72572],[14.24285,56.71881],[14.2358,56.7026],[14.20553,56.68975],[14.1977,56.67438],[14.12646,56.66233],[14.12241,56.66984],[14.10857,56.66871],[14.10772,56.68507],[14.09019,56.67845],[14.08444,56.70506],[14.0581,56.71493],[14.04826,56.71481]]]}},{"type":"Feature","id":"0821","properties":{"code":"0821"},"geometry":{"type":"Polygon","coordinates":[[[16.14911,57.17551],[16.16721,57.16825],[16.14789,57.13829],[16.13332,57.13759],[16.12742,57.12861],[16.15233,57.13009],[16.1478,57.12277],[16.12644,57.12233],[16.12047,57.11507],[16.14195,57.10616],[16.16,57.10712],[16.23032,57.05262],[16.2489,57.04754],[16.24449,57.0425],[16.25869,57.04407],[16.27484,57.03867],[16.26471,57.03625],[16.25756,57.04092],[16.26166,57.03556],[16.24726,57.0281],[16.25747,57.01429],[16.24512,57.00017],[16.25353,56.99874],[16.24907,56.99045],[16.26311,56.98705],[16.25734,56.98261],[16.23644,56.98382],[16.25616,56.9804],[16.24595,56.97009],[16.23664,56.97734],[16.16042,56.97819],[16.09179,56.98591],[16.05981,56.96534],[16.04083,56.97272],[16.03576,56.98374],[16.0307,56.97688],[15.99955,56.97346],[16.00723,56.98142],[15.99989,56.98556],[16.00191,57.01381],[15.98705,57.02941],[15.99808,57.0363],[15.98921,57.04959],[15.97242,57.05183],[15.9321,57.07437],[15.93074,57.08357],[15.89117,57.07877],[15.888,57.08938],[15.8455,57.08346],[15.83691,57.0873],[15.8152,57.07038],[15.77241,57.06321],[15.74317,57.06669],[15.72989,57.06144],[15.72127,57.07551],[15.68924,57.08007],[15.6414,57.11096],[15.64011,57.12861],[15.61398,57.13031],[15.57583,57.14869],[15.55131,57.14729],[15.56234,57.16463],[15.55521,57.18893],[15.54669,57.18522],[15.52764,57.19245],[15.55148,57.21685],[15.58616,57.20812],[15.58103,57.21557],[15.63899,57.24905],[15.6427,57.23956],[15.67605,57.22656],[15.69855,57.23362],[15.73625,57.22932],[15.76834,57.20158],[15.78567,57.20782],[15.78505,57.23165],[15.80226,57.23911],[15.9112,57.25681],[15.93493,57.243],[15.95623,57.25111],[15.9766,57.24608],[16.02103,57.26272],[16.03257,57.25964],[16.04653,57.26455],[16.0684,57.24458],[16.09862,57.25758],[16.20331,57.26002],[16.15953,57.24474],[16.16521,57.21691],[16.14961,57.1963],[16.14911,57.17551]]]}},{"type":"Feature","id":"0834","properties":{"code":"0834"},"geometry":{"type":"Polygon","coordinates":[[[16.00406,56.51811],[16.00665,56.49864],[16.04427,56.47956],[16.06645,56.47919],[16.06156,56.46786],[16.09447,56.46888],[16.13233,56.46066],[16.25056,56.42553],[16.22368,56.30529],[16.04234,56.32273],[16.01813,56.31327],[16.01163,56.29741],[15.97915,56.30089],[15.9702,56.31401],[15.96318,56.31141],[15.94268,56.31961],[15.9096,56.3148],[15.84185,56.32275],[15.80701,56.34183],[15.73579,56.41452],[15.67737,56.42496],[15.66856,56.44155],[15.69111,56.46323],[15.6907,56.47941],[15.70313,56.4799],[15.71112,56.47014],[15.71583,56.47704],[15.69086,56.4935],[15.73499,56.51295],[15.75605,56.53028],[15.78817,56.51569],[15.81018,56.52061],[15.83676,56.51417],[15.89151,56.51954],[15.94241,56.51237],[15.95636,56.51426],[15.95868,56.52227],[15.9922,56.52652],[16.00406,56.51811]]]}},{"type":"Feature","id":"0840","properties":{"code":"0840"},"geometry":{"type":"Polygon","coordinates":[[[16.50392,56.7641],[16.56384,56.74604],[16.59815,56.74591],[16.59844,56.74311],[16.59381,56.74206],[16.59222,56.73936],[16.60774,56.74483],[16.62912,56.742],[16.63448,56.7179],[16.62483,56.71847],[16.6074,56.68219],[16.61743,56.677],[16.66374,56.66639],[16.69555,56.66922],[17.0706,56.59067],[17.06259,56.55615],[17.03389,56.5097],[16.98435,56.45518],[16.93199,56.36427],[16.91764,56.31257],[16.87684,56.24644],[16.80621,56.14974],[16.75369,56.10228],[16.70354,56.07137],[16.61003,56.02809],[16.21948,55.91413],[16.22368,56.30529],[16.25056,56.42553],[16.31924,56.59123],[16.3587,56.61791],[16.41661,56.64332],[16.43578,56.71803],[16.50392,56.7641]]]}},{"type":"Feature","id":"0860","properties":{"code":"0860"},"geometry":{"type":"Polygon","coordinates":[[[16.02606,57.39945],[16.05317,57.35584],[16.03791,57.35032],[16.04076,57.28371],[16.0506,57.26583],[16.03282,57.25966],[16.02103,57.26272],[15.9766,57.24608],[15.95623,57.25111],[15.93493,57.243],[15.9112,57.25681],[15.80226,57.23911],[15.78505,57.23165],[15.78567,57.20782],[15.76834,57.20158],[15.73625,57.22932],[15.69855,57.23362],[15.67605,57.22656],[15.6427,57.23956],[15.63899,57.24905],[15.58103,57.21557],[15.58616,57.20812],[15.55148,57.21685],[15.52702,57.19203],[15.51275,57.20414],[15.52768,57.23362],[15.45752,57.26995],[15.48225,57.27869],[15.46994,57.30647],[15.4887,57.31167],[15.51319,57.30742],[15.52165,57.33874],[15.50988,57.35069],[15.50937,57.36152],[15.51801,57.36373],[15.49515,57.37408],[15.52404,57.3844],[15.52039,57.40083],[15.52915,57.40638],[15.49868,57.41106],[15.49628,57.42976],[15.50496,57.45725],[15.50844,57.44799],[15.51213,57.45627],[15.5524,57.46825],[15.5969,57.43492],[15.61391,57.44117],[15.62251,57.48721],[15.65455,57.50188],[15.61721,57.5417],[15.57651,57.5479],[15.63087,57.5931],[15.64156,57.58977],[15.67224,57.59798],[15.69934,57.57385],[15.7488,57.58271],[15.77285,57.57243],[15.78802,57.54761],[15.81629,57.53223],[15.83498,57.52962],[15.85402,57.55855],[15.86463,57.56093],[15.88994,57.55209],[15.91006,57.56519],[15.92604,57.56476],[15.96759,57.57689],[15.96846,57.58348],[15.9952,57.58774],[16.06442,57.52835],[16.10484,57.52341],[16.15002,57.5007],[16.18569,57.50307],[16.209,57.48338],[16.18772,57.47401],[16.17728,57.45033],[16.14681,57.45982],[16.15589,57.45519],[16.13949,57.44901],[16.13073,57.42778],[16.11461,57.4178],[16.10361,57.42189],[16.11401,57.40864],[16.10797,57.40511],[16.09016,57.40278],[16.04449,57.43395],[15.99296,57.43342],[15.98446,57.41174],[16.02606,57.39945]]]}},{"type":"Feature","id":"0861","properties":{"code":"0861"},"geometry":{"type":"Polygon","coordinates":[[[16.705,57.02118],[16.55637,56.87668],[16.45059,56.89081],[16.4145,56.88314],[16.39667,56.89407],[16.35173,56.88836],[16.33258,56.90443],[16.27967,56.91465],[16.22489,56.93656],[16.21194,56.96461],[16.19051,56.96855],[16.17902,56.97897],[16.23664,56.97734],[16.24595,56.97009],[16.25616,56.9804],[16.23644,56.98382],[16.25734,56.98261],[16.26311,56.98705],[16.24907,56.99045],[16.25353,56.99874],[16.24512,57.00017],[16.25747,57.01429],[16.24726,57.0281],[16.26166,57.03556],[16.25756,57.04092],[16.26471,57.03625],[16.27497,57.03855],[16.25869,57.04407],[16.25028,57.04009],[16.24449,57.0425],[16.2489,57.04754],[16.23032,57.05262],[16.16,57.10712],[16.14195,57.10616],[16.12047,57.11507],[16.12644,57.12233],[16.1478,57.12277],[16.15209,57.13022],[16.12742,57.12861],[16.13332,57.13759],[16.14789,57.13829],[16.16721,57.16825],[16.14911,57.17551],[16.16359,57.23244],[16.19568,57.22472],[16.23532,57.23207],[16.26006,57.23072],[16.26497,57.24013],[16.28228,57.24509],[16.32346,57.24033],[16.31944,57.23085],[16.34133,57.22127],[16.35893,57.19723],[16.34618,57.19134],[16.40276,57.18542],[16.41145,57.17328],[16.43583,57.16424],[16.43521,57.15536],[16.47411,57.12485],[16.53894,57.13127],[16.57927,57.15088],[16.76389,57.16622],[16.76249,57.1119],[16.705,57.02118]]]}},{"type":"Feature","id":"0862","properties":{"code":"0862"},"geometry":{"type":"Polygon","coordinates":[[[15.66527,56.66428],[15.68323,56.6595],[15.67013,56.64876],[15.67384,56.62996],[15.69378,56.63246],[15.74424,56.60534],[15.76046,56.60311],[15.76057,56.5907],[15.77656,56.58861],[15.7709,56.57127],[15.7417,56.56007],[15.75523,56.5292],[15.69086,56.4935],[15.71583,56.47704],[15.71112,56.47014],[15.70313,56.4799],[15.6907,56.47941],[15.67907,56.44662],[15.66856,56.44155],[15.65435,56.46333],[15.63601,56.45708],[15.59923,56.47205],[15.58576,56.49524],[15.54867,56.50354],[15.52388,56.50249],[15.50534,56.47405],[15.4685,56.48731],[15.44704,56.4825],[15.43884,56.49433],[15.42576,56.49108],[15.38648,56.50062],[15.36677,56.49258],[15.36468,56.48214],[15.34214,56.4846],[15.35723,56.55308],[15.3662,56.55504],[15.35783,56.5639],[15.36729,56.56739],[15.37054,56.55433],[15.38429,56.55353],[15.37901,56.56108],[15.3917,56.58343],[15.36714,56.6023],[15.41915,56.63949],[15.40009,56.65623],[15.42401,56.67125],[15.4098,56.6822],[15.42506,56.71319],[15.39222,56.72049],[15.3843,56.74647],[15.36084,56.75797],[15.36829,56.78065],[15.44485,56.77904],[15.44737,56.79725],[15.48994,56.79537],[15.53844,56.80581],[15.55314,56.8226],[15.55256,56.83841],[15.64793,56.82716],[15.66653,56.78067],[15.69943,56.7927],[15.70454,56.80372],[15.73573,56.78398],[15.71168,56.76819],[15.70615,56.74714],[15.68652,56.74214],[15.6769,56.71318],[15.68218,56.69604],[15.66887,56.70135],[15.65983,56.69876],[15.63774,56.67354],[15.63624,56.66018],[15.66527,56.66428]]]}},{"type":"Feature","id":"0880","properties":{"code":"0880"},"geometry":{"type":"Polygon","coordinates":[[[15.94241,56.69188],[15.99725,56.67474],[15.99827,56.67843],[16.01609,56.67726],[16.00122,56.67724],[16.00473,56.66664],[16.03698,56.66953],[16.05266,56.66133],[16.06905,56.66857],[16.07513,56.68746],[16.04691,56.69199],[16.06181,56.70127],[16.06082,56.7098],[16.0714,56.7098],[16.01978,56.73342],[16.1014,56.74491],[16.10694,56.73737],[16.13072,56.75193],[16.11284,56.78271],[16.12243,56.78554],[16.10572,56.79206],[16.09816,56.82272],[16.10642,56.82966],[16.09634,56.83569],[16.10289,56.84732],[16.12875,56.83214],[16.14109,56.83395],[16.13384,56.85596],[16.15412,56.85408],[16.18371,56.87111],[16.15772,56.89736],[16.22562,56.91961],[16.2369,56.93175],[16.27967,56.91465],[16.33258,56.90443],[16.35173,56.88836],[16.39667,56.89407],[16.4145,56.88314],[16.45059,56.89081],[16.55637,56.87668],[16.50392,56.7641],[16.43578,56.71803],[16.41661,56.64332],[16.3587,56.61791],[16.31924,56.59123],[16.25056,56.42553],[16.13233,56.46066],[16.09447,56.46888],[16.06156,56.46786],[16.06775,56.47841],[16.04427,56.47956],[16.00665,56.49864],[16.00471,56.52209],[15.9922,56.52652],[15.95868,56.52227],[15.95636,56.51426],[15.94202,56.51237],[15.89151,56.51954],[15.83676,56.51417],[15.81018,56.52061],[15.78817,56.51569],[15.75609,56.53019],[15.74237,56.54806],[15.74549,56.56366],[15.7709,56.57127],[15.77492,56.58525],[15.81113,56.5966],[15.8508,56.58906],[15.88294,56.59634],[15.88168,56.6161],[15.92725,56.62762],[15.9395,56.63728],[15.9149,56.66053],[15.91814,56.68193],[15.94241,56.69188]]]}},{"type":"Feature","id":"0881","properties":{"code":"0881"},"geometry":{"type":"Polygon","coordinates":[[[15.91439,56.66261],[15.9395,56.63728],[15.92725,56.62762],[15.88168,56.6161],[15.88294,56.59634],[15.85311,56.58911],[15.81113,56.5966],[15.77492,56.58525],[15.76005,56.59126],[15.76046,56.60311],[15.74424,56.60534],[15.72496,56.61982],[15.70514,56.6229],[15.69378,56.63246],[15.67384,56.62996],[15.67013,56.64876],[15.68061,56.66384],[15.63624,56.66018],[15.63769,56.67342],[15.65983,56.69876],[15.66887,56.70135],[15.68218,56.69604],[15.6769,56.71318],[15.68652,56.74214],[15.70615,56.74714],[15.71168,56.76819],[15.73573,56.78398],[15.70454,56.80372],[15.69943,56.7927],[15.66653,56.78067],[15.64793,56.82716],[15.55256,56.83841],[15.53773,56.86174],[15.55619,56.87406],[15.54624,56.89056],[15.51928,56.90065],[15.52017,56.91406],[15.55545,56.9297],[15.58434,56.92086],[15.59564,56.92575],[15.66687,56.90277],[15.70109,56.91524],[15.7379,56.91122],[15.77697,56.91651],[15.7992,56.91061],[15.83368,56.94351],[15.82986,56.99067],[15.72989,57.06144],[15.74317,57.06669],[15.77241,57.06321],[15.8152,57.07038],[15.83294,57.08653],[15.8455,57.08346],[15.86254,57.08884],[15.888,57.08938],[15.89117,57.07877],[15.93074,57.08357],[15.94061,57.06908],[15.98945,57.04943],[15.99832,57.0349],[15.98743,57.02766],[16.00191,57.01381],[15.99989,56.98556],[16.00722,56.98155],[15.99955,56.97346],[16.0307,56.97688],[16.03576,56.98374],[16.04083,56.97272],[16.05981,56.96534],[16.09179,56.98591],[16.17902,56.97897],[16.19051,56.96855],[16.21194,56.96461],[16.22467,56.93675],[16.2369,56.93175],[16.22562,56.91961],[16.15772,56.89736],[16.18371,56.87111],[16.15412,56.85408],[16.13384,56.85596],[16.14109,56.83395],[16.12875,56.83214],[16.10289,56.84732],[16.09634,56.83569],[16.10642,56.82966],[16.09816,56.82272],[16.10572,56.79206],[16.12243,56.78554],[16.11284,56.78271],[16.13072,56.75193],[16.10694,56.73737],[16.1014,56.74491],[16.01978,56.73342],[16.0714,56.7098],[16.06082,56.7098],[16.06181,56.70127],[16.04691,56.69199],[16.07513,56.68746],[16.06905,56.66857],[16.05266,56.66133],[16.03698,56.66953],[16.00473,56.66664],[16.00122,56.67724],[16.01609,56.67726],[15.99827,56.67843],[15.99725,56.67474],[15.94241,56.69188],[15.91814,56.68193],[15.91439,56.66261]]]}},{"type":"Feature","id":"0882","properties":{"code":"0882"},"geometry":{"type":"Polygon","coordinates":[[[16.57927,57.15088],[16.53894,57.13127],[16.47411,57.12485],[16.43521,57.15536],[16.43583,57.16424],[16.41145,57.17328],[16.40276,57.18542],[16.34618,57.19134],[16.35893,57.19723],[16.34133,57.22127],[16.31944,57.23085],[16.32346,57.24033],[16.28228,57.24509],[16.26497,57.24013],[16.26006,57.23072],[16.23532,57.23207],[16.19568,57.22472],[16.16566,57.2327],[16.15953,57.24474],[16.20331,57.26002],[16.09862,57.25758],[16.06459,57.24495],[16.04722,57.25798],[16.03984,57.29239],[16.03791,57.35032],[16.05317,57.35584],[16.02606,57.39945],[15.98446,57.41174],[15.99296,57.43342],[16.04449,57.43395],[16.09016,57.40278],[16.10797,57.40511],[16.11401,57.40864],[16.10361,57.42189],[16.11461,57.4178],[16.13073,57.42778],[16.13949,57.44901],[16.15589,57.45519],[16.14681,57.45982],[16.17728,57.45033],[16.18774,57.47403],[16.209,57.48338],[16.21714,57.48038],[16.22212,57.49376],[16.24307,57.49554],[16.24023,57.5019],[16.31313,57.51287],[16.31376,57.5242],[16.34285,57.51666],[16.45551,57.51746],[16.47325,57.54911],[16.53636,57.58674],[16.56386,57.57327],[16.62725,57.56802],[16.65844,57.54742],[16.67602,57.55808],[16.65794,57.56911],[16.67263,57.57584],[16.7002,57.57162],[16.7102,57.57532],[16.72484,57.59279],[16.76641,57.61062],[16.82077,57.61575],[17.25591,57.61151],[17.40478,57.49018],[17.02264,57.49445],[16.81858,57.35258],[16.87929,57.24117],[16.76389,57.16622],[16.57927,57.15088]]]}},{"type":"Feature","id":"0883","properties":{"code":"0883"},"geometry":{"type":"Polygon","coordinates":[[[17.27134,57.71571],[17.27402,57.66709],[17.25591,57.61151],[16.82077,57.61575],[16.76641,57.61062],[16.72484,57.59279],[16.7102,57.57532],[16.7002,57.57162],[16.67263,57.57584],[16.65794,57.56911],[16.67602,57.55808],[16.6654,57.54835],[16.64271,57.55239],[16.62725,57.56802],[16.56386,57.57327],[16.53636,57.58674],[16.47325,57.54911],[16.45551,57.51746],[16.32201,57.52069],[16.28545,57.53434],[16.25938,57.56966],[16.21816,57.59361],[16.20904,57.60507],[16.2389,57.61181],[16.2229,57.61629],[16.22632,57.62273],[16.20629,57.63123],[16.19468,57.62306],[16.14505,57.614],[16.12843,57.63367],[16.11714,57.67989],[16.18267,57.69254],[16.16395,57.75666],[16.17182,57.75465],[16.18251,57.76191],[16.14719,57.75702],[16.12753,57.76969],[16.13613,57.77631],[16.14317,57.77349],[16.14305,57.78443],[16.13132,57.78628],[16.11552,57.81217],[16.12196,57.83488],[16.08769,57.84318],[16.08273,57.87578],[16.06244,57.87334],[16.05503,57.89379],[16.06397,57.89899],[16.02936,57.92121],[16.01899,57.94373],[16.02822,57.9547],[16.09274,57.97824],[16.04978,57.98767],[16.02472,58.01106],[15.99549,58.02197],[16.01604,58.06064],[15.98803,58.07644],[16.00692,58.08792],[16.02722,58.07372],[16.06989,58.06992],[16.1285,58.08559],[16.14921,58.06183],[16.17824,58.0644],[16.1627,58.08961],[16.17745,58.11021],[16.20361,58.10458],[16.24074,58.136],[16.26478,58.14244],[16.33254,58.11725],[16.36339,58.13013],[16.41075,58.13071],[16.42915,58.11336],[16.45687,58.11213],[16.46487,58.09879],[16.49084,58.08888],[16.53251,58.1162],[16.55071,58.1093],[16.57037,58.09786],[16.56227,58.08927],[16.60688,58.05307],[16.59254,58.05097],[16.63107,58.01194],[16.62747,58.00279],[16.65786,57.99262],[16.68221,57.9992],[16.72744,57.98487],[16.74316,58.00048],[16.74742,57.9943],[16.75532,58.00113],[16.78886,58.00407],[16.80421,57.99729],[16.82081,58.02674],[16.89612,58.00429],[17.35303,57.99956],[17.23469,57.82561],[17.27134,57.71571]]]}},{"type":"Feature","id":"0884","properties":{"code":"0884"},"geometry":{"type":"Polygon","coordinates":[[[16.11714,57.67989],[16.1406,57.61731],[16.14505,57.614],[16.19468,57.62306],[16.20629,57.63123],[16.22632,57.62273],[16.2229,57.61629],[16.2389,57.61181],[16.20904,57.60507],[16.21816,57.59361],[16.25938,57.56966],[16.28545,57.53434],[16.31376,57.5242],[16.31591,57.5139],[16.24023,57.5019],[16.24307,57.49554],[16.22212,57.49376],[16.21714,57.48038],[16.18569,57.50307],[16.15002,57.5007],[16.10484,57.52341],[16.06442,57.52835],[15.9952,57.58774],[15.96846,57.58348],[15.96759,57.57689],[15.92604,57.56476],[15.91006,57.56519],[15.88994,57.55209],[15.86463,57.56093],[15.85402,57.55855],[15.838,57.54027],[15.8406,57.52994],[15.81629,57.53223],[15.78802,57.54761],[15.77285,57.57243],[15.7488,57.58271],[15.69934,57.57385],[15.68535,57.59227],[15.63094,57.6043],[15.58448,57.63638],[15.51851,57.66116],[15.50295,57.66127],[15.4895,57.67352],[15.48041,57.67162],[15.43912,57.68523],[15.42054,57.70353],[15.44633,57.71853],[15.44057,57.7274],[15.45248,57.73235],[15.43058,57.74502],[15.47923,57.75494],[15.48732,57.76238],[15.50087,57.75786],[15.51384,57.76837],[15.5252,57.76271],[15.55421,57.7726],[15.54235,57.79017],[15.60805,57.83057],[15.59909,57.85366],[15.63135,57.8539],[15.63953,57.84893],[15.67711,57.85989],[15.735,57.8498],[15.76757,57.85163],[15.82234,57.81656],[15.85365,57.82873],[15.89558,57.82964],[15.94417,57.80331],[15.96462,57.82357],[16.02759,57.85923],[16.06896,57.87594],[16.08273,57.87578],[16.08769,57.84318],[16.12196,57.83488],[16.11552,57.81217],[16.13132,57.78628],[16.14305,57.78443],[16.14317,57.77349],[16.13613,57.77631],[16.12753,57.76969],[16.14719,57.75702],[16.18251,57.76191],[16.17182,57.75465],[16.16395,57.75666],[16.18267,57.69254],[16.11714,57.67989]]]}},{"type":"Feature","id":"0885","properties":{"code":"0885"},"geometry":{"type":"Polygon","coordinates":[[[17.16635,56.72021],[17.10081,56.65688],[17.0706,56.59067],[16.69555,56.66922],[16.66374,56.66639],[16.61743,56.677],[16.6074,56.68219],[16.62483,56.71847],[16.63448,56.7179],[16.62912,56.742],[16.60774,56.74483],[16.59151,56.73948],[16.59815,56.74591],[16.53426,56.75072],[16.50392,56.7641],[16.55637,56.87668],[16.705,57.02118],[16.76249,57.1119],[16.76389,57.16622],[16.87929,57.24117],[16.81858,57.35258],[17.02264,57.49445],[17.40478,57.49018],[17.46684,57.43305],[17.50772,57.36033],[17.51939,57.31909],[17.51495,57.27744],[17.49464,57.2372],[17.44341,57.17594],[17.42443,57.11368],[17.21389,56.78032],[17.16635,56.72021]]]}},{"type":"Feature","id":"0980","properties":{"code":"0980"},"geometry":{"type":"Polygon","coordinates":[[[17.84308,57.68536],[18.01536,57.78248],[18.1153,57.90195],[18.17598,57.95027],[18.23704,57.98109],[18.32615,58.01021],[18.4681,58.08175],[18.60282,58.12018],[18.98872,58.17838],[18.92533,58.20978],[18.87475,58.25044],[18.8128,58.33399],[18.79464,58.38168],[18.79727,58.4251],[18.82079,58.47215],[18.86542,58.5148],[18.92856,58.5505],[18.9946,58.57394],[19.06859,58.58964],[19.15084,58.59729],[19.24282,58.59544],[19.35762,58.58364],[19.46086,58.56205],[19.52765,58.53923],[19.61671,58.494],[19.66094,58.45931],[19.69036,58.42056],[19.70373,58.37944],[19.70052,58.33776],[19.68233,58.29881],[19.6485,58.26109],[19.58223,58.21218],[19.53256,58.18641],[19.63039,58.14376],[19.69245,58.09066],[19.71904,58.03694],[19.72289,57.93404],[19.70485,57.89345],[19.66444,57.84984],[19.28401,57.56741],[19.33225,57.52246],[19.35844,57.46874],[19.35742,57.41392],[19.32838,57.35476],[19.28441,57.31233],[18.62285,56.82683],[18.48271,56.7542],[18.27994,56.70712],[18.1795,56.70134],[18.01477,56.71465],[17.91343,56.74286],[17.8269,56.79065],[17.78049,56.84003],[17.75954,56.89317],[17.75865,56.93583],[17.7835,57.05012],[17.76405,57.11004],[17.70371,57.13553],[17.65412,57.16738],[17.62202,57.19837],[17.59732,57.2384],[17.58761,57.29136],[17.60271,57.34491],[17.64406,57.39576],[17.71193,57.43964],[17.71644,57.49526],[17.74746,57.5892],[17.78113,57.63301],[17.84308,57.68536]]]}},{"type":"Feature","id":"1060","properties":{"code":"1060"},"geometry":{"type":"Polygon","coordinates":[[[14.73904,56.30242],[14.73183,56.27623],[14.74644,56.25898],[14.72512,56.25588],[14.71248,56.26088],[14.701,56.23145],[14.67317,56.2304],[14.66611,56.2214],[14.65612,56.22185],[14.66061,56.20906],[14.61374,56.19979],[14.5925,56.20271],[14.57455,56.19053],[14.56664,56.22412],[14.53116,56.22344],[14.5185,56.21417],[14.46751,56.23925],[14.46615,56.22469],[14.44087,56.22905],[14.42707,56.24758],[14.43548,56.25337],[14.42628,56.25985],[14.43077,56.28956],[14.40546,56.29422],[14.40872,56.3042],[14.39015,56.30133],[14.41883,56.36713],[14.41378,56.40022],[14.47251,56.40824],[14.51455,56.45999],[14.61407,56.43799],[14.62454,56.42021],[14.66845,56.3987],[14.69575,56.34032],[14.73904,56.30242]]]}},{"type":"Feature","id":"1080","properties":{"code":"1080"},"geometry":{"type":"Polygon","coordinates":[[[15.45329,55.80246],[15.30656,55.88961],[15.23066,55.89404],[15.4154,56.11605],[15.45305,56.12889],[15.46604,56.12608],[15.4784,56.13395],[15.50585,56.13106],[15.52399,56.14113],[15.51938,56.15838],[15.4937,56.17186],[15.47315,56.20706],[15.49125,56.23841],[15.46548,56.24182],[15.46979,56.25639],[15.48848,56.26078],[15.48413,56.27756],[15.46118,56.27803],[15.44368,56.27013],[15.43438,56.28741],[15.39289,56.27946],[15.38349,56.30158],[15.37282,56.30562],[15.37938,56.34083],[15.35018,56.34479],[15.31356,56.3631],[15.30458,56.36066],[15.29704,56.38319],[15.3484,56.38138],[15.33571,56.40755],[15.34292,56.41213],[15.38826,56.41518],[15.39793,56.40586],[15.418,56.4048],[15.42043,56.41557],[15.4371,56.42456],[15.43762,56.44836],[15.4475,56.44594],[15.45558,56.45205],[15.46811,56.44632],[15.48159,56.44844],[15.50579,56.43498],[15.50683,56.45299],[15.46891,56.46898],[15.4806,56.47998],[15.51173,56.47638],[15.51102,56.4913],[15.52388,56.50249],[15.54867,56.50354],[15.58576,56.49524],[15.59923,56.47205],[15.63601,56.45708],[15.65644,56.46217],[15.67737,56.42496],[15.73579,56.41452],[15.80701,56.34183],[15.84185,56.32275],[15.9096,56.3148],[15.94268,56.31961],[15.96318,56.31141],[15.9702,56.31401],[15.97915,56.30089],[16.01163,56.29741],[16.01813,56.31327],[16.04234,56.32273],[16.22368,56.30529],[16.21948,55.91413],[16.0256,55.85635],[15.95786,55.80893],[15.89364,55.77918],[15.7851,55.75259],[15.69947,55.74669],[15.61385,55.75259],[15.52241,55.7733],[15.45329,55.80246]]]}},{"type":"Feature","id":"1081","properties":{"code":"1081"},"geometry":{"type":"Polygon","coordinates":[[[15.38131,56.33219],[15.37282,56.30562],[15.38349,56.30158],[15.39289,56.27946],[15.43438,56.28741],[15.44368,56.27013],[15.46118,56.27803],[15.48413,56.27756],[15.48848,56.26078],[15.46979,56.25639],[15.46548,56.24182],[15.49125,56.23841],[15.47315,56.20706],[15.4937,56.17186],[15.51938,56.15838],[15.52399,56.14113],[15.50585,56.13106],[15.4784,56.13395],[15.46604,56.12608],[15.45305,56.12889],[15.4154,56.11605],[15.23066,55.89404],[15.04752,56.1375],[15.06713,56.1707],[15.05901,56.18781],[15.07155,56.20606],[15.04134,56.25408],[15.01196,56.27177],[15.03508,56.31913],[15.02109,56.35631],[15.0054,56.36671],[14.95204,56.37143],[14.93077,56.38373],[14.96542,56.40021],[14.97923,56.43403],[15.00088,56.44564],[15.03315,56.45078],[15.05034,56.43772],[15.04978,56.45207],[15.12463,56.4551],[15.14594,56.43653],[15.19344,56.42884],[15.21004,56.43476],[15.22002,56.45087],[15.20863,56.45945],[15.24905,56.46358],[15.26437,56.471],[15.28683,56.4567],[15.32032,56.45551],[15.38648,56.50062],[15.42576,56.49108],[15.43884,56.49433],[15.44704,56.4825],[15.4685,56.48731],[15.47751,56.48373],[15.47703,56.47112],[15.46891,56.46898],[15.50722,56.45196],[15.50579,56.43498],[15.48159,56.44844],[15.46811,56.44632],[15.45558,56.45205],[15.4475,56.44594],[15.43762,56.44836],[15.4371,56.42456],[15.42043,56.41557],[15.418,56.4048],[15.39793,56.40586],[15.38826,56.41518],[15.34292,56.41213],[15.33571,56.40755],[15.3484,56.38138],[15.29704,56.38319],[15.30458,56.36066],[15.31356,56.3631],[15.35018,56.34479],[15.37527,56.34298],[15.38131,56.33219]]]}},{"type":"Feature","id":"1082","properties":{"code":"1082"},"geometry":{"type":"Polygon","coordinates":[[[14.74644,56.25898],[14.73183,56.27623],[14.73904,56.30242],[14.69575,56.34032],[14.6728,56.38999],[14.71758,56.38242],[14.77919,56.38246],[14.85975,56.35888],[14.90442,56.36135],[14.93077,56.38373],[14.95499,56.3706],[15.01501,56.36292],[15.03508,56.31913],[15.01196,56.27177],[15.04134,56.25408],[15.07155,56.20606],[15.05901,56.18781],[15.06713,56.1707],[15.04752,56.1375],[15.23066,55.89404],[14.68644,56.15174],[14.68311,56.16142],[14.66336,56.16382],[14.66154,56.19152],[14.64863,56.19057],[14.65059,56.20761],[14.66061,56.20906],[14.65492,56.22085],[14.66611,56.2214],[14.67317,56.2304],[14.70048,56.23102],[14.71248,56.26088],[14.72512,56.25588],[14.74644,56.25898]]]}},{"type":"Feature","id":"1083","properties":{"code":"1083"},"geometry":{"type":"Polygon","coordinates":[[[15.15826,55.89823],[15.08245,55.84968],[14.99185,55.81807],[14.91661,55.80423],[14.79894,55.7968],[14.59533,55.755],[14.5321,56.03688],[14.55586,56.08294],[14.57832,56.09749],[14.58625,56.12917],[14.57455,56.19053],[14.59144,56.20239],[14.61374,56.19979],[14.65059,56.20761],[14.64863,56.19057],[14.66154,56.19152],[14.65642,56.17255],[14.66355,56.16368],[14.68311,56.16142],[14.68644,56.15174],[15.23066,55.89404],[15.15826,55.89823]]]}},{"type":"Feature","id":"1214","properties":{"code":"1214"},"geometry":{"type":"Polygon","coordinates":[[[13.06529,56.08642],[13.09785,56.08844],[13.15711,56.07037],[13.17242,56.0583],[13.16621,56.05343],[13.18957,56.04144],[13.18163,56.03367],[13.22744,56.02399],[13.23776,56.01367],[13.2455,56.02552],[13.294,56.02391],[13.31295,56.02995],[13.34019,56.01447],[13.31028,55.97483],[13.29385,55.97171],[13.29083,55.96461],[13.27606,55.96527],[13.26751,55.95281],[13.26943,55.94647],[13.29851,55.94212],[13.27595,55.92288],[13.29819,55.90321],[13.28977,55.90338],[13.28604,55.89205],[13.2508,55.89837],[13.24035,55.91695],[13.20134,55.90313],[13.18741,55.89051],[13.15153,55.90056],[13.15041,55.89526],[13.12736,55.89004],[13.13212,55.87491],[13.11771,55.87264],[13.13242,55.87146],[13.1311,55.86376],[13.14369,55.85858],[13.1559,55.85941],[13.1583,55.84606],[13.14617,55.82975],[13.1133,55.8283],[13.07978,55.83761],[13.07289,55.84593],[13.05912,55.8407],[13.04702,55.85921],[13.01611,55.86276],[12.97257,55.84799],[12.9573,55.86177],[12.95884,55.87346],[12.97982,55.87857],[12.98147,55.89079],[12.99533,55.89275],[12.98343,55.89601],[12.9976,55.89634],[12.99986,55.90318],[12.99256,55.90755],[12.97874,55.90356],[12.96956,55.91864],[12.94375,55.92198],[12.95445,55.94742],[12.98075,55.95719],[12.9873,55.97994],[12.9944,55.98749],[13.01039,55.98974],[13.00214,56.00506],[13.02979,56.00008],[13.03522,56.00473],[13.01335,56.01294],[13.02492,56.03593],[13.00817,56.03947],[13.02479,56.04827],[13.03945,56.0469],[13.05542,56.06785],[13.07297,56.06823],[13.06529,56.08642]]]}},{"type":"Feature","id":"1230","properties":{"code":"1230"},"geometry":{"type":"Polygon","coordinates":[[[13.13652,55.6556],[13.11049,55.66745],[13.11452,55.68936],[13.10369,55.6928],[13.12388,55.70511],[13.15609,55.69771],[13.17953,55.67782],[13.20712,55.68265],[13.21706,55.67623],[13.23483,55.67654],[13.26808,55.68467],[13.29006,55.67692],[13.28965,55.66048],[13.31862,55.64871],[13.31488,55.6394],[13.35153,55.62973],[13.35402,55.61527],[13.34563,55.61727],[13.34201,55.60989],[13.33145,55.61008],[13.31334,55.61618],[13.29909,55.60259],[13.24783,55.62001],[13.23699,55.61394],[13.19038,55.61303],[13.18238,55.59501],[13.14254,55.59952],[13.13961,55.60556],[13.12498,55.60769],[13.13069,55.62024],[13.1132,55.61952],[13.10902,55.63152],[13.11941,55.63357],[13.1229,55.6498],[13.13652,55.6556]]]}},{"type":"Feature","id":"1231","properties":{"code":"1231"},"geometry":{"type":"Polygon","coordinates":[[[13.13652,55.6556],[13.11941,55.63357],[13.10902,55.63152],[13.1132,55.61952],[13.13046,55.61758],[13.12498,55.60769],[13.10814,55.6041],[13.08213,55.61378],[13.06741,55.6119],[13.06655,55.63087],[13.06105,55.6271],[13.05205,55.63563],[13.0169,55.64089],[13.05256,55.64074],[13.09279,55.65037],[13.09984,55.6643],[13.11203,55.66612],[13.11814,55.65827],[13.13652,55.6556]]]}},{"type":"Feature","id":"1233","properties":{"code":"1233"},"geometry":{"type":"Polygon","coordinates":[[[13.05841,55.52204],[13.10665,55.5241],[13.11334,55.51192],[13.13161,55.50663],[13.14023,55.48973],[13.18036,55.48271],[13.17007,55.47947],[13.17648,55.47543],[13.14987,55.46843],[13.1361,55.45177],[13.11888,55.451],[13.10593,55.46266],[13.05124,55.45923],[13.05237,55.4312],[13.06537,55.4211],[13.04626,55.41789],[13.04298,55.40409],[13.02292,55.4016],[13.02572,55.39409],[12.96807,55.34089],[12.98053,55.16295],[12.92297,55.14837],[12.71173,55.30206],[12.69608,55.32461],[12.69446,55.34977],[12.6408,55.33667],[12.60942,55.43112],[12.71412,55.4886],[12.71714,55.49965],[12.87889,55.48059],[12.9406,55.50627],[13.01071,55.50628],[13.05841,55.52204]]]}},{"type":"Feature","id":"1256","properties":{"code":"1256"},"geometry":{"type":"Polygon","coordinates":[[[14.23018,56.45408],[14.24692,56.44441],[14.20465,56.36462],[14.22185,56.35562],[14.21707,56.34554],[14.24759,56.33804],[14.25233,56.36773],[14.2944,56.37155],[14.29606,56.36186],[14.31018,56.35761],[14.31399,56.33613],[14.30079,56.32558],[14.28521,56.32726],[14.27431,56.30228],[14.28776,56.28687],[14.31973,56.30085],[14.32841,56.28834],[14.34537,56.2911],[14.33249,56.27327],[14.28437,56.24731],[14.2647,56.21653],[14.27642,56.20045],[14.25795,56.19693],[14.24592,56.17395],[14.21718,56.1719],[14.20399,56.14946],[14.17582,56.15414],[14.16862,56.14871],[14.15194,56.15528],[14.15027,56.15476],[14.14799,56.14647],[14.15872,56.13983],[14.15175,56.13052],[14.1234,56.12589],[14.06376,56.13442],[14.00698,56.15906],[14.0192,56.16525],[14.01432,56.17592],[13.98776,56.17814],[13.99284,56.18659],[13.97585,56.19555],[13.98089,56.20976],[13.96947,56.23678],[13.98586,56.25279],[13.97269,56.25441],[13.99949,56.26423],[14.00051,56.27675],[14.01271,56.27948],[14.00018,56.28444],[13.99119,56.27789],[13.98461,56.28019],[13.98939,56.31413],[14.02188,56.33934],[14.06869,56.33338],[14.07846,56.35663],[14.11471,56.36673],[14.13007,56.3642],[14.13767,56.38508],[14.16482,56.39509],[14.18026,56.428],[14.19047,56.42616],[14.23018,56.45408]]]}},{"type":"Feature","id":"1257","properties":{"code":"1257"},"geometry":{"type":"Polygon","coordinates":[[[13.46816,56.4269],[13.50053,56.40562],[13.51236,56.41149],[13.54262,56.40379],[13.58065,56.40903],[13.57905,56.39512],[13.52297,56.37645],[13.50869,56.35034],[13.49608,56.34662],[13.51534,56.30717],[13.49728,56.30232],[13.50288,56.29365],[13.49304,56.29166],[13.48294,56.30353],[13.45995,56.30723],[13.4447,56.29205],[13.43163,56.29105],[13.42262,56.26639],[13.34749,56.2693],[13.27258,56.21565],[13.23315,56.21787],[13.22033,56.21097],[13.22163,56.20059],[13.20311,56.19303],[13.17845,56.19757],[13.18053,56.21079],[13.16005,56.20844],[13.1501,56.22073],[13.12059,56.23153],[13.12855,56.23936],[13.12242,56.24388],[13.14866,56.25172],[13.11717,56.25848],[13.14647,56.26668],[13.17203,56.28268],[13.1993,56.31048],[13.19599,56.32414],[13.2288,56.33248],[13.25424,56.35096],[13.2515,56.35767],[13.30481,56.38525],[13.34667,56.39051],[13.38559,56.41451],[13.46816,56.4269]]]}},{"type":"Feature","id":"1260","properties":{"code":"1260"},"geometry":{"type":"Polygon","coordinates":[[[13.00817,56.03947],[13.02527,56.03186],[13.01335,56.01294],[13.03522,56.00473],[13.02979,56.00008],[13.00214,56.00506],[13.01039,55.98974],[12.95267,55.97405],[12.93578,55.98188],[12.9106,55.98235],[12.91643,56.00671],[12.89388,56.01585],[12.89892,56.01988],[12.92857,56.01647],[12.93361,56.02132],[12.91323,56.04326],[12.90199,56.04385],[12.91632,56.06264],[12.9059,56.06295],[12.87746,56.08432],[12.88373,56.10701],[12.90006,56.1033],[12.90993,56.11346],[12.92448,56.11295],[12.91673,56.11859],[12.94945,56.12205],[12.99006,56.10865],[13.00448,56.11316],[13.07297,56.06823],[13.05542,56.06785],[13.03945,56.0469],[13.02479,56.04827],[13.00817,56.03947]]]}},{"type":"Feature","id":"1261","properties":{"code":"1261"},"geometry":{"type":"Polygon","coordinates":[[[13.0352,55.83159],[13.0681,55.84597],[13.1133,55.8283],[13.15405,55.82893],[13.17502,55.83882],[13.21123,55.84494],[13.21875,55.78931],[13.20355,55.78617],[13.1838,55.79401],[13.13706,55.79134],[13.14281,55.78056],[13.13519,55.76978],[13.14501,55.76917],[13.13451,55.75818],[13.13862,55.74894],[13.10023,55.74692],[13.07727,55.73946],[13.04848,55.75697],[13.03618,55.75243],[13.01779,55.75633],[12.99081,55.72574],[12.97233,55.67977],[12.87616,55.66397],[12.758,55.77991],[12.85385,55.81463],[12.9509,55.82721],[13.02825,55.8219],[13.0352,55.83159]]]}},{"type":"Feature","id":"1262","properties":{"code":"1262"},"geometry":{"type":"Polygon","coordinates":[[[13.11199,55.66969],[13.09279,55.65037],[13.05256,55.64074],[13.0169,55.64089],[12.97233,55.67977],[12.99081,55.72574],[13.01789,55.75637],[13.03618,55.75243],[13.04848,55.75697],[13.07727,55.73946],[13.10991,55.74826],[13.12318,55.74171],[13.13589,55.74308],[13.13011,55.71947],[13.11533,55.71431],[13.10372,55.69529],[13.11452,55.68936],[13.11199,55.66969]]]}},{"type":"Feature","id":"1263","properties":{"code":"1263"},"geometry":{"type":"Polygon","coordinates":[[[13.19038,55.61303],[13.21636,55.61663],[13.23962,55.61433],[13.24783,55.62001],[13.26988,55.61612],[13.31494,55.58683],[13.32285,55.57221],[13.31599,55.56184],[13.33152,55.56264],[13.33405,55.57086],[13.34828,55.56124],[13.33742,55.55912],[13.34086,55.54983],[13.34917,55.55765],[13.37773,55.5585],[13.38147,55.54091],[13.40189,55.52522],[13.43049,55.52497],[13.44897,55.53129],[13.46028,55.52542],[13.48169,55.52742],[13.45493,55.52407],[13.45456,55.51545],[13.43595,55.50903],[13.41105,55.48168],[13.40331,55.48339],[13.37775,55.46595],[13.33992,55.47527],[13.32111,55.47155],[13.28137,55.48306],[13.25053,55.46887],[13.24121,55.47073],[13.23878,55.48147],[13.23792,55.47527],[13.22567,55.48375],[13.20104,55.46831],[13.18142,55.46802],[13.17007,55.47947],[13.18036,55.48271],[13.17617,55.48676],[13.14008,55.48982],[13.13161,55.50663],[13.11334,55.51192],[13.10642,55.53034],[13.13522,55.54123],[13.11488,55.55647],[13.14794,55.56565],[13.14002,55.57193],[13.15176,55.58177],[13.1404,55.59997],[13.18238,55.59501],[13.19038,55.61303]]]}},{"type":"Feature","id":"1264","properties":{"code":"1264"},"geometry":{"type":"Polygon","coordinates":[[[13.6223,55.44409],[13.6266,55.43323],[13.6572,55.4233],[13.65893,55.38438],[13.84066,55.21753],[13.78285,55.21813],[13.71062,55.19846],[13.61322,55.18558],[13.54543,55.16624],[13.53662,55.32385],[13.48031,55.37978],[13.49216,55.39464],[13.47458,55.41337],[13.44537,55.42056],[13.45915,55.43247],[13.45207,55.44686],[13.47439,55.44628],[13.46328,55.46936],[13.47136,55.47125],[13.44622,55.47943],[13.44732,55.51097],[13.45493,55.52407],[13.48696,55.52886],[13.47928,55.53408],[13.48518,55.54341],[13.4962,55.54405],[13.50834,55.55771],[13.49926,55.57372],[13.51621,55.57488],[13.52343,55.58366],[13.53187,55.57809],[13.51698,55.56969],[13.51916,55.56327],[13.53331,55.5653],[13.54206,55.5446],[13.55211,55.5457],[13.55693,55.53924],[13.56457,55.54524],[13.57668,55.53236],[13.57931,55.53822],[13.61363,55.53229],[13.61615,55.53924],[13.63268,55.53718],[13.6403,55.5342],[13.63676,55.52559],[13.66052,55.52135],[13.65259,55.50938],[13.64331,55.51032],[13.65497,55.50549],[13.64558,55.49962],[13.66418,55.50028],[13.66004,55.48713],[13.65719,55.48237],[13.64255,55.48341],[13.64261,55.4655],[13.6223,55.44409]]]}},{"type":"Feature","id":"1265","properties":{"code":"1265"},"geometry":{"type":"Polygon","coordinates":[[[13.79089,55.55956],[13.77562,55.55058],[13.78103,55.54197],[13.76068,55.53424],[13.75615,55.54103],[13.73719,55.53152],[13.70938,55.53122],[13.71562,55.52223],[13.70574,55.51224],[13.68633,55.5112],[13.688,55.52308],[13.67956,55.52317],[13.67854,55.5095],[13.66853,55.52622],[13.67779,55.53009],[13.6643,55.53337],[13.65966,55.52358],[13.6372,55.52549],[13.6403,55.5342],[13.61696,55.53928],[13.61363,55.53229],[13.57931,55.53822],[13.57668,55.53236],[13.56457,55.54524],[13.55693,55.53924],[13.55211,55.5457],[13.54206,55.5446],[13.53331,55.5653],[13.51923,55.56315],[13.51698,55.56969],[13.52936,55.5722],[13.53112,55.58318],[13.52044,55.58918],[13.53231,55.59348],[13.53002,55.62024],[13.54662,55.63646],[13.60066,55.63109],[13.60835,55.64063],[13.61388,55.66766],[13.57118,55.68881],[13.59961,55.71444],[13.59006,55.72781],[13.61366,55.73006],[13.61442,55.72328],[13.61742,55.72211],[13.65227,55.72803],[13.65637,55.72176],[13.66612,55.73804],[13.75729,55.74267],[13.76118,55.763],[13.78045,55.77386],[13.80343,55.77634],[13.80725,55.76828],[13.84446,55.76515],[13.84633,55.75784],[13.85753,55.75566],[13.87939,55.75302],[13.91284,55.75906],[13.92564,55.74448],[13.89673,55.73061],[13.89255,55.71323],[13.90486,55.7127],[13.91194,55.70161],[13.9282,55.69611],[13.91874,55.69056],[13.94865,55.68105],[13.95312,55.66913],[13.98634,55.64928],[13.97666,55.63565],[13.94807,55.6368],[13.95745,55.63123],[13.9443,55.62574],[13.94801,55.62047],[13.92003,55.62566],[13.91532,55.61724],[13.93696,55.60791],[13.93161,55.59798],[13.89557,55.58894],[13.8771,55.59342],[13.85036,55.56608],[13.82528,55.57528],[13.81548,55.56272],[13.79089,55.55956]]]}},{"type":"Feature","id":"1266","properties":{"code":"1266"},"geometry":{"type":"Polygon","coordinates":[[[13.89157,55.82323],[13.9142,55.81904],[13.91921,55.80236],[13.95814,55.79737],[13.95078,55.78961],[13.96331,55.78097],[13.9566,55.76988],[13.9212,55.74855],[13.91284,55.75906],[13.87205,55.75364],[13.84633,55.75784],[13.84446,55.76515],[13.80725,55.76828],[13.80343,55.77634],[13.7867,55.77535],[13.76118,55.763],[13.75729,55.74267],[13.66612,55.73804],[13.65637,55.72176],[13.65227,55.72803],[13.61742,55.72211],[13.60844,55.73636],[13.56381,55.74009],[13.57595,55.74477],[13.56786,55.75244],[13.58344,55.78125],[13.61722,55.79336],[13.63789,55.7936],[13.6413,55.79872],[13.56127,55.80775],[13.54523,55.86753],[13.55999,55.8785],[13.54783,55.89263],[13.56286,55.90236],[13.57556,55.90086],[13.5789,55.91018],[13.6149,55.92775],[13.62027,55.95594],[13.64205,55.95297],[13.66683,55.96081],[13.70327,55.95645],[13.71134,55.961],[13.72315,55.94944],[13.74973,55.94156],[13.74759,55.93162],[13.78175,55.90864],[13.76909,55.89751],[13.80741,55.88694],[13.81484,55.88622],[13.82435,55.9021],[13.85918,55.90527],[13.87673,55.92188],[13.89467,55.90832],[13.90783,55.91041],[13.90751,55.89989],[13.88693,55.88085],[13.91385,55.87834],[13.91874,55.86528],[13.90456,55.8573],[13.91,55.85132],[13.88311,55.83732],[13.89157,55.82323]]]}},{"type":"Feature","id":"1267","properties":{"code":"1267"},"geometry":{"type":"Polygon","coordinates":[[[13.52251,56.08868],[13.55942,56.0859],[13.56866,56.07098],[13.56214,56.06163],[13.58537,56.05419],[13.58524,56.04692],[13.63351,56.0389],[13.64083,56.04469],[13.64948,56.03761],[13.64151,56.0308],[13.66418,56.03425],[13.64862,56.02053],[13.67044,56.00365],[13.65172,55.99599],[13.65924,55.98297],[13.62213,55.97259],[13.6149,55.92775],[13.5789,55.91018],[13.57556,55.90086],[13.56286,55.90236],[13.54783,55.89263],[13.55999,55.8785],[13.54523,55.86753],[13.55802,55.83923],[13.55546,55.8208],[13.52006,55.81141],[13.52617,55.80597],[13.51283,55.80634],[13.50964,55.79358],[13.52671,55.79127],[13.50581,55.77788],[13.48893,55.78616],[13.4774,55.78334],[13.4783,55.79354],[13.46175,55.7945],[13.45958,55.80599],[13.44873,55.80741],[13.44481,55.81676],[13.45558,55.81944],[13.44478,55.81681],[13.44832,55.82411],[13.4277,55.81938],[13.42245,55.82599],[13.43948,55.82744],[13.44318,55.86757],[13.42576,55.87276],[13.44066,55.87425],[13.42533,55.87475],[13.42213,55.88111],[13.42816,55.88896],[13.45969,55.89713],[13.44003,55.92277],[13.40284,55.93086],[13.40027,55.9426],[13.37616,55.93645],[13.38399,55.94107],[13.3739,55.94931],[13.38879,55.96498],[13.37617,55.97503],[13.38895,55.99138],[13.38049,56.00032],[13.38683,56.00881],[13.43341,56.00823],[13.44459,56.02088],[13.43882,56.03045],[13.45574,56.03635],[13.46586,56.05687],[13.49558,56.05517],[13.52251,56.08868]]]}},{"type":"Feature","id":"1270","properties":{"code":"1270"},"geometry":{"type":"Polygon","coordinates":[[[14.06781,55.6364],[14.1321,55.60908],[14.16272,55.60635],[14.16711,55.58328],[14.13809,55.57456],[14.15074,55.55468],[14.13014,55.53894],[14.13689,55.51619],[14.08662,55.49784],[14.07421,55.47999],[14.03535,55.47266],[14.00919,55.47646],[13.98976,55.46684],[13.935,55.48491],[13.93536,55.49597],[13.91493,55.49682],[13.90056,55.50883],[13.89766,55.52677],[13.88038,55.5334],[13.84934,55.56929],[13.8771,55.59342],[13.89557,55.58894],[13.93161,55.59798],[13.93696,55.60791],[13.91532,55.61724],[13.92003,55.62566],[13.94801,55.62047],[13.9443,55.62574],[13.95745,55.63123],[13.94807,55.6368],[13.98203,55.63915],[13.98212,55.65487],[13.95312,55.66913],[13.94865,55.68105],[13.91874,55.69056],[13.92782,55.69668],[13.88965,55.71789],[13.89673,55.73061],[13.92564,55.74448],[13.9212,55.74855],[13.94836,55.76162],[13.96144,55.7767],[13.98542,55.76936],[14.0139,55.76936],[14.01095,55.76136],[14.02758,55.76108],[14.05462,55.76887],[14.05423,55.78516],[14.07687,55.78337],[14.09454,55.77767],[14.08455,55.75955],[14.10312,55.75631],[14.0945,55.74779],[14.09967,55.74198],[14.1097,55.74879],[14.11538,55.73948],[14.08933,55.74117],[14.08899,55.73639],[14.15053,55.7237],[14.10526,55.71533],[14.06825,55.6887],[14.07734,55.67488],[14.06758,55.67528],[14.06083,55.66184],[14.06974,55.65742],[14.06781,55.6364]]]}},{"type":"Feature","id":"1272","properties":{"code":"1272"},"geometry":{"type":"Polygon","coordinates":[[[14.55586,56.08294],[14.5321,56.03688],[14.53967,55.98274],[14.50971,56.01536],[14.44536,56.0298],[14.43772,56.02325],[14.42418,56.02502],[14.40336,56.03533],[14.38063,56.03699],[14.40333,56.06953],[14.44458,56.07493],[14.4459,56.10454],[14.46197,56.11021],[14.47572,56.14947],[14.46364,56.14902],[14.43761,56.12366],[14.42057,56.13995],[14.42854,56.17545],[14.41153,56.19523],[14.43432,56.20774],[14.44087,56.22905],[14.46615,56.22469],[14.46751,56.23925],[14.5185,56.21417],[14.53116,56.22344],[14.56664,56.22412],[14.58625,56.12917],[14.57832,56.09749],[14.55586,56.08294]]]}},{"type":"Feature","id":"1273","properties":{"code":"1273"},"geometry":{"type":"Polygon","coordinates":[[[14.27602,56.49816],[14.34411,56.48443],[14.43485,56.46976],[14.45763,56.47296],[14.4711,56.46394],[14.51455,56.45999],[14.47251,56.40824],[14.41378,56.40022],[14.41883,56.36713],[14.39015,56.30133],[14.36178,56.29948],[14.33383,56.28864],[14.32054,56.3009],[14.28776,56.28687],[14.27431,56.30228],[14.28521,56.32726],[14.30079,56.32558],[14.31399,56.33613],[14.31018,56.35761],[14.29606,56.36186],[14.2944,56.37155],[14.25233,56.36773],[14.25499,56.35718],[14.24418,56.33698],[14.21745,56.3452],[14.22185,56.35562],[14.20518,56.36249],[14.21467,56.39467],[14.24585,56.44047],[14.2414,56.45232],[14.22454,56.45391],[14.19047,56.42616],[14.18026,56.428],[14.16482,56.39509],[14.13767,56.38508],[14.13007,56.3642],[14.11471,56.36673],[14.07846,56.35663],[14.06869,56.33338],[14.02188,56.33934],[13.98939,56.31413],[13.97347,56.32535],[13.93391,56.32765],[13.91619,56.31931],[13.93447,56.36267],[13.92553,56.35958],[13.9094,56.36736],[13.89658,56.35795],[13.89157,56.36071],[13.89179,56.37187],[13.90624,56.38111],[13.89251,56.40076],[13.8448,56.38938],[13.84343,56.39555],[13.81709,56.38203],[13.79124,56.39384],[13.75315,56.3858],[13.74592,56.40234],[13.71615,56.40459],[13.69635,56.42464],[13.76042,56.44414],[13.79396,56.4482],[13.87692,56.43678],[13.90175,56.45714],[13.92588,56.45751],[13.95211,56.46711],[14.0252,56.46792],[14.05624,56.50075],[14.0624,56.52687],[14.09145,56.53282],[14.11899,56.52489],[14.12581,56.50552],[14.14339,56.5075],[14.17987,56.4941],[14.2002,56.49673],[14.23295,56.49093],[14.26745,56.50683],[14.27779,56.5056],[14.27602,56.49816]]]}},{"type":"Feature","id":"1275","properties":{"code":"1275"},"geometry":{"type":"Polygon","coordinates":[[[13.40056,56.09488],[13.37251,56.1214],[13.36077,56.11612],[13.34746,56.1228],[13.29756,56.12738],[13.30788,56.13764],[13.28999,56.14702],[13.30934,56.15889],[13.30682,56.16904],[13.26511,56.18357],[13.27836,56.19549],[13.27185,56.21545],[13.27946,56.22553],[13.3214,56.24596],[13.34749,56.2693],[13.41796,56.26601],[13.46643,56.21051],[13.45132,56.19212],[13.45411,56.17446],[13.46854,56.16411],[13.46139,56.15999],[13.46797,56.14206],[13.44343,56.13177],[13.42782,56.10044],[13.40888,56.1005],[13.40056,56.09488]]]}},{"type":"Feature","id":"1276","properties":{"code":"1276"},"geometry":{"type":"Polygon","coordinates":[[[13.29756,56.12738],[13.34746,56.1228],[13.36077,56.11612],[13.37251,56.1214],[13.37303,56.11217],[13.39262,56.10708],[13.40056,56.09488],[13.42096,56.1026],[13.44898,56.08944],[13.45905,56.09218],[13.48897,56.08087],[13.5183,56.09321],[13.50909,56.06411],[13.49558,56.05517],[13.46586,56.05687],[13.45574,56.03635],[13.43882,56.03045],[13.44459,56.02088],[13.43341,56.00823],[13.39092,56.01093],[13.3808,56.00099],[13.33604,56.00672],[13.34019,56.01447],[13.31295,56.02995],[13.294,56.02391],[13.2455,56.02552],[13.23776,56.01367],[13.22744,56.02399],[13.18163,56.03367],[13.18957,56.04144],[13.16621,56.05343],[13.17242,56.0583],[13.16423,56.06637],[13.0991,56.08708],[13.10475,56.09731],[13.0823,56.10337],[13.10568,56.12507],[13.08017,56.13721],[13.06585,56.16542],[13.03288,56.16215],[13.01515,56.19102],[13.0057,56.19688],[12.98335,56.19767],[12.98449,56.20519],[12.99739,56.21118],[13.01618,56.20572],[13.03823,56.21236],[13.06556,56.20817],[13.12059,56.23153],[13.1501,56.22073],[13.16005,56.20844],[13.18053,56.21079],[13.17845,56.19757],[13.20002,56.19234],[13.22163,56.20059],[13.22033,56.21097],[13.23315,56.21787],[13.27185,56.21545],[13.27836,56.19549],[13.26511,56.18357],[13.3046,56.17104],[13.31045,56.16147],[13.28999,56.14702],[13.30788,56.13764],[13.29756,56.12738]]]}},{"type":"Feature","id":"1277","properties":{"code":"1277"},"geometry":{"type":"Polygon","coordinates":[[[12.85588,56.13506],[12.87219,56.13308],[12.88235,56.14208],[12.89662,56.14265],[12.89604,56.13647],[12.93211,56.14076],[12.94855,56.14898],[12.96258,56.17834],[12.99329,56.17973],[13.01255,56.18736],[13.03287,56.17185],[13.03288,56.16215],[13.06606,56.16523],[13.08017,56.13721],[13.10568,56.12507],[13.08216,56.10353],[13.10614,56.09434],[13.0892,56.08641],[13.06529,56.08642],[13.07014,56.07451],[13.00448,56.11316],[12.99006,56.10865],[12.94945,56.12205],[12.91673,56.11859],[12.92448,56.11295],[12.90993,56.11346],[12.90006,56.1033],[12.88373,56.10701],[12.87664,56.08724],[12.84095,56.10465],[12.84908,56.11275],[12.83673,56.12461],[12.85588,56.13506]]]}},{"type":"Feature","id":"1278","properties":{"code":"1278"},"geometry":{"type":"Polygon","coordinates":[[[12.95777,56.4134],[12.96858,56.41139],[12.95285,56.39212],[12.96799,56.38904],[12.94882,56.36763],[12.91796,56.36371],[12.87971,56.37715],[12.89057,56.36284],[12.87027,56.35608],[12.85939,56.33616],[12.83868,56.336],[12.83388,56.32207],[12.78405,56.32751],[12.78183,56.31929],[12.75935,56.32186],[12.64904,56.30787],[12.18409,56.47737],[12.24085,56.55722],[12.79711,56.55217],[12.89555,56.4495],[12.95774,56.43996],[12.9524,56.43115],[12.96576,56.4277],[12.95777,56.4134]]]}},{"type":"Feature","id":"1280","properties":{"code":"1280"},"geometry":{"type":"Polygon","coordinates":[[[13.10676,55.52411],[13.05331,55.52244],[13.04755,55.51516],[13.01071,55.50628],[12.9406,55.50627],[12.87889,55.48059],[12.71714,55.49965],[12.72828,55.54027],[12.8802,55.61357],[12.89405,55.64358],[12.87616,55.66397],[12.97233,55.67977],[13.01684,55.6409],[13.05205,55.63563],[13.06105,55.6271],[13.06655,55.63087],[13.06837,55.61146],[13.08213,55.61378],[13.09597,55.60482],[13.11437,55.60827],[13.14237,55.60428],[13.1401,55.59166],[13.15176,55.58177],[13.14002,55.57193],[13.1475,55.56478],[13.11463,55.55495],[13.13522,55.54123],[13.10708,55.532],[13.10676,55.52411]]]}},{"type":"Feature","id":"1281","properties":{"code":"1281"},"geometry":{"type":"Polygon","coordinates":[[[13.19672,55.68187],[13.17953,55.67782],[13.16767,55.68145],[13.17032,55.68805],[13.14008,55.70402],[13.11187,55.70232],[13.11533,55.71431],[13.13011,55.71947],[13.1272,55.73259],[13.13697,55.73435],[13.13589,55.74308],[13.12318,55.74171],[13.11845,55.74727],[13.14157,55.75183],[13.13706,55.79134],[13.1838,55.79401],[13.23371,55.77692],[13.28578,55.77841],[13.30601,55.76814],[13.28728,55.75063],[13.30244,55.74771],[13.33122,55.75422],[13.36673,55.74312],[13.40958,55.74222],[13.443,55.72929],[13.46667,55.73044],[13.49872,55.7217],[13.54056,55.69995],[13.56514,55.69598],[13.61749,55.66292],[13.60282,55.63142],[13.54662,55.63646],[13.53446,55.62594],[13.53231,55.59348],[13.52044,55.58918],[13.51737,55.5754],[13.49926,55.57372],[13.50834,55.55771],[13.4962,55.54405],[13.48518,55.54341],[13.47928,55.53408],[13.48696,55.52886],[13.46028,55.52542],[13.44897,55.53129],[13.43049,55.52497],[13.40189,55.52522],[13.38147,55.54091],[13.37773,55.5585],[13.34917,55.55765],[13.34086,55.54983],[13.33742,55.55912],[13.34854,55.5602],[13.34828,55.56124],[13.33405,55.57086],[13.3311,55.5625],[13.31361,55.56451],[13.32285,55.57221],[13.29575,55.60279],[13.31334,55.61618],[13.34201,55.60989],[13.35462,55.61976],[13.35153,55.62973],[13.31488,55.6394],[13.31862,55.64871],[13.28965,55.66048],[13.29006,55.67692],[13.26808,55.68467],[13.23483,55.67654],[13.19672,55.68187]]]}},{"type":"Feature","id":"1282","properties":{"code":"1282"},"geometry":{"type":"Polygon","coordinates":[[[12.9509,55.82721],[12.85385,55.81463],[12.758,55.77991],[12.69873,55.83625],[12.67767,55.89312],[12.64639,55.92584],[12.64987,55.96315],[12.69295,55.95669],[12.79354,55.95846],[12.79747,55.96357],[12.81078,55.96314],[12.8359,55.95079],[12.82805,55.9373],[12.84543,55.93497],[12.85971,55.9514],[12.88806,55.94567],[12.88926,55.95716],[12.91958,55.94028],[12.91633,55.92549],[12.92475,55.91938],[12.95511,55.92299],[12.96956,55.91864],[12.97874,55.90356],[12.99823,55.90724],[12.9976,55.89634],[12.98343,55.89601],[12.99296,55.88922],[12.98147,55.89079],[12.97982,55.87857],[12.95884,55.87346],[12.9573,55.86177],[12.97257,55.84799],[13.01611,55.86276],[13.04702,55.85921],[13.05909,55.83943],[13.03059,55.83139],[13.02825,55.8219],[12.9509,55.82721]]]}},{"type":"Feature","id":"1283","properties":{"code":"1283"},"geometry":{"type":"Polygon","coordinates":[[[12.80165,55.96318],[12.79354,55.95846],[12.69295,55.95669],[12.64987,55.96315],[12.65165,56.04814],[12.53963,56.11588],[12.59526,56.14223],[12.63928,56.1492],[12.64339,56.15701],[12.65509,56.15322],[12.6526,56.14636],[12.68005,56.14671],[12.67888,56.17015],[12.7157,56.18462],[12.73263,56.18169],[12.72658,56.20121],[12.74952,56.19534],[12.74317,56.20954],[12.76557,56.2153],[12.77246,56.26213],[12.78558,56.21775],[12.79961,56.20884],[12.77726,56.19225],[12.79777,56.18845],[12.8139,56.19505],[12.83216,56.18937],[12.82256,56.17907],[12.79231,56.16757],[12.80583,56.14491],[12.82096,56.13808],[12.82542,56.12659],[12.8389,56.12856],[12.84557,56.12068],[12.84292,56.10103],[12.87959,56.08561],[12.9059,56.06295],[12.91632,56.06264],[12.90199,56.04385],[12.91323,56.04326],[12.93361,56.02132],[12.92857,56.01647],[12.89892,56.01988],[12.89388,56.01585],[12.91643,56.00671],[12.9106,55.98235],[12.93578,55.98188],[12.95267,55.97405],[12.97831,55.9812],[12.98915,55.97695],[12.98075,55.95719],[12.95635,55.95078],[12.95202,55.92808],[12.93146,55.91704],[12.91633,55.92549],[12.91691,55.94298],[12.8897,55.95704],[12.88806,55.94567],[12.85971,55.9514],[12.84543,55.93497],[12.82766,55.93774],[12.8359,55.95079],[12.80165,55.96318]]]}},{"type":"Feature","id":"1284","properties":{"code":"1284"},"geometry":{"type":"Polygon","coordinates":[[[12.60369,56.14428],[12.53963,56.11588],[12.46375,56.149],[12.36519,56.2148],[12.38839,56.24019],[12.3404,56.27063],[12.32587,56.3025],[12.11746,56.38316],[12.18409,56.47737],[12.77246,56.26213],[12.76557,56.2153],[12.74317,56.20954],[12.74952,56.19534],[12.72658,56.20121],[12.73263,56.18169],[12.7157,56.18462],[12.67888,56.17015],[12.68005,56.14671],[12.6526,56.14636],[12.65509,56.15322],[12.64339,56.15701],[12.63928,56.1492],[12.60369,56.14428]]]}},{"type":"Feature","id":"1285","properties":{"code":"1285"},"geometry":{"type":"Polygon","coordinates":[[[13.44318,55.86757],[13.43948,55.82744],[13.42245,55.82599],[13.4277,55.81938],[13.44823,55.82412],[13.44478,55.81681],[13.45294,55.81914],[13.45555,55.81949],[13.44481,55.81676],[13.44873,55.80741],[13.45958,55.80599],[13.46175,55.7945],[13.4783,55.79354],[13.4774,55.78334],[13.48893,55.78616],[13.50581,55.77788],[13.52064,55.78287],[13.52671,55.79127],[13.50964,55.79358],[13.51283,55.80634],[13.52617,55.80597],[13.52006,55.81141],[13.54523,55.82038],[13.55828,55.81874],[13.56127,55.80775],[13.59263,55.801],[13.64044,55.80022],[13.63789,55.7936],[13.61722,55.79336],[13.58344,55.78125],[13.56786,55.75244],[13.57595,55.74477],[13.56408,55.7395],[13.59667,55.73858],[13.61477,55.73123],[13.59006,55.72781],[13.59961,55.71444],[13.57118,55.68881],[13.56514,55.69598],[13.54056,55.69995],[13.49872,55.7217],[13.46667,55.73044],[13.443,55.72929],[13.40958,55.74222],[13.36673,55.74312],[13.33122,55.75422],[13.30244,55.74771],[13.28728,55.75063],[13.30601,55.76814],[13.29238,55.77582],[13.24336,55.77545],[13.20636,55.78604],[13.21875,55.78931],[13.21123,55.84494],[13.14744,55.82908],[13.1559,55.85941],[13.13496,55.86163],[13.13242,55.87146],[13.11744,55.8747],[13.13212,55.87491],[13.12736,55.89004],[13.15041,55.89526],[13.15153,55.90056],[13.18741,55.89051],[13.20134,55.90313],[13.24035,55.91695],[13.2508,55.89837],[13.28604,55.89205],[13.28977,55.90338],[13.29819,55.90321],[13.27595,55.92288],[13.29851,55.94212],[13.26943,55.94647],[13.26751,55.95281],[13.27606,55.96527],[13.29083,55.96461],[13.29385,55.97171],[13.31028,55.97483],[13.33604,56.00672],[13.3808,56.00099],[13.38895,55.99138],[13.37617,55.97503],[13.38879,55.96498],[13.3739,55.94931],[13.38399,55.94107],[13.37616,55.93645],[13.40027,55.9426],[13.40284,55.93086],[13.44003,55.92277],[13.45969,55.89713],[13.42816,55.88896],[13.42213,55.88111],[13.42533,55.87475],[13.43143,55.87629],[13.43184,55.87607],[13.43262,55.87489],[13.4331,55.87473],[13.4368,55.87499],[13.44028,55.87445],[13.44066,55.87425],[13.42535,55.87469],[13.44318,55.86757]]]}},{"type":"Feature","id":"1286","properties":{"code":"1286"},"geometry":{"type":"Polygon","coordinates":[[[14.13482,55.47776],[14.14563,55.46894],[14.12907,55.46529],[14.13302,55.45108],[14.14685,55.43695],[14.20337,55.41479],[14.21248,55.39994],[14.38388,55.35222],[14.1685,55.1777],[13.97779,55.186],[13.84066,55.21753],[13.65893,55.38438],[13.65707,55.42349],[13.6266,55.43323],[13.61946,55.44591],[13.64261,55.4655],[13.64255,55.48341],[13.65719,55.48237],[13.66004,55.48713],[13.66418,55.50028],[13.64558,55.49962],[13.65497,55.50549],[13.64331,55.51032],[13.65199,55.50909],[13.66109,55.51662],[13.66346,55.53307],[13.67922,55.52937],[13.66857,55.52662],[13.67089,55.51137],[13.68085,55.51117],[13.67668,55.52148],[13.68409,55.52341],[13.68633,55.5112],[13.70574,55.51224],[13.71562,55.52223],[13.70938,55.53122],[13.73719,55.53152],[13.75615,55.54103],[13.76068,55.53424],[13.76901,55.53736],[13.78103,55.54197],[13.78087,55.55762],[13.81225,55.56128],[13.82625,55.57521],[13.85403,55.56401],[13.88038,55.5334],[13.89766,55.52677],[13.90056,55.50883],[13.91493,55.49682],[13.93536,55.49597],[13.935,55.48491],[13.98342,55.46808],[14.02279,55.47762],[14.03519,55.47265],[14.07421,55.47999],[14.08681,55.46923],[14.11181,55.47951],[14.13482,55.47776]]]}},{"type":"Feature","id":"1287","properties":{"code":"1287"},"geometry":{"type":"Polygon","coordinates":[[[13.05124,55.45923],[13.10593,55.46266],[13.11888,55.451],[13.13594,55.45174],[13.1567,55.472],[13.17648,55.47543],[13.18142,55.46802],[13.20104,55.46831],[13.22567,55.48375],[13.22876,55.48339],[13.22755,55.4821],[13.23113,55.48118],[13.23253,55.4785],[13.23399,55.47753],[13.23792,55.47527],[13.23878,55.48147],[13.24121,55.47073],[13.25053,55.46887],[13.28137,55.48306],[13.32111,55.47155],[13.33992,55.47527],[13.37775,55.46595],[13.40331,55.48339],[13.41105,55.48168],[13.43595,55.50903],[13.44773,55.5105],[13.44622,55.47943],[13.47136,55.47125],[13.46328,55.46936],[13.47439,55.44628],[13.45207,55.44686],[13.45915,55.43247],[13.44537,55.42056],[13.47458,55.41337],[13.49216,55.39464],[13.48031,55.37978],[13.53662,55.32385],[13.54543,55.16624],[13.45704,55.14504],[13.36449,55.1371],[13.24032,55.14328],[13.0797,55.16404],[12.9966,55.1683],[12.98053,55.16295],[12.96807,55.34089],[13.02572,55.39409],[13.02292,55.4016],[13.04298,55.40409],[13.04626,55.41789],[13.06537,55.4211],[13.05237,55.4312],[13.05124,55.45923]]]}},{"type":"Feature","id":"1290","properties":{"code":"1290"},"geometry":{"type":"Polygon","coordinates":[[[13.90955,55.87892],[13.88693,55.88085],[13.9082,55.90984],[13.89467,55.90832],[13.87815,55.9221],[13.85918,55.90527],[13.82435,55.9021],[13.81484,55.88622],[13.76909,55.89751],[13.78175,55.90864],[13.74787,55.93537],[13.7798,55.96468],[13.75832,55.97408],[13.77418,55.99446],[13.80298,56.01151],[13.81067,56.02673],[13.82263,56.0301],[13.83645,56.01616],[13.85563,56.01526],[13.85887,56.02677],[13.88699,56.02081],[13.91979,56.03931],[13.96916,56.07672],[13.97016,56.08964],[13.97805,56.08573],[13.99334,56.09351],[14.01423,56.15638],[14.06688,56.13329],[14.1234,56.12589],[14.15175,56.13052],[14.15872,56.13983],[14.14799,56.14647],[14.15194,56.15528],[14.16862,56.14871],[14.17582,56.15414],[14.20399,56.14946],[14.21718,56.1719],[14.24592,56.17395],[14.25795,56.19693],[14.27642,56.20045],[14.2647,56.21653],[14.28437,56.24731],[14.33249,56.27327],[14.34767,56.29408],[14.40872,56.3042],[14.40546,56.29422],[14.43077,56.28956],[14.42628,56.25985],[14.43548,56.25337],[14.42707,56.24758],[14.44087,56.22905],[14.43432,56.20774],[14.41174,56.19738],[14.42854,56.17545],[14.42057,56.13995],[14.43761,56.12366],[14.46364,56.14902],[14.47552,56.14617],[14.46197,56.11021],[14.4459,56.10454],[14.44458,56.07493],[14.40333,56.06953],[14.38063,56.03699],[14.40336,56.03533],[14.42418,56.02502],[14.43772,56.02325],[14.44536,56.0298],[14.50971,56.01536],[14.53967,55.98274],[14.59533,55.755],[14.17031,55.76653],[14.12337,55.75315],[14.08727,55.75701],[14.09444,55.77778],[14.05663,55.78529],[14.05192,55.76725],[14.01095,55.76136],[14.0139,55.76936],[13.98542,55.76936],[13.96144,55.7767],[13.95201,55.8015],[13.91921,55.80236],[13.9142,55.81904],[13.89157,55.82323],[13.88311,55.83732],[13.91,55.85132],[13.90456,55.8573],[13.91874,55.86528],[13.90955,55.87892]]]}},{"type":"Feature","id":"1291","properties":{"code":"1291"},"geometry":{"type":"Polygon","coordinates":[[[14.16272,55.60635],[14.10224,55.61863],[14.06688,55.63645],[14.06974,55.65742],[14.06083,55.66184],[14.06758,55.67528],[14.07734,55.67488],[14.06592,55.68335],[14.10526,55.71533],[14.15043,55.72272],[14.1405,55.72203],[14.12399,55.73287],[14.08899,55.73639],[14.08933,55.74117],[14.11508,55.73767],[14.1097,55.74879],[14.09967,55.74198],[14.09296,55.74981],[14.10632,55.75735],[14.12337,55.75315],[14.14308,55.76159],[14.19328,55.76661],[14.59533,55.755],[14.62748,55.69665],[14.67711,55.64495],[14.70173,55.60628],[14.38388,55.35222],[14.21248,55.39994],[14.20337,55.41479],[14.14685,55.43695],[14.13302,55.45108],[14.12907,55.46529],[14.14563,55.46894],[14.13898,55.47797],[14.11181,55.47951],[14.08681,55.46923],[14.07916,55.47277],[14.07338,55.48325],[14.08662,55.49784],[14.13689,55.51619],[14.13014,55.53894],[14.15074,55.55468],[14.13809,55.57456],[14.16711,55.58328],[14.16272,55.60635]]]}},{"type":"Feature","id":"1292","properties":{"code":"1292"},"geometry":{"type":"Polygon","coordinates":[[[12.82506,56.18093],[12.82841,56.19235],[12.8139,56.19505],[12.79777,56.18845],[12.77726,56.19225],[12.79961,56.20884],[12.78558,56.21775],[12.77246,56.26213],[12.64904,56.30787],[12.75935,56.32186],[12.78183,56.31929],[12.78405,56.32751],[12.83388,56.32207],[12.83868,56.336],[12.85939,56.33616],[12.87027,56.35608],[12.89057,56.36284],[12.88279,56.3781],[12.91962,56.36349],[12.94981,56.36932],[12.97437,56.3668],[12.99205,56.35723],[13.07402,56.35177],[13.13091,56.35578],[13.18117,56.34013],[13.1993,56.31048],[13.17188,56.28258],[13.14647,56.26668],[13.11717,56.25848],[13.14876,56.25153],[13.12242,56.24388],[13.12855,56.23936],[13.119,56.2305],[13.06556,56.20817],[13.03823,56.21236],[13.01633,56.20573],[12.99753,56.21117],[12.987,56.20775],[12.98335,56.19767],[13.0057,56.19688],[13.01537,56.18967],[12.99329,56.17973],[12.9623,56.17818],[12.94073,56.14453],[12.89604,56.13647],[12.89662,56.14265],[12.88235,56.14208],[12.87219,56.13308],[12.85441,56.13536],[12.84805,56.1289],[12.82542,56.12659],[12.79224,56.16734],[12.82506,56.18093]]]}},{"type":"Feature","id":"1293","properties":{"code":"1293"},"geometry":{"type":"Polygon","coordinates":[[[13.64916,56.01929],[13.66418,56.03425],[13.6382,56.03138],[13.64948,56.03761],[13.64083,56.04469],[13.63351,56.0389],[13.58386,56.04759],[13.58537,56.05419],[13.56214,56.06163],[13.56866,56.07098],[13.55942,56.0859],[13.52251,56.08868],[13.5183,56.09321],[13.48897,56.08087],[13.45905,56.09218],[13.44898,56.08944],[13.42782,56.10044],[13.44343,56.13177],[13.46797,56.14206],[13.46139,56.15999],[13.46854,56.16411],[13.45411,56.17446],[13.45132,56.19212],[13.46643,56.21051],[13.41796,56.26601],[13.43206,56.2777],[13.43163,56.29105],[13.4447,56.29205],[13.45995,56.30723],[13.48294,56.30353],[13.49304,56.29166],[13.50288,56.29365],[13.49728,56.30232],[13.51534,56.30717],[13.49608,56.34662],[13.50869,56.35034],[13.52297,56.37645],[13.57905,56.39512],[13.57782,56.40606],[13.59689,56.4158],[13.60229,56.41213],[13.69095,56.4248],[13.70216,56.42389],[13.71615,56.40459],[13.74592,56.40234],[13.75315,56.3858],[13.79124,56.39384],[13.81709,56.38203],[13.84343,56.39555],[13.8448,56.38938],[13.89251,56.40076],[13.90624,56.38111],[13.89179,56.37187],[13.89157,56.36071],[13.89658,56.35795],[13.9094,56.36736],[13.92553,56.35958],[13.93447,56.36267],[13.91619,56.31931],[13.93391,56.32765],[13.97347,56.32535],[13.98856,56.31712],[13.99149,56.30621],[13.98461,56.28019],[13.99119,56.27789],[14.00018,56.28444],[14.01271,56.27948],[14.00051,56.27675],[13.99949,56.26423],[13.97269,56.25441],[13.98586,56.25279],[13.96947,56.23678],[13.98089,56.20976],[13.97585,56.19555],[13.99284,56.18659],[13.98776,56.17814],[14.01432,56.17592],[14.0192,56.16525],[14.00698,56.15906],[14.01423,56.15638],[13.98965,56.09043],[13.97805,56.08573],[13.97016,56.08964],[13.96916,56.07672],[13.88699,56.02081],[13.85887,56.02677],[13.85563,56.01526],[13.84061,56.01554],[13.82289,56.03001],[13.81067,56.02673],[13.80298,56.01151],[13.76194,55.97919],[13.75832,55.97408],[13.7798,55.96468],[13.74973,55.94156],[13.72315,55.94944],[13.71134,55.961],[13.70327,55.95645],[13.66683,55.96081],[13.64205,55.95297],[13.61989,55.95624],[13.62614,55.97735],[13.65924,55.98297],[13.65172,55.99599],[13.67044,56.00365],[13.64916,56.01929]]]}},{"type":"Feature","id":"1315","properties":{"code":"1315"},"geometry":{"type":"Polygon","coordinates":[[[13.42968,56.86925],[13.40507,56.87059],[13.35896,56.85729],[13.33463,56.87416],[13.33791,56.83824],[13.29816,56.82365],[13.26185,56.85301],[13.2131,56.83229],[13.20202,56.83567],[13.18073,56.82605],[13.16306,56.8272],[13.15608,56.83982],[13.17873,56.87439],[13.13716,56.89213],[13.11814,56.88439],[13.11634,56.86792],[13.08765,56.86588],[13.06743,56.84419],[13.04314,56.84109],[13.03252,56.85375],[13.00108,56.86533],[13.0029,56.9155],[12.98201,56.91602],[12.9727,56.92385],[12.94405,56.92127],[12.93535,56.9436],[12.91182,56.94342],[12.91325,56.95923],[12.86892,56.9559],[12.87348,56.96443],[12.86417,56.97119],[12.83858,56.96555],[12.82274,56.97492],[12.82467,56.99145],[12.83483,57.00267],[12.85133,57.00413],[12.84544,57.0151],[12.85345,57.0208],[12.8995,57.02081],[12.91865,57.05416],[12.94387,57.05737],[12.94028,57.04655],[12.95469,57.04471],[12.97192,57.05103],[13.00406,57.03719],[13.01681,57.04707],[13.00983,57.05055],[13.02457,57.08276],[13.05801,57.08642],[13.07907,57.0989],[13.08962,57.0861],[13.08121,57.08355],[13.12143,57.05682],[13.11325,57.04082],[13.12118,57.02514],[13.14496,57.03765],[13.19638,57.05078],[13.19031,57.05836],[13.16814,57.0485],[13.16189,57.05153],[13.17994,57.06684],[13.1921,57.06426],[13.20091,57.07216],[13.23371,57.07906],[13.22387,57.08369],[13.23338,57.0902],[13.22698,57.09688],[13.25381,57.08935],[13.2723,57.09122],[13.28934,57.10343],[13.32071,57.10236],[13.35141,57.11329],[13.38717,57.1139],[13.44037,57.11028],[13.45401,57.10379],[13.45335,57.09649],[13.48903,57.11384],[13.49929,57.10654],[13.50081,57.08981],[13.48968,57.0855],[13.50072,57.07356],[13.50541,57.08508],[13.52725,57.0874],[13.53289,57.07901],[13.57422,57.07002],[13.57372,57.0628],[13.60359,57.05966],[13.60795,57.04203],[13.58551,57.03255],[13.60262,57.02404],[13.59546,57.01525],[13.62898,56.99402],[13.63041,56.98621],[13.66418,56.9846],[13.69357,56.96354],[13.68155,56.9422],[13.68742,56.92681],[13.66602,56.9209],[13.66203,56.91355],[13.61817,56.90859],[13.58227,56.89007],[13.55932,56.89364],[13.53869,56.88687],[13.52988,56.89129],[13.48727,56.87106],[13.47129,56.87029],[13.46996,56.87859],[13.44369,56.8798],[13.42968,56.86925]]]}},{"type":"Feature","id":"1380","properties":{"code":"1380"},"geometry":{"type":"Polygon","coordinates":[[[13.26185,56.85301],[13.2971,56.83091],[13.31887,56.78224],[13.31712,56.71952],[13.32511,56.70757],[13.31588,56.69227],[13.28847,56.6791],[13.17427,56.67425],[13.19644,56.65408],[13.16409,56.65026],[13.16415,56.63433],[13.14183,56.62451],[13.12988,56.63055],[13.10136,56.61453],[13.02769,56.59566],[13.01513,56.58496],[13.02017,56.57392],[13.00969,56.57352],[12.97401,56.54239],[12.94484,56.55364],[12.24085,56.55722],[12.29875,56.637],[12.26146,56.67835],[12.5632,56.77702],[12.61469,56.77805],[12.64311,56.79447],[12.62986,56.80311],[12.64865,56.80639],[12.65242,56.80081],[12.66592,56.81471],[12.6825,56.81349],[12.69504,56.82699],[12.71874,56.8318],[12.73095,56.84669],[12.74374,56.84513],[12.75813,56.86025],[12.81319,56.85287],[12.84165,56.85579],[12.85056,56.8622],[12.84074,56.86734],[12.78213,56.86037],[12.82751,56.87252],[12.85095,56.86945],[12.83769,56.87245],[12.8489,56.87595],[12.87189,56.87394],[12.87102,56.90386],[12.89512,56.93579],[12.91173,56.9433],[12.93535,56.9436],[12.94866,56.91975],[12.9727,56.92385],[12.98201,56.91602],[13.0029,56.9155],[13.00108,56.86533],[13.03252,56.85375],[13.03453,56.84351],[13.06743,56.84419],[13.08765,56.86588],[13.11634,56.86792],[13.11814,56.88439],[13.13716,56.89213],[13.17873,56.87439],[13.15608,56.83982],[13.16306,56.8272],[13.18073,56.82605],[13.20202,56.83567],[13.2131,56.83229],[13.26185,56.85301]]]}},{"type":"Feature","id":"1381","properties":{"code":"1381"},"geometry":{"type":"Polygon","coordinates":[[[12.9524,56.43115],[12.95396,56.44152],[12.94095,56.43951],[12.89555,56.4495],[12.79711,56.55217],[12.94484,56.55364],[12.97401,56.54239],[13.00969,56.57352],[13.02017,56.57392],[13.01513,56.58496],[13.02769,56.59566],[13.10136,56.61453],[13.12988,56.63055],[13.14183,56.62451],[13.16415,56.63433],[13.16409,56.65026],[13.19644,56.65408],[13.17427,56.67425],[13.24926,56.67533],[13.28847,56.6791],[13.29836,56.68762],[13.32827,56.68769],[13.36414,56.6651],[13.39727,56.61574],[13.40253,56.59249],[13.41781,56.57764],[13.43989,56.57126],[13.43999,56.55445],[13.46479,56.51396],[13.44988,56.46787],[13.46735,56.43179],[13.43932,56.41911],[13.38559,56.41451],[13.34667,56.39051],[13.29286,56.38057],[13.2515,56.35767],[13.25424,56.35096],[13.2288,56.33248],[13.19599,56.32414],[13.18117,56.34013],[13.14864,56.35287],[12.99205,56.35723],[12.97437,56.3668],[12.94981,56.36932],[12.96799,56.38904],[12.95285,56.39212],[12.96858,56.41139],[12.95776,56.4134],[12.96576,56.4277],[12.9524,56.43115]]]}},{"type":"Feature","id":"1382","properties":{"code":"1382"},"geometry":{"type":"Polygon","coordinates":[[[12.73731,56.84456],[12.73105,56.84674],[12.71685,56.83761],[12.71874,56.8318],[12.69504,56.82699],[12.6825,56.81349],[12.66321,56.81332],[12.65242,56.80081],[12.64865,56.80639],[12.62986,56.80311],[12.64311,56.79447],[12.61469,56.77805],[12.5632,56.77702],[12.26146,56.67835],[12.01433,56.96333],[12.35623,56.99053],[12.39018,56.9948],[12.42727,57.01215],[12.45336,57.00737],[12.45667,57.013],[12.48299,57.01614],[12.48667,57.00581],[12.51696,57.00101],[12.51038,56.99709],[12.52697,56.9934],[12.54292,57.00132],[12.55047,57.01804],[12.57388,57.01514],[12.60681,57.02109],[12.60202,57.04147],[12.57068,57.05322],[12.5995,57.06643],[12.57458,57.08661],[12.57643,57.11002],[12.61881,57.13455],[12.61431,57.15361],[12.64911,57.16593],[12.62982,57.17891],[12.63882,57.18324],[12.62792,57.18551],[12.6342,57.18957],[12.62409,57.19469],[12.62347,57.20954],[12.64124,57.22562],[12.65621,57.22513],[12.66704,57.23344],[12.67435,57.2289],[12.7385,57.26673],[12.77551,57.2758],[12.80754,57.30111],[12.83615,57.26972],[12.86077,57.26562],[12.88142,57.27149],[12.90612,57.27035],[12.93186,57.26285],[12.93215,57.25011],[12.95204,57.24631],[12.95238,57.23914],[12.91443,57.21983],[12.92033,57.19884],[12.91216,57.18062],[12.9388,57.17321],[12.97396,57.18325],[12.99955,57.17734],[13.01146,57.18229],[13.03901,57.18029],[13.02091,57.15749],[13.04535,57.15548],[13.05239,57.14644],[13.09625,57.15905],[13.10028,57.14556],[13.07707,57.12759],[13.09903,57.12807],[13.08454,57.11261],[13.08987,57.10563],[13.0628,57.09447],[13.06577,57.09038],[13.02457,57.08276],[13.00983,57.05055],[13.01681,57.04707],[13.00406,57.03719],[12.97192,57.05103],[12.95469,57.04471],[12.94028,57.04655],[12.94387,57.05737],[12.9367,57.05829],[12.91865,57.05416],[12.8995,57.02081],[12.85958,57.02264],[12.84544,57.0151],[12.85133,57.00413],[12.83263,57.00115],[12.82274,56.97492],[12.83858,56.96555],[12.86993,56.96905],[12.86909,56.95586],[12.91325,56.95923],[12.9162,56.94916],[12.89512,56.93579],[12.87102,56.90386],[12.87215,56.87426],[12.8489,56.87595],[12.83769,56.87245],[12.85095,56.86945],[12.82751,56.87252],[12.78213,56.86037],[12.84074,56.86734],[12.85056,56.8622],[12.84165,56.85579],[12.81319,56.85287],[12.75813,56.86025],[12.73731,56.84456]]]}},{"type":"Feature","id":"1383","properties":{"code":"1383"},"geometry":{"type":"Polygon","coordinates":[[[12.01433,56.96333],[11.73212,57.14344],[11.82782,57.21473],[12.03913,57.31804],[12.10633,57.32872],[12.13501,57.32135],[12.14531,57.30307],[12.21527,57.32239],[12.21789,57.31538],[12.27544,57.30056],[12.31443,57.30927],[12.33831,57.33233],[12.38698,57.35153],[12.39749,57.32866],[12.41752,57.31957],[12.42457,57.32346],[12.43221,57.31505],[12.42114,57.30707],[12.43022,57.26936],[12.45583,57.27953],[12.4619,57.27537],[12.48172,57.27913],[12.49283,57.28679],[12.50458,57.28106],[12.53723,57.31949],[12.55877,57.32116],[12.56005,57.33031],[12.60471,57.34693],[12.62313,57.344],[12.62252,57.33193],[12.64357,57.32986],[12.65526,57.34138],[12.6754,57.32999],[12.69238,57.33461],[12.7055,57.32355],[12.70342,57.31312],[12.74032,57.30092],[12.7636,57.27006],[12.7385,57.26673],[12.67435,57.2289],[12.66704,57.23344],[12.65621,57.22513],[12.64124,57.22562],[12.62271,57.19926],[12.6342,57.18957],[12.62792,57.18551],[12.63882,57.18324],[12.62998,57.17869],[12.64911,57.16593],[12.61431,57.15361],[12.61881,57.13455],[12.57602,57.10915],[12.57458,57.08661],[12.5995,57.06643],[12.57068,57.05322],[12.60202,57.04147],[12.60824,57.0222],[12.57388,57.01514],[12.55047,57.01804],[12.54292,57.00132],[12.52697,56.9934],[12.51038,56.99709],[12.51696,57.00101],[12.48667,57.00581],[12.48299,57.01614],[12.45667,57.013],[12.45336,57.00737],[12.42727,57.01215],[12.39018,56.9948],[12.35623,56.99053],[12.01433,56.96333]]]}},{"type":"Feature","id":"1384","properties":{"code":"1384"},"geometry":{"type":"Polygon","coordinates":[[[12.10633,57.32872],[12.03913,57.31804],[11.82782,57.21473],[11.73212,57.14344],[11.68417,57.17306],[11.58585,57.38304],[11.52086,57.45303],[11.45355,57.50018],[11.77911,57.49967],[11.81803,57.55642],[11.98785,57.56506],[12.01267,57.54567],[12.04723,57.55273],[12.07506,57.5509],[12.10054,57.56175],[12.17543,57.56483],[12.27723,57.59754],[12.34095,57.56172],[12.31157,57.52098],[12.34452,57.48878],[12.3228,57.46076],[12.33766,57.45106],[12.37648,57.44928],[12.40228,57.43624],[12.41183,57.4171],[12.40515,57.41288],[12.41745,57.40633],[12.39605,57.38116],[12.38698,57.35153],[12.33831,57.33233],[12.31443,57.30927],[12.27455,57.30048],[12.21789,57.31538],[12.2151,57.32239],[12.14531,57.30307],[12.13501,57.32135],[12.10633,57.32872]]]}},{"type":"Feature","id":"1401","properties":{"code":"1401"},"geometry":{"type":"Polygon","coordinates":[[[12.22475,57.62663],[12.14185,57.63414],[12.10045,57.62314],[12.09928,57.63177],[12.07503,57.63613],[12.07976,57.64534],[12.06715,57.65118],[12.08214,57.65899],[12.05674,57.67824],[12.07582,57.68389],[12.10448,57.68306],[12.12862,57.69125],[12.1375,57.68762],[12.17064,57.71397],[12.19927,57.72525],[12.25722,57.72928],[12.28278,57.72358],[12.28139,57.73043],[12.29194,57.73092],[12.30313,57.72414],[12.30479,57.73162],[12.38235,57.73418],[12.42697,57.73156],[12.45797,57.7185],[12.48657,57.72421],[12.47984,57.71403],[12.51073,57.69856],[12.50055,57.68881],[12.53122,57.65928],[12.53063,57.65813],[12.52831,57.65882],[12.51712,57.65631],[12.51684,57.65529],[12.52462,57.64497],[12.53567,57.6473],[12.54449,57.63482],[12.55916,57.63358],[12.56205,57.61982],[12.48537,57.61505],[12.457,57.59952],[12.42058,57.61814],[12.36986,57.61181],[12.37617,57.61743],[12.35298,57.63554],[12.30906,57.61693],[12.30908,57.61139],[12.27336,57.60583],[12.22475,57.62663]]]}},{"type":"Feature","id":"1402","properties":{"code":"1402"},"geometry":{"type":"Polygon","coordinates":[[[12.18184,57.71887],[12.1375,57.68762],[12.12862,57.69125],[12.08867,57.68217],[12.0541,57.73386],[12.08068,57.73592],[12.0782,57.76182],[12.11403,57.7724],[12.17367,57.77594],[12.19508,57.75835],[12.18,57.75056],[12.18507,57.73547],[12.22491,57.7276],[12.18184,57.71887]]]}},{"type":"Feature","id":"1407","properties":{"code":"1407"},"geometry":{"type":"Polygon","coordinates":[[[11.69094,57.70254],[11.70423,57.66516],[11.69605,57.65472],[11.6636,57.64744],[11.50013,57.65464],[11.23152,57.65464],[11.20256,57.67466],[11.1582,57.80382],[11.55996,57.80436],[11.61436,57.80847],[11.64824,57.79133],[11.73162,57.77109],[11.69094,57.70254]]]}},{"type":"Feature","id":"1415","properties":{"code":"1415"},"geometry":{"type":"Polygon","coordinates":[[[11.81993,57.9686],[11.78994,57.96649],[11.78951,57.97152],[11.74955,57.97275],[11.73702,57.97881],[11.77641,58.00814],[11.79518,58.0345],[11.78553,58.03871],[11.79216,58.0487],[11.78045,58.05403],[11.78396,58.0652],[11.75766,58.07849],[11.74825,58.10568],[11.78658,58.12048],[11.8235,58.11474],[11.85335,58.16025],[11.97784,58.15126],[11.99479,58.13339],[12.01957,58.12102],[12.03605,58.12116],[12.04459,58.09442],[12.034,58.0857],[12.04732,58.05574],[12.04158,58.03099],[12.02549,58.00614],[12.01118,58.00379],[11.99237,57.98825],[11.99323,57.96107],[11.95821,57.95573],[11.93222,57.96292],[11.90951,57.9575],[11.89286,57.96574],[11.83829,57.96018],[11.81993,57.9686]]]}},{"type":"Feature","id":"1419","properties":{"code":"1419"},"geometry":{"type":"Polygon","coordinates":[[[11.69408,57.93894],[11.63892,57.91854],[11.53415,57.91712],[11.53451,57.90806],[11.45886,57.86297],[11.11882,57.86256],[10.99692,57.9804],[10.95912,58.04815],[11.46119,58.04905],[11.52867,58.05908],[11.55565,58.07251],[11.54878,58.07752],[11.55905,58.0842],[11.59801,58.07032],[11.6513,58.09978],[11.69406,58.09902],[11.7154,58.08377],[11.74825,58.10568],[11.75766,58.07849],[11.78396,58.0652],[11.78045,58.05403],[11.79216,58.0487],[11.78553,58.03871],[11.79518,58.0345],[11.75185,57.98546],[11.70969,57.9585],[11.66894,57.95071],[11.69408,57.93894]]]}},{"type":"Feature","id":"1421","properties":{"code":"1421"},"geometry":{"type":"Polygon","coordinates":[[[11.40214,58.1925],[11.45171,58.18213],[11.46369,58.19153],[11.48801,58.23223],[11.51979,58.24071],[11.54189,58.24015],[11.55935,58.22723],[11.64849,58.26237],[11.66891,58.25563],[11.67389,58.2982],[11.71624,58.30876],[11.72286,58.30223],[11.75667,58.30709],[11.78749,58.26974],[11.80412,58.26863],[11.82288,58.27731],[11.8197,58.26804],[11.84832,58.23512],[11.8508,58.21568],[11.86776,58.21376],[11.86495,58.20692],[11.85086,58.20482],[11.85595,58.16671],[11.8235,58.11474],[11.78658,58.12048],[11.73856,58.10388],[11.7154,58.08377],[11.69406,58.09902],[11.67383,58.09587],[11.66525,58.10194],[11.59801,58.07032],[11.55905,58.0842],[11.54878,58.07752],[11.55565,58.07251],[11.52867,58.05908],[11.46119,58.04905],[10.95912,58.04815],[10.89162,58.17601],[11.35257,58.1742],[11.40214,58.1925]]]}},{"type":"Feature","id":"1427","properties":{"code":"1427"},"geometry":{"type":"Polygon","coordinates":[[[11.30837,58.29293],[10.81749,58.29225],[10.67864,58.44677],[11.23607,58.44868],[11.262,58.46565],[11.33744,58.48553],[11.41401,58.49893],[11.45406,58.49847],[11.44782,58.48219],[11.46586,58.47132],[11.45635,58.45406],[11.35741,58.35798],[11.35389,58.31689],[11.30837,58.29293]]]}},{"type":"Feature","id":"1430","properties":{"code":"1430"},"geometry":{"type":"Polygon","coordinates":[[[11.55931,58.66732],[11.6206,58.64742],[11.63343,58.63713],[11.66631,58.63763],[11.67136,58.63191],[11.67895,58.63662],[11.6957,58.65426],[11.67864,58.67212],[11.68096,58.69049],[11.69386,58.69653],[11.68237,58.69954],[11.70097,58.70736],[11.69775,58.72285],[11.72335,58.77133],[11.72529,58.80017],[11.71091,58.81078],[11.75609,58.81899],[11.79191,58.79497],[11.79901,58.75442],[11.82113,58.74902],[11.84139,58.75399],[11.84477,58.72662],[11.90214,58.709],[11.92212,58.67587],[11.90688,58.66925],[11.90628,58.64005],[11.84397,58.60356],[11.85855,58.58225],[11.843,58.53262],[11.86313,58.52435],[11.86132,58.51717],[11.88432,58.51734],[11.88297,58.50748],[11.86005,58.50718],[11.88648,58.4876],[11.87522,58.46731],[11.89511,58.46483],[11.90181,58.45137],[11.86841,58.42863],[11.84074,58.42638],[11.79964,58.44519],[11.76351,58.4266],[11.70495,58.41846],[11.69572,58.43162],[11.67758,58.43199],[11.61928,58.39485],[11.59294,58.40373],[11.56798,58.48587],[11.55612,58.48194],[11.54476,58.49258],[11.52019,58.49604],[11.51002,58.48156],[11.47805,58.48202],[11.46586,58.47132],[11.44873,58.4811],[11.45687,58.49371],[11.45406,58.49847],[11.43803,58.49831],[11.44539,58.5046],[11.43873,58.51824],[11.45241,58.53232],[11.48847,58.53747],[11.50736,58.54958],[11.49859,58.55442],[11.50003,58.57772],[11.48935,58.5846],[11.52662,58.61977],[11.51569,58.63945],[11.52943,58.65596],[11.54221,58.6557],[11.54513,58.66572],[11.55931,58.66732]]]}},{"type":"Feature","id":"1435","properties":{"code":"1435"},"geometry":{"type":"Polygon","coordinates":[[[11.14315,58.81104],[11.26069,58.84978],[11.26768,58.84605],[11.22473,58.83684],[11.23046,58.83076],[11.26708,58.8363],[11.26614,58.84132],[11.28639,58.84291],[11.29768,58.85257],[11.33175,58.845],[11.34915,58.8643],[11.3658,58.86173],[11.37972,58.84885],[11.37294,58.84047],[11.39009,58.84005],[11.45629,58.86897],[11.46068,58.88966],[11.50011,58.88938],[11.51774,58.87948],[11.53741,58.87742],[11.53371,58.88607],[11.5534,58.89893],[11.57249,58.88783],[11.57782,58.89749],[11.59063,58.89072],[11.63043,58.90862],[11.66078,58.90652],[11.6777,58.896],[11.67023,58.88648],[11.68218,58.875],[11.69953,58.87565],[11.70749,58.86952],[11.70191,58.86378],[11.71506,58.84942],[11.7028,58.84129],[11.72051,58.82728],[11.71091,58.81078],[11.72529,58.80017],[11.72335,58.77133],[11.69775,58.72285],[11.70097,58.70736],[11.68237,58.69954],[11.69386,58.69653],[11.68096,58.69049],[11.67864,58.67212],[11.6957,58.65426],[11.67844,58.63619],[11.67136,58.63191],[11.66631,58.63763],[11.63343,58.63713],[11.62249,58.64669],[11.5766,58.65666],[11.55931,58.66732],[11.54513,58.66572],[11.54221,58.6557],[11.52943,58.65596],[11.51569,58.63945],[11.52662,58.61977],[11.52097,58.60965],[11.48965,58.5862],[11.5071,58.54916],[11.48847,58.53747],[11.45241,58.53232],[11.43873,58.51824],[11.44183,58.5009],[11.33744,58.48553],[11.262,58.46565],[11.23607,58.44868],[10.67864,58.44677],[10.6395,58.51554],[10.5935,58.76217],[10.60579,58.79742],[11.06106,58.79532],[11.1047,58.81835],[11.14315,58.81104]]]}},{"type":"Feature","id":"1438","properties":{"code":"1438"},"geometry":{"type":"Polygon","coordinates":[[[11.83572,59.23581],[11.83627,59.19103],[11.88078,59.15652],[11.91065,59.16009],[11.94985,59.15418],[11.97053,59.12303],[11.99687,59.11974],[11.97095,59.09628],[12.01558,59.07332],[12.0111,59.05033],[12.04725,59.03327],[12.06968,59.03876],[12.09112,59.03178],[12.09537,59.0197],[12.11977,59.00651],[12.10521,58.9922],[12.11067,58.97972],[12.11921,58.9753],[12.14109,58.97844],[12.14958,58.96393],[12.14882,58.95756],[12.12631,58.95316],[12.12577,58.94542],[12.10945,58.95119],[12.08778,58.94211],[12.07618,58.91597],[12.10091,58.90607],[12.08378,58.87406],[12.10114,58.86117],[12.08935,58.83418],[12.05685,58.84864],[12.05238,58.83457],[12.06823,58.8319],[12.05964,58.82491],[12.04311,58.82941],[12.02381,58.80737],[12.00141,58.80339],[11.99743,58.795],[11.94193,58.79906],[11.92054,58.78957],[11.87974,58.79183],[11.8601,58.78032],[11.87751,58.77257],[11.82113,58.74902],[11.79846,58.75507],[11.79232,58.79422],[11.7754,58.81023],[11.75609,58.81899],[11.71491,58.81475],[11.72051,58.82728],[11.7028,58.84129],[11.71506,58.84942],[11.70191,58.86378],[11.70749,58.86952],[11.69953,58.87565],[11.68218,58.875],[11.67023,58.88648],[11.67732,58.89646],[11.652,58.90623],[11.65817,58.93176],[11.67586,58.93506],[11.68908,58.95685],[11.68443,58.97438],[11.69364,58.97778],[11.68391,58.99],[11.69838,59.00056],[11.71051,59.03368],[11.77572,59.08695],[11.78092,59.09963],[11.76362,59.11454],[11.77802,59.13604],[11.78299,59.20664],[11.82615,59.23783],[11.83572,59.23581]]]}},{"type":"Feature","id":"1439","properties":{"code":"1439"},"geometry":{"type":"Polygon","coordinates":[[[12.1336,58.6005],[12.11737,58.50344],[12.09325,58.49853],[12.08915,58.47989],[12.0802,58.48044],[12.07114,58.43902],[11.97623,58.45283],[11.88523,58.43221],[11.87905,58.43589],[11.90181,58.45137],[11.89511,58.46483],[11.87522,58.46731],[11.88648,58.4876],[11.86005,58.50718],[11.88297,58.50748],[11.88432,58.51734],[11.86132,58.51717],[11.86313,58.52435],[11.84044,58.53973],[11.85855,58.58225],[11.84397,58.60356],[11.90628,58.64005],[11.90688,58.66925],[11.92212,58.67587],[11.90214,58.709],[11.84477,58.72662],[11.84188,58.75552],[11.85631,58.76797],[11.87956,58.77423],[11.8601,58.78032],[11.87974,58.79183],[11.92054,58.78957],[11.93932,58.79871],[11.97459,58.79837],[11.99743,58.795],[12.0149,58.77853],[12.04105,58.77736],[12.04591,58.77224],[12.06056,58.77906],[12.05992,58.78667],[12.1118,58.78447],[12.10282,58.7982],[12.1313,58.7946],[12.17964,58.76297],[12.22483,58.70089],[12.19233,58.65287],[12.1336,58.6005]]]}},{"type":"Feature","id":"1440","properties":{"code":"1440"},"geometry":{"type":"Polygon","coordinates":[[[12.04842,57.82124],[12.03742,57.8264],[12.01393,57.80619],[12.00817,57.85459],[12.0749,57.94144],[12.12703,57.96727],[12.12637,57.99832],[12.13722,58.01313],[12.16081,58.0076],[12.17007,58.0164],[12.23172,58.02398],[12.25491,58.05118],[12.33492,58.08454],[12.35253,58.10884],[12.37552,58.11731],[12.38532,58.11134],[12.39271,58.11805],[12.42422,58.11043],[12.43457,58.0935],[12.41808,58.06164],[12.42694,58.04928],[12.41164,58.02367],[12.41881,58.01678],[12.41333,57.98739],[12.37417,57.99275],[12.31251,57.96579],[12.2908,57.9221],[12.30643,57.90518],[12.29966,57.89641],[12.1301,57.86474],[12.04368,57.83495],[12.04842,57.82124]]]}},{"type":"Feature","id":"1441","properties":{"code":"1441"},"geometry":{"type":"Polygon","coordinates":[[[12.28639,57.73068],[12.28278,57.72358],[12.18507,57.73547],[12.18,57.75056],[12.19508,57.75835],[12.17367,57.77594],[12.20937,57.79234],[12.24161,57.79636],[12.22448,57.8109],[12.20471,57.816],[12.17015,57.85568],[12.14603,57.86563],[12.29966,57.89641],[12.30643,57.90518],[12.2908,57.9221],[12.31251,57.96579],[12.35232,57.97892],[12.36976,57.96889],[12.38547,57.97117],[12.34166,57.94739],[12.4121,57.92856],[12.39566,57.9058],[12.40544,57.89495],[12.3879,57.89559],[12.39741,57.87675],[12.44258,57.89035],[12.44576,57.8847],[12.4456,57.8663],[12.43354,57.8553],[12.4419,57.84455],[12.42559,57.82957],[12.47253,57.7861],[12.48072,57.79353],[12.48948,57.78935],[12.45957,57.74906],[12.42756,57.7313],[12.30479,57.73162],[12.30313,57.72414],[12.28639,57.73068]]]}},{"type":"Feature","id":"1442","properties":{"code":"1442"},"geometry":{"type":"Polygon","coordinates":[[[12.8645,58.04341],[12.91577,58.0407],[12.93017,58.03297],[12.9638,58.03749],[12.94594,58.02118],[12.98578,58.00986],[12.96803,57.99874],[12.9742,57.97516],[12.96123,57.95476],[12.94402,57.94855],[12.9302,57.92932],[12.9277,57.93696],[12.89639,57.93883],[12.9133,57.93387],[12.89904,57.92554],[12.88149,57.92622],[12.86707,57.91399],[12.86104,57.90062],[12.87577,57.89572],[12.85445,57.89291],[12.85183,57.88116],[12.84882,57.88878],[12.82374,57.87167],[12.6601,57.8564],[12.65392,57.86374],[12.66268,57.87508],[12.65314,57.8816],[12.66384,57.88886],[12.66525,57.90886],[12.6485,57.95002],[12.62117,57.96045],[12.61442,57.9747],[12.56877,57.97235],[12.53932,57.99847],[12.55783,58.01155],[12.58054,58.04724],[12.63105,58.06437],[12.63622,58.07324],[12.69951,58.08847],[12.71097,58.09676],[12.82225,58.10409],[12.83302,58.1182],[12.84741,58.11568],[12.8412,58.10981],[12.90333,58.11167],[12.90251,58.09332],[12.86325,58.09717],[12.86227,58.08226],[12.83801,58.07658],[12.83813,58.06734],[12.87026,58.0595],[12.8645,58.04341]]]}},{"type":"Feature","id":"1443","properties":{"code":"1443"},"geometry":{"type":"Polygon","coordinates":[[[12.71123,57.74104],[12.69775,57.73133],[12.70152,57.72504],[12.72022,57.7257],[12.71657,57.71867],[12.76145,57.69864],[12.75137,57.68916],[12.76282,57.68612],[12.68085,57.66222],[12.59655,57.62249],[12.57532,57.61884],[12.56205,57.61982],[12.55916,57.63358],[12.54449,57.63482],[12.53567,57.6473],[12.52462,57.64497],[12.517,57.65606],[12.53122,57.65928],[12.50055,57.68881],[12.51073,57.69856],[12.47984,57.71403],[12.48657,57.72421],[12.45797,57.7185],[12.42756,57.7313],[12.45957,57.74906],[12.48449,57.77652],[12.51547,57.76188],[12.57622,57.79146],[12.59998,57.80974],[12.59362,57.82249],[12.63938,57.84039],[12.66099,57.85701],[12.75652,57.86536],[12.76383,57.84442],[12.74371,57.83483],[12.75605,57.83201],[12.73614,57.82109],[12.70727,57.8167],[12.70072,57.8082],[12.69933,57.80178],[12.73634,57.7871],[12.72243,57.77549],[12.71123,57.74104]]]}},{"type":"Feature","id":"1444","properties":{"code":"1444"},"geometry":{"type":"Polygon","coordinates":[[[12.85388,58.43467],[12.83862,58.4087],[12.84525,58.38748],[12.81746,58.37869],[12.79084,58.34966],[12.79962,58.30765],[12.83185,58.30113],[12.83125,58.28134],[12.81971,58.28135],[12.81551,58.2707],[12.78997,58.27674],[12.79509,58.28042],[12.7527,58.27622],[12.74513,58.26763],[12.70094,58.27396],[12.69774,58.2843],[12.68758,58.28319],[12.68352,58.27491],[12.67007,58.27416],[12.68008,58.26318],[12.66925,58.25153],[12.60239,58.23181],[12.59332,58.22104],[12.58881,58.22547],[12.57789,58.21858],[12.54563,58.23588],[12.52846,58.23457],[12.58005,58.28285],[12.53535,58.30523],[12.53168,58.31329],[12.49392,58.30279],[12.47932,58.30637],[12.46631,58.33702],[12.47713,58.33555],[12.48283,58.3416],[12.44408,58.33994],[12.45465,58.35337],[12.44752,58.35647],[12.51524,58.37626],[12.57471,58.37492],[12.64613,58.41337],[12.648,58.40656],[12.69394,58.38986],[12.73686,58.41317],[12.76301,58.4068],[12.78054,58.40929],[12.8394,58.42523],[12.85388,58.43467]]]}},{"type":"Feature","id":"1445","properties":{"code":"1445"},"geometry":{"type":"Polygon","coordinates":[[[12.81987,58.22082],[12.83362,58.21491],[12.84,58.20416],[12.82615,58.20634],[12.84296,58.19541],[12.86307,58.19966],[12.89714,58.19354],[12.86755,58.18032],[12.83583,58.17829],[12.85983,58.16505],[12.87362,58.16484],[12.87846,58.17064],[12.87725,58.15608],[12.89602,58.15692],[12.9228,58.1437],[12.91275,58.12122],[12.93474,58.11245],[12.8412,58.10981],[12.84741,58.11568],[12.83302,58.1182],[12.82225,58.10409],[12.71097,58.09676],[12.70856,58.10943],[12.68317,58.12875],[12.70857,58.15835],[12.68835,58.18111],[12.67315,58.18914],[12.66028,58.18427],[12.58634,58.19187],[12.57772,58.19787],[12.54001,58.19709],[12.52142,58.22598],[12.52239,58.23285],[12.54563,58.23588],[12.57789,58.21858],[12.58881,58.22547],[12.59332,58.22104],[12.60239,58.23181],[12.66664,58.24986],[12.68008,58.26318],[12.67007,58.27416],[12.69774,58.2843],[12.70094,58.27396],[12.74513,58.26763],[12.7527,58.27622],[12.79509,58.28042],[12.78997,58.27674],[12.81519,58.2708],[12.81655,58.26113],[12.82984,58.26095],[12.82152,58.24762],[12.78942,58.22837],[12.79983,58.21544],[12.81987,58.22082]]]}},{"type":"Feature","id":"1446","properties":{"code":"1446"},"geometry":{"type":"Polygon","coordinates":[[[14.39534,58.4918],[14.36581,58.49401],[14.35434,58.52654],[14.33738,58.54327],[14.34442,58.58552],[14.33127,58.61404],[14.31673,58.61925],[14.2948,58.61301],[14.2507,58.62392],[14.29172,58.65403],[14.27952,58.69226],[14.26094,58.6881],[14.25239,58.69834],[14.29609,58.72058],[14.36341,58.72588],[14.42144,58.79473],[14.47051,58.78103],[14.47682,58.71337],[14.50559,58.71359],[14.51635,58.7237],[14.52715,58.7235],[14.53397,58.71272],[14.54599,58.71873],[14.55542,58.70527],[14.53676,58.67751],[14.62636,58.69426],[14.62165,58.73735],[14.69123,58.74012],[14.69893,58.69663],[14.77882,58.64617],[14.67346,58.51007],[14.54251,58.37966],[14.39973,58.40574],[14.3587,58.40762],[14.33465,58.40087],[14.33046,58.40835],[14.30477,58.40483],[14.3072,58.41041],[14.29166,58.41626],[14.2972,58.42519],[14.36851,58.46955],[14.37812,58.4873],[14.39534,58.4918]]]}},{"type":"Feature","id":"1447","properties":{"code":"1447"},"geometry":{"type":"Polygon","coordinates":[[[14.32203,58.92291],[14.32205,58.90585],[14.33743,58.89645],[14.35698,58.89983],[14.37389,58.8833],[14.395,58.88363],[14.38468,58.87776],[14.39905,58.86427],[14.3893,58.86135],[14.3788,58.86583],[14.36004,58.85006],[14.36947,58.84377],[14.38957,58.84577],[14.38254,58.82983],[14.42144,58.79473],[14.38107,58.80242],[14.35257,58.8166],[14.35081,58.82818],[14.30716,58.83786],[14.31078,58.82971],[14.29671,58.82895],[14.29473,58.82225],[14.22438,58.82447],[14.20809,58.80623],[14.21446,58.80278],[14.16964,58.79646],[14.17062,58.78685],[14.15549,58.79261],[14.14995,58.78764],[14.12098,58.81198],[14.12931,58.8132],[14.14307,58.84859],[14.13412,58.88892],[14.03271,58.89195],[14.03342,58.88715],[14.02696,58.8922],[13.95841,58.89387],[13.94092,58.91607],[13.94929,58.93455],[13.90773,58.95964],[13.58881,59.05933],[14.04413,59.02865],[14.03309,59.03736],[14.0382,59.04295],[14.07501,59.05024],[14.142,59.05248],[14.17997,59.04079],[14.22423,59.04546],[14.23172,59.02924],[14.26491,59.01592],[14.29785,59.01222],[14.28524,58.94833],[14.32203,58.92291]]]}},{"type":"Feature","id":"1452","properties":{"code":"1452"},"geometry":{"type":"Polygon","coordinates":[[[13.44426,57.37226],[13.43302,57.34904],[13.38782,57.34104],[13.36871,57.32155],[13.28495,57.3083],[13.25858,57.29385],[13.22598,57.30821],[13.22508,57.31878],[13.26266,57.33272],[13.25422,57.33491],[13.26182,57.34782],[13.24354,57.35396],[13.26024,57.37396],[13.22394,57.37656],[13.21569,57.38241],[13.213,57.39947],[13.24029,57.42395],[13.23073,57.42888],[13.23404,57.4359],[13.20469,57.43541],[13.20174,57.44649],[13.22225,57.45303],[13.22869,57.46801],[13.24209,57.46842],[13.24708,57.47575],[13.23607,57.4859],[13.25492,57.4874],[13.25627,57.50187],[13.27501,57.51046],[13.27246,57.5239],[13.25263,57.54189],[13.24545,57.53746],[13.21474,57.54117],[13.19079,57.53371],[13.13641,57.54765],[13.17506,57.58856],[13.17052,57.5927],[13.19938,57.61217],[13.19867,57.65108],[13.20291,57.65564],[13.22112,57.64553],[13.2383,57.65917],[13.2902,57.67355],[13.29177,57.66757],[13.30901,57.66769],[13.31345,57.63769],[13.32942,57.63433],[13.32381,57.61478],[13.3434,57.61343],[13.36088,57.62838],[13.40913,57.61175],[13.42258,57.61645],[13.44143,57.61077],[13.4748,57.62065],[13.53504,57.67322],[13.57658,57.6542],[13.58058,57.64614],[13.58451,57.65002],[13.58285,57.64592],[13.59826,57.64464],[13.61696,57.64577],[13.67067,57.67614],[13.70727,57.67219],[13.70364,57.67883],[13.72347,57.68185],[13.70763,57.63829],[13.68561,57.63236],[13.68247,57.62584],[13.67154,57.62753],[13.66424,57.61505],[13.68857,57.55829],[13.66878,57.53824],[13.61005,57.51206],[13.5832,57.47554],[13.5313,57.43045],[13.5142,57.42821],[13.5043,57.41422],[13.51548,57.41023],[13.5116,57.39822],[13.48228,57.39347],[13.46842,57.37127],[13.44426,57.37226]]]}},{"type":"Feature","id":"1460","properties":{"code":"1460"},"geometry":{"type":"Polygon","coordinates":[[[12.4024,59.00548],[12.42673,59.00212],[12.40835,58.98363],[12.41782,58.97349],[12.41242,58.95312],[12.4176,58.94461],[12.42725,58.94079],[12.443,58.94418],[12.45631,58.93267],[12.4462,58.91234],[12.4606,58.91774],[12.44649,58.91135],[12.45103,58.90149],[12.43282,58.86714],[12.39922,58.85239],[12.40276,58.842],[12.35786,58.83967],[12.35932,58.85361],[12.31858,58.84657],[12.30311,58.85321],[12.27719,58.85411],[12.24462,58.84778],[12.23174,58.81903],[12.25915,58.79674],[12.26269,58.77731],[12.23592,58.76364],[12.21854,58.76837],[12.18959,58.74954],[12.1313,58.7946],[12.10282,58.7982],[12.1118,58.78447],[12.05992,58.78667],[12.06056,58.77906],[12.04591,58.77224],[12.04105,58.77736],[12.0149,58.77853],[12.0142,58.78517],[12.00312,58.78321],[11.99511,58.79316],[12.00141,58.80339],[12.02291,58.80677],[12.04311,58.82941],[12.05964,58.82491],[12.06823,58.8319],[12.05238,58.83457],[12.05685,58.84864],[12.08935,58.83418],[12.10114,58.86117],[12.08378,58.87406],[12.10091,58.90607],[12.07618,58.91597],[12.08778,58.94211],[12.10945,58.95119],[12.12577,58.94542],[12.12631,58.95316],[12.14882,58.95756],[12.14948,58.97007],[12.14109,58.97844],[12.11302,58.97737],[12.10521,58.9922],[12.11977,59.00651],[12.08252,59.03685],[12.04725,59.03327],[12.0111,59.05033],[12.01558,59.07332],[11.97095,59.09628],[11.99687,59.11974],[11.97053,59.12303],[11.94985,59.15418],[11.91065,59.16009],[11.88078,59.15652],[11.87233,59.16947],[11.85399,59.17533],[11.82999,59.20451],[11.83572,59.23581],[11.89587,59.22384],[11.92389,59.22461],[11.94511,59.235],[11.94842,59.24967],[12.01351,59.21223],[12.02949,59.21199],[12.03253,59.2014],[12.08457,59.17636],[12.10825,59.19565],[12.09366,59.20084],[12.0822,59.25724],[12.12336,59.25019],[12.18532,59.24999],[12.21187,59.25343],[12.21463,59.26369],[12.23746,59.25497],[12.26084,59.1945],[12.27395,59.18886],[12.31274,59.19679],[12.31522,59.18874],[12.34709,59.17365],[12.42474,59.19304],[12.4587,59.19285],[12.45452,59.17369],[12.42039,59.17494],[12.41508,59.1691],[12.45148,59.15783],[12.46849,59.14019],[12.44587,59.12165],[12.41864,59.07007],[12.43047,59.06742],[12.4118,59.05216],[12.41247,59.03753],[12.42926,59.0303],[12.4024,59.00548]]]}},{"type":"Feature","id":"1461","properties":{"code":"1461"},"geometry":{"type":"Polygon","coordinates":[[[12.84199,58.6752],[12.74266,58.56768],[12.627,58.53798],[12.56866,58.50453],[12.49068,58.55348],[12.47142,58.55778],[12.47709,58.5615],[12.46548,58.56766],[12.43207,58.57733],[12.39136,58.57449],[12.39509,58.57914],[12.37413,58.58125],[12.36427,58.58868],[12.35635,58.58569],[12.35364,58.59162],[12.30069,58.60888],[12.17637,58.63585],[12.22505,58.70233],[12.18996,58.75048],[12.21854,58.76837],[12.23592,58.76364],[12.26269,58.77731],[12.25915,58.79674],[12.23174,58.81903],[12.24462,58.84778],[12.27719,58.85411],[12.30311,58.85321],[12.31858,58.84657],[12.35932,58.85361],[12.35786,58.83967],[12.40276,58.842],[12.39922,58.85239],[12.43282,58.86714],[12.4356,58.85102],[12.45737,58.84852],[12.47049,58.81354],[12.49152,58.83226],[12.52516,58.82382],[12.52714,58.81578],[12.55877,58.79895],[12.56266,58.78401],[12.60571,58.78496],[12.87177,58.74722],[12.84199,58.6752]]]}},{"type":"Feature","id":"1462","properties":{"code":"1462"},"geometry":{"type":"Polygon","coordinates":[[[12.17104,58.01631],[12.16081,58.0076],[12.13722,58.01313],[12.1322,58.00836],[12.04158,58.03099],[12.04732,58.05574],[12.034,58.0857],[12.04457,58.09376],[12.03605,58.12116],[12.01957,58.12102],[11.99167,58.13501],[11.98301,58.15014],[11.99195,58.16726],[11.98595,58.17465],[12.02451,58.19656],[12.02237,58.20823],[12.04235,58.22845],[12.06306,58.23363],[12.06233,58.24018],[12.074,58.24005],[12.09274,58.2559],[12.08202,58.26631],[12.09853,58.29236],[12.13637,58.30808],[12.156,58.29717],[12.13549,58.27397],[12.15113,58.26816],[12.18665,58.27487],[12.22856,58.25652],[12.15661,58.21602],[12.14608,58.20299],[12.16179,58.20336],[12.18195,58.19251],[12.17986,58.17998],[12.16044,58.16637],[12.17959,58.15305],[12.18778,58.13477],[12.24164,58.11609],[12.27692,58.12304],[12.32553,58.11923],[12.32369,58.12393],[12.35625,58.12596],[12.37004,58.12599],[12.37552,58.11731],[12.35253,58.10884],[12.33492,58.08454],[12.25491,58.05118],[12.23172,58.02398],[12.17104,58.01631]]]}},{"type":"Feature","id":"1463","properties":{"code":"1463"},"geometry":{"type":"Polygon","coordinates":[[[12.62313,57.344],[12.56005,57.33031],[12.55877,57.32116],[12.53723,57.31949],[12.50458,57.28106],[12.49283,57.28679],[12.48172,57.27913],[12.4619,57.27537],[12.45583,57.27953],[12.43022,57.26936],[12.42114,57.30707],[12.43221,57.31505],[12.42457,57.32346],[12.41752,57.31957],[12.39749,57.32866],[12.38445,57.34699],[12.39605,57.38116],[12.4195,57.40066],[12.40515,57.41288],[12.4061,57.43077],[12.37785,57.44885],[12.33766,57.45106],[12.3228,57.46076],[12.34452,57.48878],[12.31157,57.52098],[12.34095,57.56172],[12.28309,57.59143],[12.27336,57.60583],[12.30908,57.61139],[12.30906,57.61693],[12.35298,57.63554],[12.37617,57.61743],[12.36986,57.61181],[12.42058,57.61814],[12.457,57.59952],[12.48537,57.61505],[12.59585,57.62225],[12.63292,57.64174],[12.65298,57.63352],[12.65729,57.62373],[12.65433,57.60352],[12.63403,57.59475],[12.63465,57.57884],[12.66095,57.56599],[12.68123,57.5693],[12.73423,57.55976],[12.80147,57.59107],[12.85381,57.57116],[12.878,57.55462],[12.91654,57.57462],[12.92082,57.56329],[12.95891,57.57492],[12.92066,57.52542],[12.90116,57.51252],[12.89086,57.51275],[12.88001,57.492],[12.83981,57.46019],[12.86574,57.45243],[12.89121,57.45593],[12.87399,57.4287],[12.89474,57.40631],[12.87054,57.38591],[12.874,57.34968],[12.84691,57.3299],[12.81301,57.32156],[12.80958,57.30216],[12.77551,57.2758],[12.75229,57.27744],[12.74032,57.30092],[12.70342,57.31312],[12.7055,57.32355],[12.69238,57.33461],[12.6754,57.32999],[12.65526,57.34138],[12.64357,57.32986],[12.62252,57.33193],[12.62313,57.344]]]}},{"type":"Feature","id":"1465","properties":{"code":"1465"},"geometry":{"type":"Polygon","coordinates":[[[13.25516,57.33899],[13.26266,57.33272],[13.22508,57.31878],[13.22598,57.30821],[13.25016,57.29394],[13.28213,57.30745],[13.28915,57.28897],[13.28175,57.27033],[13.26191,57.24923],[13.24297,57.25974],[13.19929,57.25035],[13.18794,57.23658],[13.19406,57.22741],[13.15146,57.17805],[13.11695,57.14933],[13.10015,57.14555],[13.09625,57.15905],[13.05239,57.14644],[13.04535,57.15548],[13.02091,57.15749],[13.03901,57.18029],[13.01146,57.18229],[12.99955,57.17734],[12.97396,57.18325],[12.9388,57.17321],[12.92085,57.1756],[12.91083,57.18397],[12.92033,57.19884],[12.91443,57.21983],[12.95238,57.23914],[12.95204,57.24631],[12.93215,57.25011],[12.93186,57.26285],[12.90612,57.27035],[12.88142,57.27149],[12.86077,57.26562],[12.83615,57.26972],[12.80754,57.30111],[12.81301,57.32156],[12.84691,57.3299],[12.874,57.34968],[12.87054,57.38591],[12.89474,57.40631],[12.87402,57.42573],[12.89121,57.45593],[12.86381,57.45274],[12.83981,57.46019],[12.84337,57.4662],[12.88001,57.492],[12.89086,57.51275],[12.90116,57.51252],[12.92066,57.52542],[12.95742,57.56739],[12.99157,57.57189],[13.0178,57.59726],[13.09043,57.61857],[13.08725,57.62355],[13.11491,57.64751],[13.11438,57.66684],[13.16054,57.67441],[13.19298,57.67609],[13.19183,57.66956],[13.20782,57.66785],[13.19867,57.65108],[13.20454,57.64109],[13.19485,57.63741],[13.2036,57.627],[13.19938,57.61217],[13.17052,57.5927],[13.17506,57.58856],[13.13641,57.54765],[13.19079,57.53371],[13.21474,57.54117],[13.24545,57.53746],[13.25263,57.54189],[13.27246,57.5239],[13.27501,57.51046],[13.25627,57.50187],[13.25492,57.4874],[13.23607,57.4859],[13.24708,57.47575],[13.24209,57.46842],[13.22869,57.46801],[13.22225,57.45303],[13.20174,57.44649],[13.20469,57.43541],[13.23404,57.4359],[13.23073,57.42888],[13.24029,57.42395],[13.213,57.39947],[13.21569,57.38241],[13.22394,57.37656],[13.26024,57.37396],[13.24354,57.35396],[13.26182,57.34782],[13.25516,57.33899]]]}},{"type":"Feature","id":"1466","properties":{"code":"1466"},"geometry":{"type":"Polygon","coordinates":[[[13.19318,58.12827],[13.21431,58.12572],[13.21732,58.11735],[13.20153,58.10796],[13.21312,58.10413],[13.20114,58.1026],[13.20724,58.09749],[13.19791,58.08912],[13.1991,58.08453],[13.21863,58.08249],[13.20324,58.07551],[13.21927,58.07542],[13.22789,58.08872],[13.25896,58.09287],[13.28443,58.08296],[13.28679,58.08777],[13.31362,58.08182],[13.29568,58.06543],[13.31307,58.05143],[13.30912,58.03774],[13.3206,58.01864],[13.32239,58.02338],[13.33545,58.01592],[13.33084,58.00393],[13.34804,58.00772],[13.37389,58.00214],[13.35671,57.98012],[13.3281,57.95174],[13.30805,57.95704],[13.27405,57.95269],[13.23414,57.93069],[13.22104,57.91057],[13.16122,57.89663],[13.13879,57.89714],[13.13063,57.88919],[13.1166,57.88949],[13.10592,57.908],[13.00626,57.8956],[12.92628,57.92767],[12.97059,57.96642],[12.96481,57.99114],[12.98535,58.00729],[12.94434,58.02323],[12.9638,58.03749],[12.93017,58.03297],[12.91577,58.0407],[12.86874,58.04016],[12.87026,58.0595],[12.83813,58.06734],[12.83801,58.07658],[12.86227,58.08226],[12.86325,58.09717],[12.90251,58.09332],[12.90333,58.11167],[12.97861,58.10911],[13.07936,58.11679],[13.13485,58.11345],[13.19318,58.12827]]]}},{"type":"Feature","id":"1470","properties":{"code":"1470"},"geometry":{"type":"Polygon","coordinates":[[[13.08595,58.11675],[12.97861,58.10911],[12.93474,58.11245],[12.91275,58.12122],[12.9228,58.1437],[12.89602,58.15692],[12.87725,58.15608],[12.87846,58.17064],[12.87362,58.16484],[12.85983,58.16505],[12.83583,58.17829],[12.86755,58.18032],[12.89714,58.19354],[12.86307,58.19966],[12.84388,58.19513],[12.82615,58.20634],[12.84053,58.20541],[12.82006,58.22191],[12.80643,58.21575],[12.79183,58.21884],[12.78942,58.22837],[12.82152,58.24762],[12.82984,58.26095],[12.81655,58.26113],[12.81323,58.26766],[12.83223,58.28947],[12.83185,58.30113],[12.81293,58.30215],[12.79443,58.31389],[12.79084,58.34966],[12.82883,58.38365],[12.92108,58.38759],[12.91909,58.37978],[12.94326,58.36988],[12.96681,58.34555],[12.97485,58.34825],[12.97351,58.34067],[12.94867,58.33142],[12.97547,58.31573],[13.02158,58.33461],[13.0333,58.34944],[13.05714,58.33845],[13.07279,58.34525],[13.09881,58.33795],[13.11653,58.34417],[13.14064,58.33907],[13.13837,58.32703],[13.1452,58.33237],[13.1676,58.32923],[13.1699,58.35039],[13.18562,58.35438],[13.24842,58.34047],[13.23891,58.32601],[13.26169,58.30343],[13.30832,58.30599],[13.33534,58.30076],[13.33333,58.29627],[13.36757,58.29315],[13.4051,58.27647],[13.3892,58.25519],[13.37837,58.25796],[13.38231,58.25008],[13.36981,58.24081],[13.35736,58.23307],[13.33804,58.23154],[13.34603,58.2261],[13.32263,58.21383],[13.31996,58.20365],[13.28323,58.18966],[13.24393,58.18948],[13.22568,58.1362],[13.2114,58.14284],[13.17592,58.12104],[13.14209,58.11407],[13.08595,58.11675]]]}},{"type":"Feature","id":"1471","properties":{"code":"1471"},"geometry":{"type":"Polygon","coordinates":[[[13.59122,58.59924],[13.62614,58.57539],[13.65723,58.56973],[13.6665,58.54267],[13.6764,58.54492],[13.61169,58.47194],[13.56774,58.47295],[13.56609,58.46388],[13.5457,58.46279],[13.53685,58.45504],[13.51176,58.45741],[13.49308,58.45123],[13.50022,58.45914],[13.49792,58.45936],[13.48407,58.4518],[13.43808,58.44998],[13.43681,58.43273],[13.39927,58.43203],[13.35268,58.44088],[13.33971,58.43626],[13.30504,58.45652],[13.30317,58.47268],[13.31165,58.47654],[13.28997,58.4812],[13.29285,58.48708],[13.28163,58.48403],[13.26703,58.48852],[13.26441,58.50475],[13.21935,58.53381],[13.27195,58.61019],[13.42508,58.74594],[13.52328,58.75681],[13.62809,58.72275],[13.63481,58.6912],[13.60498,58.65602],[13.58294,58.64708],[13.61056,58.63826],[13.60452,58.62281],[13.63076,58.62213],[13.62284,58.6165],[13.62635,58.61828],[13.63148,58.61375],[13.62284,58.61635],[13.59122,58.59924]]]}},{"type":"Feature","id":"1472","properties":{"code":"1472"},"geometry":{"type":"Polygon","coordinates":[[[14.33834,58.56076],[14.36581,58.49401],[14.39534,58.4918],[14.37812,58.4873],[14.36851,58.46955],[14.2972,58.42519],[14.29166,58.41626],[14.30788,58.40932],[14.30115,58.39799],[14.26169,58.39375],[14.26098,58.37003],[14.24088,58.364],[14.2045,58.3638],[14.18903,58.35091],[14.16787,58.35818],[14.15696,58.35157],[14.14784,58.36303],[14.13555,58.36278],[14.15265,58.37595],[14.13675,58.37201],[14.0679,58.40224],[14.08263,58.41592],[14.07879,58.42195],[14.06407,58.42266],[14.07648,58.43345],[14.0612,58.44155],[14.07483,58.44897],[14.11384,58.45206],[14.13475,58.4885],[14.13034,58.48656],[14.12616,58.48591],[14.12384,58.48694],[14.13777,58.4892],[14.14512,58.51179],[14.16992,58.51535],[14.17141,58.51241],[14.17593,58.51134],[14.22209,58.52353],[14.22192,58.53139],[14.24971,58.52955],[14.33834,58.56076]]]}},{"type":"Feature","id":"1473","properties":{"code":"1473"},"geometry":{"type":"Polygon","coordinates":[[[14.2507,58.62392],[14.2948,58.61301],[14.3184,58.61923],[14.33127,58.61404],[14.34442,58.58552],[14.33834,58.56076],[14.28824,58.53966],[14.2492,58.52946],[14.22192,58.53139],[14.22209,58.52353],[14.17432,58.51107],[14.16992,58.51535],[14.09227,58.50887],[14.06401,58.56155],[14.04535,58.58322],[14.02993,58.58364],[14.03091,58.59235],[14.01085,58.5961],[13.98603,58.59332],[13.99021,58.58952],[13.97835,58.58572],[13.94807,58.58661],[13.92884,58.5702],[13.91498,58.59225],[13.90356,58.5942],[13.94098,58.62345],[13.96963,58.67234],[13.92443,58.68419],[13.9213,58.69331],[13.93647,58.69392],[13.9417,58.70145],[14.00339,58.70554],[14.04921,58.74853],[14.01862,58.76284],[14.01903,58.77633],[14.06156,58.7762],[14.08095,58.7669],[14.09429,58.78654],[14.14995,58.78764],[14.15466,58.79261],[14.17062,58.78685],[14.16964,58.79646],[14.21446,58.80278],[14.20809,58.80623],[14.22438,58.82447],[14.29473,58.82225],[14.29671,58.82895],[14.31078,58.82971],[14.30716,58.83786],[14.35081,58.82818],[14.35257,58.8166],[14.38107,58.80242],[14.42144,58.79473],[14.36341,58.72588],[14.29609,58.72058],[14.25239,58.69834],[14.26094,58.6881],[14.27952,58.69226],[14.29172,58.65403],[14.2507,58.62392]]]}},{"type":"Feature","id":"1480","properties":{"code":"1480"},"geometry":{"type":"Polygon","coordinates":[[[11.81803,57.55642],[11.77911,57.49967],[11.45355,57.50018],[11.23152,57.65464],[11.50013,57.65464],[11.6636,57.64744],[11.69605,57.65472],[11.70423,57.66516],[11.69094,57.70254],[11.73162,57.7711],[11.84528,57.79585],[11.89935,57.83145],[11.90475,57.84437],[11.95136,57.8471],[11.96969,57.86432],[12.01376,57.86082],[12.01611,57.80616],[12.03742,57.8264],[12.04842,57.82124],[12.04368,57.83495],[12.14216,57.86594],[12.17015,57.85568],[12.20471,57.816],[12.22448,57.8109],[12.24161,57.79636],[12.20937,57.79234],[12.17367,57.77594],[12.11403,57.7724],[12.0782,57.76182],[12.08068,57.73592],[12.0541,57.73386],[12.08867,57.68217],[12.02268,57.67319],[12.00835,57.67936],[11.96956,57.67746],[11.96948,57.67089],[11.94922,57.66354],[11.9631,57.63443],[12.00174,57.59946],[11.99863,57.58452],[12.0093,57.57005],[11.97622,57.56165],[11.92236,57.56367],[11.81803,57.55642]]]}},{"type":"Feature","id":"1481","properties":{"code":"1481"},"geometry":{"type":"Polygon","coordinates":[[[11.99884,57.60076],[11.9631,57.63443],[11.94922,57.66354],[11.96948,57.67089],[11.96956,57.67746],[12.00835,57.67936],[12.02268,57.67319],[12.05674,57.67824],[12.07017,57.6716],[12.08214,57.65899],[12.06715,57.65118],[12.07976,57.64534],[12.07503,57.63613],[12.09928,57.63177],[12.10045,57.62314],[12.14185,57.63414],[12.22475,57.62663],[12.27087,57.60972],[12.27723,57.59754],[12.17543,57.56483],[12.10054,57.56175],[12.08465,57.55258],[12.04723,57.55273],[12.01267,57.54567],[11.98666,57.56263],[12.0093,57.57005],[11.99884,57.60076]]]}},{"type":"Feature","id":"1482","properties":{"code":"1482"},"geometry":{"type":"Polygon","coordinates":[[[11.96572,57.86143],[11.95114,57.84704],[11.90584,57.84497],[11.89935,57.83145],[11.84528,57.79585],[11.73162,57.77109],[11.64824,57.79133],[11.61436,57.80847],[11.55996,57.80436],[11.1582,57.80382],[11.14757,57.83464],[11.11882,57.86256],[11.45886,57.86297],[11.53451,57.90806],[11.53415,57.91712],[11.63892,57.91854],[11.69408,57.93894],[11.66894,57.95071],[11.70969,57.9585],[11.73702,57.97881],[11.74955,57.97275],[11.78951,57.97152],[11.78994,57.96649],[11.82543,57.96964],[11.83829,57.96018],[11.89286,57.96574],[11.90951,57.9575],[11.93222,57.96292],[11.95821,57.95573],[11.99323,57.96107],[11.99237,57.98825],[12.01118,58.00379],[12.02549,58.00614],[12.04158,58.03099],[12.13272,58.01057],[12.12838,57.96939],[12.0749,57.94144],[12.01376,57.86082],[11.96572,57.86143]]]}},{"type":"Feature","id":"1484","properties":{"code":"1484"},"geometry":{"type":"Polygon","coordinates":[[[11.5047,58.28598],[11.47256,58.26944],[11.50541,58.26082],[11.48915,58.23756],[11.49514,58.23338],[11.48119,58.22978],[11.47958,58.2145],[11.45171,58.18213],[11.40214,58.1925],[11.35257,58.1742],[10.89162,58.17601],[10.84806,58.25804],[10.81749,58.29225],[11.30837,58.29293],[11.35389,58.31689],[11.35741,58.35798],[11.42818,58.42343],[11.47288,58.47963],[11.51002,58.48156],[11.52463,58.49609],[11.54476,58.49258],[11.55612,58.48194],[11.56617,58.4863],[11.57555,58.48066],[11.60188,58.37204],[11.5047,58.28598]]]}},{"type":"Feature","id":"1485","properties":{"code":"1485"},"geometry":{"type":"Polygon","coordinates":[[[11.8508,58.21568],[11.84832,58.23512],[11.8197,58.26804],[11.82288,58.27731],[11.80412,58.26863],[11.78749,58.26974],[11.74701,58.30912],[11.72286,58.30223],[11.71624,58.30876],[11.67829,58.30102],[11.66891,58.25563],[11.64849,58.26237],[11.55935,58.22723],[11.54189,58.24015],[11.51979,58.24071],[11.49514,58.23338],[11.48915,58.23756],[11.50503,58.26264],[11.47256,58.26944],[11.50976,58.28951],[11.59821,58.36721],[11.59918,58.40053],[11.61928,58.39485],[11.67758,58.43199],[11.69572,58.43162],[11.70495,58.41846],[11.76351,58.4266],[11.79964,58.44519],[11.84074,58.42638],[11.86841,58.42863],[11.87905,58.43589],[11.91438,58.43497],[11.93061,58.44512],[11.94019,58.44279],[11.97623,58.45283],[12.06619,58.44195],[12.10273,58.41794],[12.15506,58.3967],[12.13245,58.36826],[12.11534,58.36635],[12.11577,58.35806],[12.10033,58.35102],[12.12231,58.32455],[12.10245,58.31297],[12.11844,58.30453],[12.09853,58.29236],[12.08202,58.26631],[12.09274,58.2559],[12.074,58.24005],[12.06233,58.24018],[12.06306,58.23363],[12.04235,58.22845],[12.02237,58.20823],[12.02451,58.19656],[11.98595,58.17465],[11.99195,58.16726],[11.98076,58.14934],[11.92603,58.15173],[11.92473,58.15797],[11.85335,58.16025],[11.85086,58.20482],[11.86495,58.20692],[11.86776,58.21376],[11.8508,58.21568]]]}},{"type":"Feature","id":"1486","properties":{"code":"1486"},"geometry":{"type":"Polygon","coordinates":[[[11.22203,58.84074],[11.20467,58.82845],[11.14315,58.81104],[11.1047,58.81835],[11.06106,58.79532],[10.60579,58.79742],[10.63891,58.89227],[10.91791,58.94228],[11.06641,58.97739],[11.11714,59.01506],[11.1535,59.07926],[11.28904,59.09958],[11.33991,59.11498],[11.36841,59.09844],[11.46462,58.99117],[11.45387,58.98547],[11.46366,58.93326],[11.45756,58.87107],[11.39009,58.84005],[11.37294,58.84047],[11.37972,58.84885],[11.3658,58.86173],[11.34915,58.8643],[11.33175,58.845],[11.29768,58.85257],[11.28639,58.84291],[11.26614,58.84132],[11.26708,58.8363],[11.23235,58.8302],[11.22473,58.83684],[11.26699,58.84782],[11.22203,58.84074]]]}},{"type":"Feature","id":"1487","properties":{"code":"1487"},"geometry":{"type":"Polygon","coordinates":[[[12.45017,58.35497],[12.44408,58.33994],[12.48283,58.3416],[12.47713,58.33555],[12.46631,58.33702],[12.47932,58.30637],[12.49392,58.30279],[12.52804,58.31252],[12.4981,58.29832],[12.4454,58.28947],[12.4179,58.26869],[12.38265,58.25653],[12.36694,58.26107],[12.37617,58.27191],[12.36983,58.29522],[12.34029,58.3039],[12.34375,58.31992],[12.33273,58.32402],[12.31347,58.32094],[12.29954,58.34059],[12.27717,58.32439],[12.25338,58.33049],[12.22392,58.32412],[12.19407,58.30722],[12.1624,58.3167],[12.12108,58.30428],[12.10386,58.30998],[12.12231,58.32455],[12.10033,58.35102],[12.11577,58.35806],[12.11534,58.36635],[12.13245,58.36826],[12.15506,58.3967],[12.10273,58.41794],[12.07114,58.43902],[12.07749,58.47522],[12.08915,58.47989],[12.09325,58.49853],[12.11737,58.50344],[12.1336,58.6005],[12.17024,58.63578],[12.30069,58.60888],[12.35364,58.59162],[12.35635,58.58569],[12.36427,58.58868],[12.37413,58.58125],[12.39509,58.57914],[12.39136,58.57449],[12.43207,58.57733],[12.46548,58.56766],[12.47709,58.5615],[12.47142,58.55778],[12.49068,58.55348],[12.56866,58.50453],[12.627,58.53798],[12.74266,58.56768],[12.71657,58.49435],[12.64402,58.44913],[12.65586,58.42249],[12.64613,58.41337],[12.57471,58.37492],[12.51524,58.37626],[12.45017,58.35497]]]}},{"type":"Feature","id":"1488","properties":{"code":"1488"},"geometry":{"type":"Polygon","coordinates":[[[12.36983,58.29522],[12.37617,58.27191],[12.36694,58.26107],[12.38265,58.25653],[12.4179,58.26869],[12.4454,58.28947],[12.4981,58.29832],[12.52816,58.31302],[12.58005,58.28285],[12.52221,58.23246],[12.54495,58.17816],[12.52224,58.17149],[12.5208,58.16316],[12.47942,58.16578],[12.46435,58.14473],[12.49896,58.14096],[12.46514,58.12343],[12.46181,58.10318],[12.43376,58.09515],[12.42422,58.11043],[12.39271,58.11805],[12.38532,58.11134],[12.37004,58.12599],[12.32369,58.12393],[12.32553,58.11923],[12.27692,58.12304],[12.25567,58.11547],[12.20819,58.12486],[12.18778,58.13477],[12.17959,58.15305],[12.16044,58.16637],[12.17986,58.17998],[12.18195,58.19251],[12.16179,58.20336],[12.14608,58.20299],[12.15661,58.21602],[12.22856,58.25652],[12.18665,58.27487],[12.15113,58.26816],[12.13549,58.27397],[12.15596,58.29647],[12.13641,58.3079],[12.1449,58.31415],[12.1624,58.3167],[12.19407,58.30722],[12.22392,58.32412],[12.25338,58.33049],[12.27717,58.32439],[12.29954,58.34059],[12.31347,58.32094],[12.33273,58.32402],[12.34375,58.31992],[12.34029,58.3039],[12.36983,58.29522]]]}},{"type":"Feature","id":"1489","properties":{"code":"1489"},"geometry":{"type":"Polygon","coordinates":[[[12.6601,57.8564],[12.59362,57.82249],[12.59998,57.80974],[12.57622,57.79146],[12.51798,57.76253],[12.49814,57.76648],[12.48449,57.77652],[12.48948,57.78935],[12.48072,57.79353],[12.47253,57.7861],[12.42559,57.82957],[12.4419,57.84455],[12.43354,57.8553],[12.4456,57.8663],[12.44258,57.89035],[12.39741,57.87675],[12.3879,57.89559],[12.40544,57.89495],[12.39566,57.9058],[12.4121,57.92856],[12.37363,57.94134],[12.36178,57.93852],[12.35479,57.94709],[12.34125,57.94845],[12.38547,57.97117],[12.36976,57.96889],[12.35232,57.97892],[12.37417,57.99275],[12.41333,57.98739],[12.41881,58.01678],[12.41164,58.02367],[12.42694,58.04928],[12.41808,58.06164],[12.43376,58.09515],[12.46181,58.10318],[12.46514,58.12343],[12.49896,58.14096],[12.46454,58.14523],[12.47942,58.16578],[12.5208,58.16316],[12.52224,58.17149],[12.54495,58.17816],[12.54266,58.19731],[12.57772,58.19787],[12.58634,58.19187],[12.66028,58.18427],[12.67315,58.18914],[12.70857,58.15835],[12.68303,58.12958],[12.70856,58.10943],[12.71097,58.09676],[12.69951,58.08847],[12.63622,58.07324],[12.63105,58.06437],[12.58054,58.04724],[12.55783,58.01155],[12.53932,57.99847],[12.56877,57.97235],[12.61442,57.9747],[12.62117,57.96045],[12.6485,57.95002],[12.66525,57.90886],[12.66384,57.88886],[12.65314,57.8816],[12.66268,57.87508],[12.65392,57.86374],[12.6601,57.8564]]]}},{"type":"Feature","id":"1490","properties":{"code":"1490"},"geometry":{"type":"Polygon","coordinates":[[[12.95441,57.57493],[12.92082,57.56329],[12.91654,57.57462],[12.87823,57.5546],[12.86502,57.55771],[12.85381,57.57116],[12.80147,57.59107],[12.73423,57.55976],[12.68123,57.5693],[12.66095,57.56599],[12.63465,57.57884],[12.63403,57.59475],[12.65433,57.60352],[12.65729,57.62373],[12.65298,57.63352],[12.63292,57.64174],[12.76282,57.68612],[12.75137,57.68916],[12.76145,57.69864],[12.71657,57.71867],[12.72022,57.7257],[12.70669,57.72325],[12.69768,57.73113],[12.71363,57.73794],[12.72243,57.77549],[12.73634,57.7871],[12.69933,57.80178],[12.70072,57.8082],[12.70727,57.8167],[12.73614,57.82109],[12.75605,57.83201],[12.74371,57.83483],[12.76383,57.84442],[12.75652,57.86536],[12.82374,57.87167],[12.84882,57.88878],[12.85183,57.88116],[12.85445,57.89291],[12.87577,57.89572],[12.86104,57.90062],[12.86707,57.91399],[12.88149,57.92622],[12.89904,57.92554],[12.91128,57.93202],[12.89639,57.93883],[12.90651,57.94172],[12.9277,57.93696],[12.92628,57.92767],[13.01323,57.89413],[13.106,57.90799],[13.11662,57.8916],[13.10567,57.85591],[13.12773,57.84433],[13.12096,57.84214],[13.13269,57.83343],[13.13662,57.81287],[13.18744,57.79409],[13.17793,57.78071],[13.22306,57.78027],[13.24762,57.77311],[13.24987,57.74855],[13.22251,57.73657],[13.23687,57.72987],[13.20638,57.7129],[13.25377,57.70531],[13.30901,57.66769],[13.29177,57.66757],[13.2902,57.67355],[13.26983,57.67038],[13.21663,57.64538],[13.2,57.65655],[13.20782,57.66785],[13.19183,57.66956],[13.19298,57.67609],[13.11438,57.66684],[13.11491,57.64751],[13.08725,57.62355],[13.09043,57.61857],[13.0178,57.59726],[12.99157,57.57189],[12.95743,57.5674],[12.95441,57.57493]]]}},{"type":"Feature","id":"1491","properties":{"code":"1491"},"geometry":{"type":"Polygon","coordinates":[[[13.6942,57.70574],[13.72249,57.69169],[13.72347,57.68185],[13.70364,57.67883],[13.70727,57.67219],[13.67067,57.67614],[13.61696,57.64577],[13.58838,57.64461],[13.58451,57.65002],[13.58058,57.64614],[13.57658,57.6542],[13.53504,57.67322],[13.4748,57.62065],[13.45664,57.61392],[13.43946,57.61079],[13.41314,57.61605],[13.40913,57.61175],[13.36088,57.62838],[13.3434,57.61343],[13.3245,57.61452],[13.31869,57.61902],[13.32942,57.63433],[13.31345,57.63769],[13.30873,57.66794],[13.25377,57.70531],[13.20638,57.7129],[13.23687,57.72987],[13.22251,57.73657],[13.24987,57.74855],[13.24762,57.77311],[13.22306,57.78027],[13.17793,57.78071],[13.18744,57.79409],[13.13662,57.81287],[13.13269,57.83343],[13.12096,57.84214],[13.12773,57.84433],[13.10567,57.85591],[13.1166,57.88949],[13.22104,57.91057],[13.23414,57.93069],[13.27405,57.95269],[13.30805,57.95704],[13.3281,57.95174],[13.35697,57.98185],[13.41735,57.97782],[13.41724,57.98383],[13.42706,57.98261],[13.44878,57.95839],[13.46275,57.96631],[13.48649,57.9673],[13.48047,57.98328],[13.51584,58.00899],[13.54253,58.00853],[13.54662,58.0037],[13.5594,58.00666],[13.59416,57.99008],[13.57959,57.97417],[13.6136,57.93913],[13.61374,57.93025],[13.58715,57.91631],[13.59361,57.91912],[13.5995,57.91019],[13.61837,57.91932],[13.64065,57.91853],[13.64887,57.92837],[13.72904,57.93125],[13.7413,57.94035],[13.76585,57.93773],[13.7712,57.92595],[13.78927,57.92215],[13.79057,57.90638],[13.76147,57.89339],[13.76636,57.87843],[13.74218,57.86533],[13.73146,57.84529],[13.75388,57.77344],[13.7143,57.73064],[13.72969,57.71838],[13.6942,57.70574]]]}},{"type":"Feature","id":"1492","properties":{"code":"1492"},"geometry":{"type":"Polygon","coordinates":[[[12.48627,59.1274],[12.5171,59.13077],[12.5819,59.11342],[12.58889,59.1289],[12.61902,59.1417],[12.63008,59.16434],[12.62404,59.17176],[12.65548,59.18611],[12.65449,59.17633],[12.67007,59.17819],[12.69544,59.17077],[12.71426,59.15085],[12.75455,59.13085],[12.77014,59.04382],[12.89963,58.81427],[12.87177,58.74722],[12.60571,58.78496],[12.56266,58.78401],[12.55877,58.79895],[12.52714,58.81578],[12.52602,58.82354],[12.49777,58.83233],[12.47049,58.81354],[12.45737,58.84852],[12.44405,58.84703],[12.43273,58.85769],[12.45103,58.90149],[12.44649,58.91135],[12.4506,58.9119],[12.4606,58.91774],[12.4462,58.91234],[12.45631,58.93267],[12.443,58.94418],[12.42725,58.94079],[12.4176,58.94461],[12.40887,58.96546],[12.41782,58.97349],[12.40835,58.98363],[12.42673,59.00212],[12.4024,59.00548],[12.42832,59.02443],[12.41247,59.03753],[12.4118,59.05216],[12.43047,59.06742],[12.41864,59.07007],[12.44587,59.12165],[12.45742,59.13216],[12.48627,59.1274]]]}},{"type":"Feature","id":"1493","properties":{"code":"1493"},"geometry":{"type":"Polygon","coordinates":[[[13.72948,58.57517],[13.70012,58.56128],[13.70443,58.55574],[13.72323,58.56096],[13.7347,58.55712],[13.73495,58.55146],[13.71968,58.5533],[13.72885,58.54712],[13.716,58.53773],[13.68876,58.55343],[13.6665,58.54267],[13.65723,58.56973],[13.62614,58.57539],[13.59017,58.59823],[13.62284,58.61635],[13.63148,58.61375],[13.62284,58.6165],[13.63076,58.62213],[13.60452,58.62281],[13.61056,58.63826],[13.58294,58.64708],[13.60498,58.65602],[13.63481,58.6912],[13.62809,58.72275],[13.52328,58.75681],[13.42508,58.74594],[13.33854,58.8124],[13.42422,58.95939],[13.58881,59.05933],[13.90773,58.95964],[13.94929,58.93455],[13.94092,58.91607],[13.95841,58.89387],[14.02696,58.8922],[14.03342,58.88715],[14.03271,58.89195],[14.13412,58.88892],[14.14307,58.84859],[14.12931,58.8132],[14.12098,58.81198],[14.1415,58.79076],[14.09429,58.78654],[14.08095,58.7669],[14.06156,58.7762],[14.01903,58.77633],[14.01862,58.76284],[14.04921,58.74853],[14.01898,58.71391],[14.00339,58.70554],[13.9417,58.70145],[13.93647,58.69392],[13.92062,58.69251],[13.92443,58.68419],[13.96963,58.67234],[13.94098,58.62345],[13.90356,58.5942],[13.92753,58.57879],[13.91169,58.54893],[13.85984,58.52495],[13.822,58.53008],[13.80789,58.52656],[13.80777,58.53168],[13.78506,58.53174],[13.76429,58.54153],[13.77722,58.54751],[13.7939,58.5749],[13.78002,58.57655],[13.77067,58.56893],[13.78424,58.56826],[13.76966,58.56345],[13.72948,58.57517]]]}},{"type":"Feature","id":"1494","properties":{"code":"1494"},"geometry":{"type":"Polygon","coordinates":[[[13.0333,58.34944],[13.03449,58.34272],[12.98662,58.31729],[12.9591,58.32276],[12.94867,58.33142],[12.978,58.34388],[12.91909,58.37978],[12.92108,58.38759],[12.90741,58.38363],[12.89964,58.38889],[12.87687,58.38449],[12.84535,58.38724],[12.8387,58.40914],[12.85388,58.43467],[12.8394,58.42523],[12.78054,58.40929],[12.76301,58.4068],[12.73445,58.41261],[12.69394,58.38986],[12.648,58.40656],[12.65586,58.42249],[12.64402,58.44913],[12.71657,58.49435],[12.74266,58.56768],[12.84199,58.6752],[12.89963,58.81427],[13.15144,58.75522],[13.1795,58.75557],[13.2532,58.72533],[13.42508,58.74594],[13.27195,58.61019],[13.21935,58.53381],[13.26441,58.50475],[13.26703,58.48852],[13.28163,58.48403],[13.29285,58.48708],[13.28997,58.4812],[13.31165,58.47654],[13.30181,58.46384],[13.3279,58.4405],[13.31779,58.43719],[13.35472,58.428],[13.33062,58.4144],[13.28831,58.40352],[13.23559,58.4032],[13.23703,58.40957],[13.21221,58.41554],[13.21377,58.40525],[13.20088,58.40625],[13.18824,58.39319],[13.18165,58.39514],[13.17183,58.39344],[13.18379,58.38766],[13.18427,58.37143],[13.20896,58.35592],[13.19699,58.35008],[13.18562,58.35438],[13.1699,58.35039],[13.1676,58.32923],[13.1452,58.33237],[13.13573,58.32767],[13.14064,58.33907],[13.11653,58.34417],[13.10208,58.33784],[13.07279,58.34525],[13.05714,58.33845],[13.0333,58.34944]]]}},{"type":"Feature","id":"1495","properties":{"code":"1495"},"geometry":{"type":"Polygon","coordinates":[[[13.32075,58.44814],[13.33971,58.43626],[13.35268,58.44088],[13.39927,58.43203],[13.43681,58.43273],[13.43808,58.44998],[13.48407,58.4518],[13.49792,58.45936],[13.49308,58.45123],[13.51176,58.45741],[13.54032,58.45553],[13.5457,58.46279],[13.56609,58.46388],[13.56774,58.47295],[13.61169,58.47194],[13.61414,58.47908],[13.63546,58.48312],[13.63544,58.47198],[13.64901,58.46755],[13.72577,58.46027],[13.75183,58.44634],[13.74853,58.42644],[13.76622,58.42186],[13.73456,58.39739],[13.74647,58.38984],[13.7272,58.3781],[13.66706,58.37002],[13.73416,58.3625],[13.72288,58.35347],[13.63053,58.34763],[13.60179,58.35413],[13.56045,58.33896],[13.56076,58.32359],[13.54514,58.3181],[13.53246,58.29175],[13.4909,58.27494],[13.44084,58.28086],[13.40475,58.276],[13.36757,58.29315],[13.33333,58.29627],[13.33534,58.30076],[13.30832,58.30599],[13.26169,58.30343],[13.23891,58.32601],[13.25113,58.3382],[13.22212,58.34922],[13.19704,58.34994],[13.20851,58.35728],[13.18427,58.37143],[13.18379,58.38766],[13.17183,58.39344],[13.18824,58.39319],[13.20088,58.40625],[13.21377,58.40525],[13.21221,58.41554],[13.22954,58.41343],[13.23978,58.40265],[13.29313,58.40406],[13.33062,58.4144],[13.35476,58.42807],[13.32239,58.43421],[13.32075,58.44814]]]}},{"type":"Feature","id":"1496","properties":{"code":"1496"},"geometry":{"type":"Polygon","coordinates":[[[13.8589,58.30928],[13.80502,58.31017],[13.7922,58.30185],[13.78765,58.3109],[13.77568,58.30621],[13.77646,58.31251],[13.75082,58.30779],[13.74504,58.31205],[13.7124,58.29758],[13.68013,58.30954],[13.67596,58.30521],[13.65631,58.30722],[13.67368,58.31593],[13.66716,58.3335],[13.6933,58.34805],[13.72225,58.35187],[13.73974,58.34841],[13.74179,58.35806],[13.77324,58.36035],[13.76976,58.36735],[13.78135,58.36672],[13.80266,58.37826],[13.75678,58.39337],[13.77212,58.41469],[13.76594,58.42398],[13.74853,58.42644],[13.74646,58.45048],[13.71247,58.46371],[13.68615,58.46124],[13.64901,58.46755],[13.63419,58.47364],[13.64004,58.4818],[13.62116,58.48033],[13.6235,58.48503],[13.64209,58.51441],[13.66225,58.52324],[13.68876,58.55343],[13.716,58.53773],[13.72885,58.54712],[13.71968,58.5533],[13.73495,58.55146],[13.7295,58.56051],[13.70012,58.55859],[13.7308,58.57751],[13.76966,58.56345],[13.78424,58.56826],[13.77067,58.56893],[13.78002,58.57655],[13.7939,58.5749],[13.76634,58.53926],[13.78682,58.53137],[13.80409,58.53287],[13.80789,58.52656],[13.822,58.53008],[13.85405,58.5242],[13.91169,58.54893],[13.94807,58.58661],[13.97835,58.58572],[13.99786,58.59509],[14.02697,58.59344],[14.02993,58.58364],[14.04535,58.58322],[14.06401,58.56155],[14.09227,58.50887],[14.14512,58.51179],[14.13777,58.4892],[14.12384,58.48694],[14.13475,58.4885],[14.11384,58.45206],[14.07483,58.44897],[14.05999,58.44014],[14.06863,58.44154],[14.07648,58.43345],[14.06407,58.42266],[14.07879,58.42195],[14.08263,58.41592],[14.0679,58.40224],[14.13675,58.37201],[14.15237,58.37534],[14.11453,58.3503],[14.12262,58.34549],[14.11439,58.33533],[14.0912,58.33935],[14.08596,58.31684],[14.057,58.30979],[14.03886,58.31797],[14.02446,58.31228],[14.02675,58.30587],[14.00097,58.29768],[13.99364,58.2852],[13.95143,58.2638],[13.95398,58.25611],[13.93817,58.25477],[13.94055,58.26345],[13.90657,58.24687],[13.86951,58.24808],[13.85111,58.26748],[13.89172,58.26062],[13.85022,58.27097],[13.8589,58.30928]]]}},{"type":"Feature","id":"1497","properties":{"code":"1497"},"geometry":{"type":"Polygon","coordinates":[[[14.3308,58.40297],[14.39973,58.40574],[14.54251,58.37966],[14.41774,58.19106],[14.31426,58.13178],[14.22487,58.13556],[14.15533,58.13031],[14.11465,58.15656],[14.12086,58.18221],[14.11043,58.20126],[14.13644,58.20854],[14.12298,58.22194],[14.14374,58.23333],[14.13834,58.24018],[14.15079,58.24457],[14.14876,58.25637],[14.10925,58.26101],[14.10651,58.25085],[14.08756,58.24843],[14.08498,58.25608],[14.07742,58.25122],[14.05176,58.26378],[14.04469,58.25707],[14.02674,58.25859],[14.01559,58.26683],[14.02406,58.27719],[13.98258,58.27955],[14.03886,58.31797],[14.057,58.30979],[14.08596,58.31684],[14.0912,58.33935],[14.11439,58.33533],[14.12262,58.34549],[14.11453,58.3503],[14.13264,58.36469],[14.13735,58.35975],[14.14784,58.36303],[14.15696,58.35157],[14.16787,58.35818],[14.18903,58.35091],[14.2045,58.3638],[14.24088,58.364],[14.26098,58.37003],[14.26843,58.39795],[14.30115,58.39799],[14.31222,58.4073],[14.33046,58.40835],[14.3308,58.40297]]]}},{"type":"Feature","id":"1498","properties":{"code":"1498"},"geometry":{"type":"Polygon","coordinates":[[[14.01742,58.26999],[14.02674,58.25859],[14.04469,58.25707],[14.05176,58.26378],[14.07742,58.25122],[14.08498,58.25608],[14.08756,58.24843],[14.10651,58.25085],[14.10925,58.26101],[14.14876,58.25637],[14.15079,58.24457],[14.13834,58.24018],[14.14374,58.23333],[14.12298,58.22194],[14.13644,58.20854],[14.11043,58.20126],[14.12086,58.18221],[14.11465,58.15656],[14.12877,58.14633],[14.12203,58.1001],[14.10726,58.06371],[14.06469,58.03891],[14.0696,58.02515],[14.06176,58.02822],[14.06395,58.02423],[13.96295,58.00783],[13.94939,58.03408],[13.91864,58.04167],[13.86839,58.05095],[13.8608,58.04134],[13.80501,58.05553],[13.7916,58.04768],[13.79624,58.05408],[13.74961,58.07139],[13.75485,58.08489],[13.74534,58.08821],[13.76357,58.09846],[13.74155,58.10737],[13.76365,58.12399],[13.71307,58.14406],[13.75692,58.16556],[13.7465,58.17835],[13.77391,58.18624],[13.7804,58.20671],[13.75504,58.20506],[13.75403,58.22943],[13.7625,58.23527],[13.86169,58.25388],[13.86951,58.24808],[13.90657,58.24687],[13.94055,58.26345],[13.93817,58.25477],[13.95398,58.25611],[13.95143,58.2638],[13.9838,58.27973],[14.02406,58.27719],[14.01742,58.26999]]]}},{"type":"Feature","id":"1499","properties":{"code":"1499"},"geometry":{"type":"Polygon","coordinates":[[[13.68814,57.97683],[13.71217,57.966],[13.72904,57.93125],[13.64887,57.92837],[13.64065,57.91853],[13.61837,57.91932],[13.5995,57.91019],[13.59361,57.91912],[13.58715,57.91631],[13.61374,57.93025],[13.6136,57.93913],[13.57959,57.97417],[13.59416,57.99008],[13.55811,58.00705],[13.54662,58.0037],[13.54253,58.00853],[13.51584,58.00899],[13.48047,57.98328],[13.48649,57.9673],[13.46275,57.96631],[13.44878,57.95839],[13.42706,57.98261],[13.41724,57.98383],[13.41735,57.97782],[13.35697,57.98185],[13.37389,58.00214],[13.34804,58.00772],[13.33084,58.00393],[13.33545,58.01592],[13.32239,58.02338],[13.3206,58.01864],[13.30912,58.03774],[13.31307,58.05143],[13.29568,58.06543],[13.31362,58.08182],[13.28679,58.08777],[13.28443,58.08296],[13.25896,58.09287],[13.22789,58.08872],[13.21927,58.07542],[13.20324,58.07551],[13.21863,58.08249],[13.1991,58.08453],[13.19791,58.08912],[13.20724,58.09749],[13.20114,58.1026],[13.21012,58.10074],[13.21312,58.10413],[13.20153,58.10796],[13.21732,58.11735],[13.21431,58.12572],[13.18938,58.12924],[13.2114,58.14284],[13.22568,58.1362],[13.2441,58.18961],[13.28323,58.18966],[13.31996,58.20365],[13.32263,58.21383],[13.34603,58.2261],[13.33804,58.23154],[13.35736,58.23307],[13.36981,58.24081],[13.38231,58.25008],[13.37837,58.25796],[13.3892,58.25519],[13.40475,58.276],[13.44084,58.28086],[13.4909,58.27494],[13.53246,58.29175],[13.54514,58.3181],[13.56076,58.32359],[13.56045,58.33896],[13.60179,58.35413],[13.63053,58.34763],[13.72288,58.35347],[13.73416,58.3625],[13.66706,58.37002],[13.72696,58.37798],[13.74647,58.38984],[13.73456,58.39739],[13.76333,58.41907],[13.77212,58.41469],[13.75678,58.39337],[13.80267,58.37733],[13.78135,58.36672],[13.76976,58.36735],[13.77324,58.36035],[13.74179,58.35806],[13.73974,58.34841],[13.72225,58.35187],[13.6933,58.34805],[13.66716,58.3335],[13.67368,58.31593],[13.65631,58.30722],[13.67596,58.30521],[13.68013,58.30954],[13.7124,58.29758],[13.74504,58.31205],[13.75082,58.30779],[13.77646,58.31251],[13.77568,58.30621],[13.78765,58.3109],[13.7922,58.30185],[13.80502,58.31017],[13.8589,58.30928],[13.85022,58.27097],[13.89172,58.26062],[13.85111,58.26748],[13.86157,58.25185],[13.81723,58.2422],[13.78282,58.24183],[13.75408,58.22958],[13.75504,58.20506],[13.7804,58.20671],[13.77391,58.18624],[13.7465,58.17835],[13.75692,58.16556],[13.71307,58.14406],[13.76365,58.12399],[13.74155,58.10737],[13.76357,58.09846],[13.74534,58.08821],[13.75485,58.08489],[13.74961,58.07139],[13.79003,58.05596],[13.77324,58.04824],[13.77177,58.02422],[13.75285,58.02532],[13.77245,58.01992],[13.77373,58.00644],[13.75246,58.00849],[13.75753,58.00067],[13.74879,57.9938],[13.73318,57.99816],[13.72067,57.99168],[13.72761,57.98853],[13.71962,57.97617],[13.68814,57.97683]]]}},{"type":"Feature","id":"1715","properties":{"code":"1715"},"geometry":{"type":"Polygon","coordinates":[[[13.33256,59.49231],[13.31618,59.48548],[13.27517,59.49528],[13.25245,59.48598],[13.24395,59.49991],[13.23184,59.49675],[13.23522,59.50299],[13.22089,59.49004],[13.20586,59.49219],[13.19815,59.48239],[13.18636,59.49126],[13.17176,59.47723],[13.15248,59.47245],[13.09974,59.48989],[13.09813,59.49589],[13.07685,59.49818],[13.06064,59.51878],[13.04235,59.52534],[13.03695,59.54006],[13.00433,59.52884],[12.96294,59.5362],[12.94147,59.53397],[12.92784,59.55956],[12.99288,59.60818],[13.02677,59.59246],[13.04611,59.60392],[13.02835,59.62755],[13.04516,59.63567],[13.03727,59.65888],[13.04508,59.65469],[13.06489,59.65954],[13.09329,59.65134],[13.21957,59.65156],[13.28915,59.66429],[13.33182,59.66604],[13.36711,59.65234],[13.3919,59.62539],[13.37299,59.62087],[13.36769,59.61088],[13.39264,59.58269],[13.42918,59.57126],[13.43145,59.52584],[13.40472,59.51869],[13.39422,59.48877],[13.33256,59.49231]]]}},{"type":"Feature","id":"1730","properties":{"code":"1730"},"geometry":{"type":"Polygon","coordinates":[[[12.32857,59.71985],[12.3421,59.71575],[12.34477,59.70515],[12.32344,59.69719],[12.30497,59.66153],[12.30862,59.64882],[12.27741,59.64476],[12.29183,59.61212],[12.30488,59.60731],[12.286,59.57516],[12.27371,59.58107],[12.27572,59.60578],[12.24589,59.60409],[12.18438,59.61491],[12.13243,59.60614],[12.07119,59.61064],[12.01019,59.63735],[11.99922,59.65915],[12.01559,59.66962],[12.01038,59.67632],[11.99132,59.67259],[11.95251,59.70452],[11.97822,59.71777],[11.95429,59.71596],[11.93257,59.73018],[11.92303,59.74994],[11.93366,59.76019],[11.92602,59.794],[11.88443,59.825],[11.85334,59.83025],[11.83967,59.84101],[11.88483,59.85605],[11.88481,59.87177],[11.91789,59.8731],[11.92697,59.88479],[11.98522,59.90073],[12.05346,59.88594],[12.12612,59.89394],[12.15528,59.88675],[12.17429,59.88981],[12.231,59.92752],[12.34114,59.96567],[12.39566,60.0156],[12.44968,60.04036],[12.48148,59.98008],[12.47616,59.95031],[12.45792,59.9371],[12.4717,59.92899],[12.42452,59.91363],[12.45845,59.84553],[12.49263,59.81709],[12.4886,59.80978],[12.4202,59.79735],[12.37927,59.77975],[12.37497,59.75621],[12.35389,59.75271],[12.32857,59.71985]]]}},{"type":"Feature","id":"1737","properties":{"code":"1737"},"geometry":{"type":"Polygon","coordinates":[[[13.16488,60.2371],[13.17717,60.16868],[13.25718,60.12287],[13.183,60.10668],[13.13439,60.07297],[13.08808,60.05177],[13.05141,60.0817],[13.00958,60.05904],[12.94019,60.04212],[12.93425,60.03357],[12.92242,60.04199],[12.90965,60.03904],[12.85686,60.08277],[12.81012,60.10915],[12.75807,60.09642],[12.74991,60.10356],[12.73136,60.09827],[12.7208,60.10486],[12.70667,60.0961],[12.63824,60.09549],[12.6113,60.08157],[12.59534,60.0835],[12.58471,60.07842],[12.55663,60.13673],[12.51566,60.12788],[12.50064,60.09908],[12.54191,60.19338],[12.50442,60.28121],[12.4988,60.32365],[12.54529,60.34735],[12.60605,60.40593],[12.60688,60.51274],[12.58186,60.55091],[12.51578,60.60015],[12.51102,60.64246],[12.39537,60.73389],[12.33449,60.85236],[12.33279,60.89017],[12.22399,61.01308],[12.24247,61.01996],[12.44761,61.05073],[12.61034,61.04654],[12.67023,61.056],[12.6987,60.99812],[13.08164,60.80582],[13.15947,60.7551],[13.19884,60.696],[13.19418,60.68479],[13.24877,60.68611],[13.27582,60.64445],[13.42817,60.51703],[13.46808,60.45942],[13.54234,60.42247],[13.62169,60.41439],[13.52895,60.38213],[13.47829,60.32485],[13.41609,60.2909],[13.43232,60.28451],[13.40871,60.27966],[13.37565,60.25077],[13.32806,60.24438],[13.26211,60.22023],[13.2575,60.21212],[13.19752,60.24584],[13.16488,60.2371]]]}},{"type":"Feature","id":"1760","properties":{"code":"1760"},"geometry":{"type":"Polygon","coordinates":[[[14.28668,59.60815],[14.34443,59.58632],[14.3611,59.59337],[14.38689,59.58119],[14.39238,59.56037],[14.39874,59.56391],[14.4112,59.55907],[14.42595,59.57453],[14.46513,59.57992],[14.47571,59.52906],[14.43575,59.54224],[14.3908,59.51377],[14.46932,59.43969],[14.40966,59.41361],[14.37854,59.38407],[14.37681,59.36863],[14.36242,59.36757],[14.35515,59.33196],[14.33797,59.33259],[14.32625,59.31796],[14.26512,59.33209],[14.24462,59.35752],[14.21191,59.35841],[14.23243,59.40413],[14.26287,59.42142],[14.24623,59.43906],[14.23096,59.44216],[14.21792,59.42256],[14.16179,59.44596],[14.14802,59.43565],[14.13653,59.45083],[14.14165,59.46131],[14.00621,59.49038],[14.02189,59.49884],[14.01645,59.52973],[14.06252,59.59121],[14.16047,59.59238],[14.17352,59.60713],[14.21436,59.59422],[14.23368,59.5962],[14.23528,59.59033],[14.27228,59.58905],[14.27105,59.60109],[14.28668,59.60815]]]}},{"type":"Feature","id":"1761","properties":{"code":"1761"},"geometry":{"type":"Polygon","coordinates":[[[13.60661,59.35409],[13.70403,59.31027],[13.73464,59.25464],[13.58881,59.05933],[13.36445,59.16632],[13.41227,59.30931],[13.41237,59.31887],[13.39155,59.332],[13.44873,59.34845],[13.46678,59.34735],[13.48326,59.35636],[13.5121,59.3531],[13.52189,59.36261],[13.54844,59.35568],[13.59553,59.36997],[13.60661,59.35409]]]}},{"type":"Feature","id":"1762","properties":{"code":"1762"},"geometry":{"type":"Polygon","coordinates":[[[13.50643,59.88209],[13.51562,59.87163],[13.52677,59.87643],[13.55679,59.87229],[13.55026,59.86378],[13.5692,59.85158],[13.595,59.85509],[13.64046,59.8744],[13.61778,59.81908],[13.62991,59.81555],[13.60671,59.80738],[13.59496,59.81254],[13.5705,59.79924],[13.56373,59.80143],[13.4966,59.76576],[13.48108,59.76468],[13.47112,59.77064],[13.46487,59.76258],[13.45125,59.76418],[13.44585,59.7447],[13.41314,59.74966],[13.37662,59.76728],[13.35928,59.85661],[13.39364,59.87368],[13.41038,59.86798],[13.50643,59.88209]]]}},{"type":"Feature","id":"1763","properties":{"code":"1763"},"geometry":{"type":"Polygon","coordinates":[[[13.44128,59.50532],[13.41898,59.48469],[13.39422,59.48877],[13.40472,59.51869],[13.43145,59.52584],[13.42918,59.57126],[13.40451,59.57604],[13.3776,59.59801],[13.3724,59.62039],[13.3919,59.62539],[13.36711,59.65234],[13.34385,59.66194],[13.36571,59.6617],[13.36616,59.68467],[13.38558,59.70351],[13.3714,59.72752],[13.37948,59.76456],[13.41314,59.74966],[13.44854,59.74477],[13.45125,59.76418],[13.46487,59.76258],[13.47112,59.77064],[13.48108,59.76468],[13.4966,59.76576],[13.56373,59.80143],[13.5705,59.79924],[13.59496,59.81254],[13.60671,59.80738],[13.62932,59.81538],[13.62023,59.77955],[13.63571,59.78292],[13.6868,59.7725],[13.68115,59.75696],[13.65724,59.75057],[13.59429,59.67988],[13.61527,59.65984],[13.58636,59.64972],[13.62516,59.61472],[13.61749,59.58312],[13.63542,59.56139],[13.61533,59.54648],[13.59819,59.55624],[13.55807,59.53514],[13.54349,59.53504],[13.54727,59.49674],[13.49963,59.47732],[13.44128,59.50532]]]}},{"type":"Feature","id":"1764","properties":{"code":"1764"},"geometry":{"type":"Polygon","coordinates":[[[13.14888,59.39603],[13.16338,59.35174],[13.17529,59.34985],[13.16537,59.32514],[13.17692,59.25496],[13.11398,59.25276],[13.06552,59.23609],[13.03899,59.24416],[12.99357,59.23701],[12.91856,59.25039],[12.91469,59.27277],[12.92264,59.27767],[12.92015,59.28361],[12.90699,59.27991],[12.91528,59.31401],[12.9008,59.37216],[12.91223,59.37507],[12.90712,59.38628],[12.92798,59.39941],[12.89364,59.42347],[12.91294,59.44651],[12.90633,59.44323],[12.89125,59.44803],[12.86828,59.43173],[12.84046,59.42987],[12.82358,59.47599],[12.83051,59.49521],[12.87697,59.5079],[12.88508,59.56866],[12.90512,59.55668],[12.92784,59.55956],[12.94147,59.53397],[12.96294,59.5362],[13.00433,59.52884],[13.03695,59.54006],[13.04235,59.52534],[13.06064,59.51878],[13.07685,59.49818],[13.09813,59.49589],[13.11625,59.48285],[13.16334,59.47012],[13.14888,59.39603]]]}},{"type":"Feature","id":"1765","properties":{"code":"1765"},"geometry":{"type":"Polygon","coordinates":[[[12.32689,59.5327],[12.31197,59.52236],[12.31115,59.48818],[12.27788,59.44582],[12.40973,59.4503],[12.46426,59.43065],[12.4999,59.43243],[12.51256,59.41969],[12.46402,59.38371],[12.45001,59.38469],[12.48149,59.37158],[12.45809,59.33585],[12.47074,59.30049],[12.46015,59.27894],[12.47411,59.26749],[12.47595,59.24943],[12.44093,59.25073],[12.44454,59.22856],[12.42819,59.22253],[12.42242,59.19261],[12.34709,59.17365],[12.31522,59.18874],[12.31274,59.19679],[12.27395,59.18886],[12.26084,59.1945],[12.23746,59.25497],[12.21463,59.26369],[12.21187,59.25343],[12.18532,59.24999],[12.12336,59.25019],[12.0822,59.25724],[12.09366,59.20084],[12.10825,59.19565],[12.08457,59.17636],[12.03253,59.2014],[12.02949,59.21199],[12.01351,59.21223],[11.94842,59.24967],[11.94511,59.235],[11.92389,59.22461],[11.89587,59.22384],[11.82615,59.23783],[11.81625,59.34474],[11.77987,59.38646],[11.75321,59.47937],[11.69113,59.58955],[11.69796,59.60878],[11.72056,59.62549],[11.77889,59.64299],[11.85571,59.6483],[11.88922,59.69321],[11.94468,59.69817],[11.93357,59.71045],[11.93774,59.72814],[11.95429,59.71596],[11.97822,59.71777],[11.95242,59.70468],[11.99132,59.67259],[12.01038,59.67632],[12.01559,59.66962],[11.99922,59.65915],[12.01949,59.63149],[12.07119,59.61064],[12.13243,59.60614],[12.18438,59.61491],[12.24589,59.60409],[12.27572,59.60578],[12.27372,59.58104],[12.32326,59.55967],[12.32689,59.5327]]]}},{"type":"Feature","id":"1766","properties":{"code":"1766"},"geometry":{"type":"Polygon","coordinates":[[[13.37866,59.76631],[13.3714,59.72752],[13.38558,59.70351],[13.36616,59.68467],[13.36571,59.6617],[13.33182,59.66604],[13.28915,59.66429],[13.21957,59.65156],[13.09329,59.65134],[13.06488,59.69059],[13.01143,59.70384],[12.99265,59.72428],[12.95665,59.73395],[12.956,59.74136],[12.92517,59.75664],[12.87875,59.81356],[12.80652,59.85132],[12.72136,59.87475],[12.72072,59.887],[12.6882,59.89901],[12.70539,59.94227],[12.73386,59.95034],[12.75081,59.97312],[12.71916,59.99674],[12.66096,60.00863],[12.61579,60.02583],[12.58471,60.07842],[12.59534,60.0835],[12.6113,60.08157],[12.63824,60.09549],[12.70667,60.0961],[12.7208,60.10486],[12.73136,60.09827],[12.74991,60.10356],[12.75807,60.09642],[12.81012,60.10915],[12.85686,60.08277],[12.90965,60.03904],[12.92242,60.04199],[12.93876,60.03311],[12.94019,60.04212],[13.00958,60.05904],[13.05141,60.0817],[13.08808,60.05177],[13.13439,60.07297],[13.183,60.10668],[13.25718,60.12287],[13.28552,60.07863],[13.28649,60.0358],[13.30053,60.03016],[13.31306,60.0335],[13.31849,60.02382],[13.31824,59.99762],[13.33229,59.98749],[13.34206,59.94555],[13.38322,59.92617],[13.38251,59.86616],[13.37643,59.86876],[13.35928,59.85661],[13.37866,59.76631]]]}},{"type":"Feature","id":"1780","properties":{"code":"1780"},"geometry":{"type":"Polygon","coordinates":[[[13.23552,59.50204],[13.23184,59.49675],[13.24395,59.49991],[13.25245,59.48598],[13.27517,59.49528],[13.31618,59.48548],[13.34338,59.49338],[13.41898,59.48469],[13.44128,59.50532],[13.49963,59.47732],[13.54727,59.49674],[13.54349,59.53504],[13.55807,59.53514],[13.59819,59.55624],[13.61533,59.54648],[13.63542,59.56139],[13.61749,59.58312],[13.62516,59.61472],[13.58636,59.64972],[13.61527,59.65984],[13.59429,59.67988],[13.65724,59.75057],[13.68115,59.75696],[13.6868,59.7725],[13.73234,59.76726],[13.78042,59.7738],[13.83063,59.7536],[13.82567,59.736],[13.918,59.64502],[13.9508,59.58773],[14.03124,59.55346],[14.01645,59.52973],[14.02072,59.49586],[14.00659,59.49356],[14.01769,59.48795],[14.00632,59.44937],[13.98376,59.43767],[13.9712,59.43933],[13.9607,59.42465],[13.9313,59.4236],[13.89006,59.38549],[13.86936,59.3771],[13.87371,59.35015],[13.88542,59.34071],[13.81608,59.29632],[13.7966,59.30484],[13.78811,59.30247],[13.79194,59.2837],[13.73464,59.25464],[13.70403,59.31027],[13.60064,59.35691],[13.59553,59.36997],[13.54844,59.35568],[13.52189,59.36261],[13.5121,59.3531],[13.48326,59.35636],[13.46678,59.34735],[13.44873,59.34845],[13.39155,59.332],[13.41237,59.31887],[13.41227,59.30931],[13.36445,59.16632],[13.17692,59.25496],[13.16537,59.32514],[13.17529,59.34985],[13.16338,59.35174],[13.14824,59.39748],[13.16334,59.47012],[13.15216,59.47404],[13.17176,59.47723],[13.18636,59.49126],[13.19815,59.48239],[13.20586,59.49219],[13.22089,59.49004],[13.23552,59.50204]]]}},{"type":"Feature","id":"1781","properties":{"code":"1781"},"geometry":{"type":"Polygon","coordinates":[[[14.28915,59.22714],[14.29596,59.12708],[14.34011,59.09244],[14.33728,59.07324],[14.29785,59.01222],[14.26491,59.01592],[14.23172,59.02924],[14.22423,59.04546],[14.17997,59.04079],[14.142,59.05248],[14.07501,59.05024],[14.0382,59.04295],[14.03309,59.03736],[14.04413,59.02865],[13.58881,59.05933],[13.73464,59.25464],[13.79194,59.2837],[13.78811,59.30247],[13.7966,59.30484],[13.81608,59.29632],[13.88542,59.34071],[13.87371,59.35015],[13.87099,59.37994],[13.89006,59.38549],[13.9313,59.4236],[13.9607,59.42465],[13.9712,59.43933],[13.98376,59.43767],[14.00632,59.44937],[14.01847,59.48956],[14.03481,59.48142],[14.07855,59.47788],[14.10779,59.4653],[14.14165,59.46131],[14.13653,59.45083],[14.14802,59.43565],[14.16179,59.44596],[14.21792,59.42256],[14.23096,59.44216],[14.24006,59.44208],[14.26287,59.42142],[14.23243,59.40413],[14.21141,59.36118],[14.22862,59.35553],[14.24462,59.35752],[14.26512,59.33209],[14.32521,59.31819],[14.30644,59.28418],[14.30833,59.24936],[14.28915,59.22714]]]}},{"type":"Feature","id":"1782","properties":{"code":"1782"},"geometry":{"type":"Polygon","coordinates":[[[14.41702,59.82978],[14.43471,59.77094],[14.40468,59.75644],[14.4,59.7421],[14.43498,59.68396],[14.4252,59.66475],[14.46513,59.57992],[14.42595,59.57453],[14.4112,59.55907],[14.39874,59.56391],[14.39238,59.56037],[14.38689,59.58119],[14.3611,59.59337],[14.34443,59.58632],[14.29982,59.59764],[14.30664,59.59876],[14.28668,59.60815],[14.27105,59.60109],[14.27228,59.58905],[14.23528,59.59033],[14.23368,59.5962],[14.21436,59.59422],[14.17352,59.60713],[14.16047,59.59238],[14.06252,59.59121],[14.03054,59.55379],[13.95283,59.58616],[13.918,59.64502],[13.82567,59.736],[13.83063,59.7536],[13.78042,59.7738],[13.9133,59.79753],[13.88466,59.81412],[13.86277,59.81397],[13.856,59.86717],[13.89354,59.86911],[13.90616,59.88105],[13.90768,59.9355],[13.99317,59.95616],[14.01831,60.08105],[13.99738,60.1567],[13.96552,60.1752],[14.01193,60.19111],[13.95107,60.251],[13.99098,60.25152],[14.02291,60.24235],[14.02368,60.22884],[14.1492,60.23066],[14.15762,60.2072],[14.19689,60.16328],[14.2127,60.09574],[14.43704,60.02572],[14.45655,59.97301],[14.33178,59.95171],[14.34052,59.93997],[14.36014,59.93361],[14.36641,59.91199],[14.38727,59.90787],[14.39919,59.91276],[14.42301,59.90126],[14.41221,59.8922],[14.42111,59.88533],[14.41702,59.82978]]]}},{"type":"Feature","id":"1783","properties":{"code":"1783"},"geometry":{"type":"Polygon","coordinates":[[[13.90768,59.9355],[13.89684,59.87026],[13.856,59.86717],[13.86277,59.81397],[13.88466,59.81412],[13.9133,59.79753],[13.73234,59.76726],[13.69741,59.76833],[13.63571,59.78292],[13.62023,59.77955],[13.62991,59.81555],[13.61778,59.81908],[13.64046,59.8744],[13.595,59.85509],[13.5692,59.85158],[13.55026,59.86378],[13.55679,59.87229],[13.52677,59.87643],[13.51562,59.87163],[13.50666,59.88236],[13.41038,59.86798],[13.39364,59.87368],[13.38251,59.86616],[13.38322,59.92617],[13.34206,59.94555],[13.33229,59.98749],[13.31824,59.99762],[13.31849,60.02382],[13.31306,60.0335],[13.30053,60.03016],[13.28649,60.0358],[13.28552,60.07863],[13.25718,60.12287],[13.17717,60.16868],[13.16547,60.2379],[13.19752,60.24584],[13.2575,60.21212],[13.26211,60.22023],[13.32806,60.24438],[13.37565,60.25077],[13.40871,60.27966],[13.43232,60.28451],[13.41609,60.2909],[13.47829,60.32485],[13.52895,60.38213],[13.62169,60.41439],[13.67083,60.40336],[13.82797,60.25477],[13.99738,60.1567],[14.01831,60.08105],[13.99317,59.95616],[13.90768,59.9355]]]}},{"type":"Feature","id":"1784","properties":{"code":"1784"},"geometry":{"type":"Polygon","coordinates":[[[12.55854,59.38734],[12.51904,59.40308],[12.4999,59.43243],[12.46426,59.43065],[12.40973,59.4503],[12.27788,59.44582],[12.276,59.44948],[12.31115,59.48818],[12.31197,59.52236],[12.32689,59.5327],[12.32326,59.55967],[12.286,59.57516],[12.30488,59.60731],[12.29183,59.61212],[12.27741,59.64476],[12.30862,59.64882],[12.30497,59.66153],[12.32344,59.69719],[12.34477,59.70515],[12.3421,59.71575],[12.32857,59.71985],[12.33529,59.73582],[12.35389,59.75271],[12.37497,59.75621],[12.3769,59.77831],[12.4202,59.79735],[12.4886,59.80978],[12.49263,59.81709],[12.45845,59.84553],[12.42452,59.91363],[12.4717,59.92899],[12.45792,59.9371],[12.47616,59.95031],[12.48148,59.98008],[12.44968,60.04036],[12.51566,60.12788],[12.55663,60.13673],[12.61579,60.02583],[12.66096,60.00863],[12.71916,59.99674],[12.75081,59.97312],[12.73386,59.95034],[12.70539,59.94227],[12.6882,59.89901],[12.72072,59.887],[12.72136,59.87475],[12.80652,59.85132],[12.87875,59.81356],[12.92517,59.75664],[12.956,59.74136],[12.95665,59.73395],[12.99265,59.72428],[13.01143,59.70384],[13.06488,59.69059],[13.09329,59.65134],[13.06489,59.65954],[13.04508,59.65469],[13.03727,59.65888],[13.04516,59.63567],[13.02835,59.62755],[13.04611,59.60392],[13.03369,59.59194],[12.99327,59.60839],[12.92784,59.55956],[12.90512,59.55668],[12.88508,59.56866],[12.87697,59.5079],[12.83051,59.49521],[12.82358,59.47599],[12.84301,59.43468],[12.81434,59.41241],[12.79962,59.40545],[12.79166,59.40965],[12.70417,59.39002],[12.64187,59.3907],[12.62152,59.40028],[12.60862,59.38593],[12.55854,59.38734]]]}},{"type":"Feature","id":"1785","properties":{"code":"1785"},"geometry":{"type":"Polygon","coordinates":[[[13.58881,59.05933],[13.42422,58.95939],[13.33854,58.8124],[13.42508,58.74594],[13.2532,58.72533],[13.1795,58.75557],[13.15144,58.75522],[12.89963,58.81427],[12.77014,59.04382],[12.75233,59.13259],[12.71426,59.15085],[12.69544,59.17077],[12.67007,59.17819],[12.65449,59.17633],[12.65548,59.18611],[12.62404,59.17176],[12.63008,59.16434],[12.61902,59.1417],[12.58889,59.1289],[12.57785,59.11202],[12.54736,59.12578],[12.5171,59.13077],[12.49344,59.12605],[12.46216,59.1304],[12.46066,59.1528],[12.41508,59.1691],[12.42039,59.17494],[12.45452,59.17369],[12.46247,59.18181],[12.4587,59.19285],[12.42242,59.19261],[12.42312,59.20962],[12.42819,59.22253],[12.44454,59.22856],[12.44093,59.25073],[12.47595,59.24943],[12.47411,59.26749],[12.46015,59.27894],[12.47074,59.30049],[12.45809,59.33585],[12.48149,59.37158],[12.45001,59.38469],[12.46402,59.38371],[12.50914,59.41532],[12.51904,59.40308],[12.55868,59.38727],[12.60862,59.38593],[12.62152,59.40028],[12.64548,59.39039],[12.72654,59.39292],[12.79166,59.40965],[12.79962,59.40545],[12.84046,59.42987],[12.86828,59.43173],[12.89125,59.44803],[12.90633,59.44323],[12.91294,59.44651],[12.89364,59.42347],[12.92798,59.39941],[12.90712,59.38628],[12.91223,59.37507],[12.9008,59.37216],[12.91528,59.31401],[12.90699,59.27991],[12.92015,59.28361],[12.92264,59.27767],[12.91469,59.27277],[12.91772,59.25074],[12.99357,59.23701],[13.03899,59.24416],[13.06552,59.23609],[13.11398,59.25276],[13.17692,59.25496],[13.58881,59.05933]]]}},{"type":"Feature","id":"1814","properties":{"code":"1814"},"geometry":{"type":"Polygon","coordinates":[[[15.02852,59.1975],[15.05084,59.16636],[15.04649,59.15667],[15.05519,59.15516],[15.0431,59.13601],[14.9932,59.12573],[14.96079,59.12757],[14.93799,59.11497],[14.92276,59.08472],[14.87582,59.08832],[14.85363,59.08052],[14.83622,59.08338],[14.80911,59.07653],[14.77873,59.05281],[14.70437,59.02553],[14.74188,59.12668],[14.68938,59.11391],[14.66662,59.11901],[14.66449,59.10956],[14.57348,59.10231],[14.57219,59.11448],[14.59055,59.11495],[14.59327,59.12127],[14.57558,59.1213],[14.58717,59.13561],[14.56812,59.14656],[14.55828,59.16576],[14.55615,59.22748],[14.59795,59.22974],[14.62456,59.25578],[14.64353,59.26058],[14.66908,59.24168],[14.7097,59.23256],[14.71083,59.25729],[14.76628,59.25917],[14.76234,59.28068],[14.77508,59.28148],[14.7484,59.31525],[14.75508,59.32068],[14.77142,59.31681],[14.78512,59.33251],[14.79994,59.32075],[14.83548,59.31124],[14.84921,59.31336],[14.89243,59.29436],[14.90279,59.27312],[14.91951,59.26978],[14.92793,59.25774],[14.93357,59.24344],[14.92571,59.23817],[14.94804,59.22774],[14.95301,59.21522],[14.9283,59.20529],[14.94687,59.18977],[15.00183,59.20031],[15.02852,59.1975]]]}},{"type":"Feature","id":"1860","properties":{"code":"1860"},"geometry":{"type":"Polygon","coordinates":[[[14.4503,59.00931],[14.4919,59.00408],[14.46463,59.02851],[14.45139,59.0298],[14.48478,59.08628],[14.50453,59.09307],[14.66449,59.10956],[14.66662,59.11901],[14.68938,59.11391],[14.74188,59.12668],[14.698,59.0254],[14.7129,59.02854],[14.72517,59.02295],[14.72543,59.01029],[14.74683,59.01525],[14.74929,58.99712],[14.71704,58.99348],[14.70538,58.98062],[14.72633,58.97485],[14.74368,58.95454],[14.78557,58.93989],[14.69188,58.88874],[14.64601,58.88912],[14.64662,58.84908],[14.62679,58.83308],[14.6469,58.80125],[14.67703,58.78605],[14.69123,58.74012],[14.62165,58.73735],[14.62636,58.69426],[14.54056,58.6769],[14.55542,58.70527],[14.54599,58.71873],[14.53397,58.71272],[14.52715,58.7235],[14.51635,58.7237],[14.50559,58.71359],[14.47682,58.71337],[14.47051,58.78103],[14.42144,58.79473],[14.38254,58.82983],[14.38957,58.84577],[14.36947,58.84377],[14.36004,58.85006],[14.3788,58.86583],[14.3893,58.86135],[14.39905,58.86427],[14.38468,58.87776],[14.395,58.88363],[14.37389,58.8833],[14.36142,58.89807],[14.33743,58.89645],[14.32391,58.90373],[14.32362,58.92166],[14.28524,58.94833],[14.29178,58.98219],[14.36463,58.99426],[14.36771,59.00424],[14.4389,59.0093],[14.44721,59.01545],[14.4503,59.00931]]]}},{"type":"Feature","id":"1861","properties":{"code":"1861"},"geometry":{"type":"Polygon","coordinates":[[[15.35458,59.17912],[15.37277,59.15436],[15.40513,59.14617],[15.40539,59.12747],[15.42288,59.1048],[15.46716,59.08008],[15.45913,59.06091],[15.471,59.02955],[15.46398,59.01848],[15.43683,59.01424],[15.54336,58.97317],[15.55839,58.94098],[15.59404,58.90558],[15.58599,58.8965],[15.56329,58.89413],[15.55399,58.87047],[15.53074,58.86455],[15.44065,58.86417],[15.45402,58.82106],[15.42427,58.82199],[15.42938,58.81456],[15.41358,58.8069],[15.40286,58.84195],[15.3814,58.84693],[15.34759,58.82921],[15.34448,58.86901],[15.32073,58.89284],[15.33287,58.91783],[15.28475,58.95021],[15.26159,58.94719],[15.25805,58.95656],[15.21824,58.97931],[15.1625,58.97574],[15.16415,58.99956],[15.09258,59.00272],[15.09168,59.02214],[15.04255,59.02621],[14.96039,59.01029],[14.95707,59.00103],[14.88622,59.01147],[14.85494,58.98826],[14.77411,58.97982],[14.76709,58.98445],[14.75898,58.97886],[14.71499,58.97437],[14.70538,58.98062],[14.71704,58.99348],[14.74929,58.99712],[14.74683,59.01525],[14.72311,59.01099],[14.72782,59.01948],[14.7129,59.02854],[14.77873,59.05281],[14.78989,59.0642],[14.80191,59.06514],[14.80227,59.07385],[14.83622,59.08338],[14.85363,59.08052],[14.87126,59.08796],[14.90572,59.08796],[14.92276,59.08472],[14.91801,59.07519],[14.97937,59.07777],[14.99056,59.07245],[14.98567,59.0588],[15.01773,59.04661],[15.04048,59.05174],[15.03972,59.05581],[15.02375,59.05155],[15.02723,59.06154],[15.04449,59.0691],[15.06059,59.06819],[15.06284,59.07839],[15.06986,59.0764],[15.08058,59.08543],[15.10382,59.07943],[15.12584,59.08311],[15.1215,59.0732],[15.13659,59.07232],[15.16109,59.08813],[15.23851,59.08857],[15.26193,59.06335],[15.27102,59.0728],[15.27701,59.07032],[15.268,59.1026],[15.29968,59.10878],[15.2992,59.13145],[15.28475,59.1337],[15.31898,59.14371],[15.31956,59.15329],[15.35001,59.16763],[15.35458,59.17912]]]}},{"type":"Feature","id":"1862","properties":{"code":"1862"},"geometry":{"type":"Polygon","coordinates":[[[14.51575,59.29328],[14.54684,59.28222],[14.54337,59.27294],[14.58077,59.25518],[14.61512,59.246],[14.59795,59.22974],[14.55615,59.22748],[14.55828,59.16576],[14.56812,59.14656],[14.58717,59.13561],[14.57558,59.1213],[14.59327,59.12127],[14.59055,59.11495],[14.57219,59.11448],[14.5703,59.09861],[14.50453,59.09307],[14.48478,59.08628],[14.45139,59.0298],[14.46463,59.02851],[14.4919,59.00408],[14.4503,59.00931],[14.44721,59.01545],[14.4389,59.0093],[14.36771,59.00424],[14.36463,58.99426],[14.29178,58.98219],[14.29785,59.01222],[14.34006,59.08409],[14.33757,59.09836],[14.29596,59.12708],[14.30139,59.13592],[14.28956,59.15937],[14.28915,59.22714],[14.30833,59.24936],[14.30644,59.28418],[14.32521,59.31819],[14.34051,59.30389],[14.37405,59.29883],[14.40846,59.30218],[14.46501,59.28722],[14.4721,59.27873],[14.51575,59.29328]]]}},{"type":"Feature","id":"1863","properties":{"code":"1863"},"geometry":{"type":"Polygon","coordinates":[[[14.75363,59.99718],[14.7736,59.92178],[14.81462,59.89298],[14.83337,59.86651],[14.83852,59.86449],[14.85187,59.86722],[14.85353,59.8663],[14.91149,59.74727],[14.93045,59.73865],[14.95299,59.71185],[14.93586,59.70966],[14.93339,59.7179],[14.91018,59.71878],[14.88975,59.72841],[14.8755,59.71246],[14.84465,59.7072],[14.81849,59.6944],[14.72307,59.70607],[14.77198,59.65609],[14.77442,59.63695],[14.75553,59.61979],[14.68834,59.59335],[14.66233,59.57342],[14.62408,59.55826],[14.62984,59.53656],[14.67048,59.52732],[14.70472,59.53025],[14.73292,59.51952],[14.74046,59.50944],[14.71427,59.49485],[14.70959,59.47611],[14.67585,59.46749],[14.67186,59.47715],[14.65649,59.47243],[14.63112,59.49434],[14.55985,59.50485],[14.55864,59.50961],[14.47571,59.52906],[14.46135,59.59809],[14.4252,59.66475],[14.43498,59.68396],[14.4,59.7421],[14.40468,59.75644],[14.43471,59.77094],[14.41485,59.82178],[14.42111,59.88533],[14.41221,59.8922],[14.42301,59.90126],[14.39919,59.91276],[14.38727,59.90787],[14.36641,59.91199],[14.36014,59.93361],[14.34052,59.93997],[14.33179,59.95181],[14.45655,59.97301],[14.43704,60.02572],[14.75363,59.99718]]]}},{"type":"Feature","id":"1864","properties":{"code":"1864"},"geometry":{"type":"Polygon","coordinates":[[[14.80766,60.11093],[14.8507,60.10419],[14.83818,60.08836],[14.90478,60.05134],[14.93883,60.04873],[15.01343,60.05739],[15.03404,60.03918],[15.04763,60.04948],[15.07768,60.04112],[15.12546,60.00842],[15.20542,60.00178],[15.22843,59.97613],[15.20585,59.94231],[15.19067,59.94632],[15.20161,59.93487],[15.18555,59.92164],[15.18242,59.89486],[15.14647,59.83445],[15.10551,59.8227],[15.09964,59.82616],[15.08182,59.80863],[15.09503,59.80168],[15.0984,59.78689],[15.05793,59.77961],[14.9054,59.76809],[14.89954,59.77146],[14.85353,59.8663],[14.83337,59.86651],[14.81462,59.89298],[14.7736,59.92178],[14.75647,59.97733],[14.73734,60.08175],[14.80766,60.11093]]]}},{"type":"Feature","id":"1880","properties":{"code":"1880"},"geometry":{"type":"Polygon","coordinates":[[[15.20023,59.18216],[15.1426,59.17044],[15.15776,59.18215],[15.13335,59.1766],[15.09674,59.18059],[15.06688,59.17152],[15.05521,59.17331],[15.04828,59.16647],[15.03978,59.18799],[15.02262,59.19912],[14.98913,59.19895],[14.9891,59.195],[14.94687,59.18977],[14.9283,59.20529],[14.95301,59.21522],[14.94804,59.22774],[14.92571,59.23817],[14.93357,59.24344],[14.91951,59.26978],[14.90279,59.27312],[14.88119,59.29978],[14.84921,59.31336],[14.83548,59.31124],[14.79994,59.32075],[14.76412,59.36413],[14.76064,59.38478],[14.79096,59.38698],[14.8324,59.37281],[14.93113,59.38331],[14.96049,59.41426],[14.97911,59.41202],[14.97418,59.41624],[14.99894,59.42232],[14.99418,59.45252],[15.0037,59.46446],[15.04122,59.47277],[15.06584,59.4693],[15.069,59.43246],[15.08868,59.43161],[15.10809,59.43477],[15.11368,59.44199],[15.14314,59.44376],[15.15095,59.44639],[15.14213,59.46762],[15.14833,59.50822],[15.15901,59.50655],[15.20082,59.52373],[15.21453,59.51496],[15.23021,59.52045],[15.23148,59.50801],[15.27565,59.50537],[15.27992,59.44574],[15.30114,59.44986],[15.31926,59.43284],[15.39285,59.43115],[15.41987,59.42148],[15.47289,59.43203],[15.516,59.40629],[15.47372,59.39779],[15.47603,59.38907],[15.51839,59.38516],[15.5682,59.36831],[15.59988,59.37494],[15.61923,59.35255],[15.61452,59.34769],[15.63532,59.33395],[15.6077,59.28873],[15.69168,59.27053],[15.72654,59.2234],[15.79817,59.23052],[15.76204,59.19792],[15.79821,59.13698],[15.78773,59.13663],[15.79425,59.10971],[15.70727,59.10101],[15.70108,59.09445],[15.71612,59.0849],[15.71051,59.07742],[15.63991,59.05411],[15.63229,59.03679],[15.64098,59.03453],[15.61667,59.02304],[15.63112,59.01128],[15.65572,59.01155],[15.65031,58.99614],[15.66531,58.98203],[15.68763,58.98197],[15.68187,58.97525],[15.64158,58.97392],[15.62908,58.98318],[15.59035,58.95955],[15.55356,58.95619],[15.54336,58.97317],[15.43774,59.01355],[15.46398,59.01848],[15.471,59.02955],[15.45913,59.06091],[15.46716,59.08008],[15.42288,59.1048],[15.40539,59.12747],[15.40513,59.14617],[15.37277,59.15436],[15.3566,59.18333],[15.30837,59.18114],[15.28177,59.18913],[15.22962,59.17164],[15.20023,59.18216]]]}},{"type":"Feature","id":"1881","properties":{"code":"1881"},"geometry":{"type":"Polygon","coordinates":[[[15.16109,59.08813],[15.13659,59.07232],[15.1215,59.0732],[15.12584,59.08311],[15.10382,59.07943],[15.0749,59.08425],[15.06059,59.06819],[15.04449,59.0691],[15.02723,59.06154],[15.02375,59.05155],[15.03972,59.05581],[15.04048,59.05174],[15.01773,59.04661],[14.98567,59.0588],[14.99056,59.07245],[14.97937,59.07777],[14.91801,59.07519],[14.93425,59.11049],[14.96079,59.12757],[14.9932,59.12573],[15.0431,59.13601],[15.05521,59.17331],[15.06688,59.17152],[15.09674,59.18059],[15.13335,59.1766],[15.15776,59.18215],[15.1426,59.17044],[15.15622,59.16972],[15.18354,59.18207],[15.20023,59.18216],[15.22962,59.17164],[15.2845,59.18924],[15.30837,59.18114],[15.3566,59.18333],[15.35001,59.16763],[15.31956,59.15329],[15.31898,59.14371],[15.28475,59.1337],[15.2992,59.13145],[15.29968,59.10878],[15.268,59.1026],[15.2758,59.0695],[15.27102,59.0728],[15.25871,59.06401],[15.23851,59.08857],[15.16109,59.08813]]]}},{"type":"Feature","id":"1882","properties":{"code":"1882"},"geometry":{"type":"Polygon","coordinates":[[[15.08365,58.76673],[15.03454,58.70429],[15.01158,58.70558],[15.00394,58.6957],[14.97246,58.6834],[14.95548,58.69295],[14.92922,58.69682],[14.80665,58.66505],[14.77882,58.64617],[14.69928,58.69627],[14.67703,58.78605],[14.6469,58.80125],[14.62679,58.83308],[14.64662,58.84908],[14.64659,58.88963],[14.69188,58.88874],[14.78557,58.93989],[14.74368,58.95454],[14.72544,58.97516],[14.76709,58.98445],[14.77411,58.97982],[14.85494,58.98826],[14.88622,59.01147],[14.95707,59.00103],[14.96039,59.01029],[15.04255,59.02621],[15.09168,59.02214],[15.09258,59.00272],[15.16415,58.99956],[15.1625,58.97574],[15.21824,58.97931],[15.25805,58.95656],[15.26159,58.94719],[15.28475,58.95021],[15.33287,58.91783],[15.32073,58.89284],[15.34448,58.86901],[15.34759,58.82921],[15.32527,58.85929],[15.29518,58.84979],[15.26282,58.86514],[15.25617,58.84977],[15.2406,58.84308],[15.24452,58.84447],[15.24696,58.83834],[15.21901,58.84275],[15.21809,58.82727],[15.19826,58.81473],[15.16743,58.81066],[15.13812,58.82065],[15.11907,58.79084],[15.13252,58.78705],[15.1151,58.7702],[15.0964,58.7689],[15.09307,58.76189],[15.08365,58.76673]]]}},{"type":"Feature","id":"1883","properties":{"code":"1883"},"geometry":{"type":"Polygon","coordinates":[[[14.54401,59.27775],[14.54684,59.28222],[14.53043,59.28344],[14.51575,59.29328],[14.4721,59.27873],[14.46501,59.28722],[14.40846,59.30218],[14.37405,59.29883],[14.34051,59.30389],[14.32624,59.31796],[14.33797,59.33259],[14.35515,59.33196],[14.36242,59.36757],[14.37681,59.36863],[14.37854,59.38407],[14.40966,59.41361],[14.46932,59.43969],[14.3908,59.51377],[14.43575,59.54224],[14.55864,59.50961],[14.55985,59.50485],[14.63112,59.49434],[14.65649,59.47243],[14.67186,59.47715],[14.67383,59.46769],[14.70959,59.47611],[14.72248,59.45707],[14.71064,59.43818],[14.68091,59.41987],[14.73324,59.37479],[14.78255,59.34991],[14.78997,59.33264],[14.77142,59.31681],[14.75508,59.32068],[14.7484,59.31525],[14.77508,59.28148],[14.76234,59.28068],[14.76628,59.25917],[14.71083,59.25729],[14.7097,59.23256],[14.66908,59.24168],[14.64353,59.26058],[14.61512,59.246],[14.58077,59.25518],[14.54401,59.27775]]]}},{"type":"Feature","id":"1884","properties":{"code":"1884"},"geometry":{"type":"Polygon","coordinates":[[[15.14667,59.50503],[15.14213,59.46753],[15.15095,59.44639],[15.14314,59.44376],[15.11368,59.44199],[15.10809,59.43477],[15.08868,59.43161],[15.069,59.43246],[15.06584,59.4693],[15.04122,59.47277],[15.0037,59.46446],[14.99418,59.45252],[14.99894,59.42232],[14.97418,59.41624],[14.97911,59.41202],[14.96049,59.41426],[14.93113,59.38331],[14.8324,59.37281],[14.79135,59.38691],[14.76493,59.3861],[14.7697,59.35768],[14.73761,59.37271],[14.68086,59.4204],[14.71064,59.43818],[14.72248,59.45707],[14.71084,59.48943],[14.72732,59.50722],[14.74046,59.50944],[14.73292,59.51952],[14.70472,59.53025],[14.67048,59.52732],[14.62984,59.53656],[14.62408,59.55826],[14.66233,59.57342],[14.68834,59.59335],[14.75553,59.61979],[14.77442,59.63695],[14.77198,59.65609],[14.72307,59.70607],[14.81849,59.6944],[14.84465,59.7072],[14.8755,59.71246],[14.88975,59.72841],[14.91018,59.71878],[14.93339,59.7179],[14.93586,59.70966],[14.95299,59.71185],[14.97663,59.6371],[14.99602,59.63355],[15.00612,59.61077],[15.00074,59.58414],[15.10341,59.59025],[15.09997,59.58122],[15.12494,59.58022],[15.17241,59.55481],[15.14913,59.5448],[15.15119,59.5209],[15.16214,59.51733],[15.14667,59.50503]]]}},{"type":"Feature","id":"1885","properties":{"code":"1885"},"geometry":{"type":"Polygon","coordinates":[[[15.22754,59.51992],[15.21453,59.51496],[15.20082,59.52373],[15.15901,59.50655],[15.15007,59.50921],[15.16214,59.51733],[15.15119,59.5209],[15.14913,59.5448],[15.17241,59.55481],[15.12494,59.58022],[15.09997,59.58122],[15.10341,59.59025],[15.00074,59.58414],[15.00612,59.61077],[14.99602,59.63355],[14.97663,59.6371],[14.95997,59.70273],[14.93045,59.73865],[14.91149,59.74727],[14.9054,59.76809],[15.0984,59.78689],[15.09503,59.80168],[15.08182,59.80863],[15.09964,59.82616],[15.10551,59.8227],[15.14647,59.83445],[15.18242,59.89486],[15.18555,59.92164],[15.20161,59.93487],[15.19067,59.94632],[15.20585,59.94231],[15.22843,59.97613],[15.35526,59.89399],[15.36465,59.87713],[15.3792,59.87753],[15.43135,59.84918],[15.4412,59.85005],[15.45697,59.83531],[15.44787,59.83128],[15.45611,59.82108],[15.42588,59.79556],[15.5054,59.79607],[15.53142,59.76089],[15.5259,59.75337],[15.55397,59.72361],[15.54506,59.7175],[15.55154,59.6999],[15.52893,59.69016],[15.51506,59.64233],[15.52105,59.63343],[15.54595,59.62862],[15.61569,59.63047],[15.62321,59.59823],[15.63664,59.59124],[15.63223,59.57105],[15.62633,59.57372],[15.62849,59.52006],[15.70475,59.53894],[15.71974,59.50752],[15.69058,59.49612],[15.68548,59.47742],[15.71283,59.4758],[15.73016,59.40857],[15.63041,59.40486],[15.62437,59.39704],[15.60397,59.39655],[15.59988,59.37494],[15.5682,59.36831],[15.51839,59.38516],[15.47603,59.38907],[15.47372,59.39779],[15.516,59.40629],[15.47289,59.43203],[15.41987,59.42148],[15.39285,59.43115],[15.31926,59.43284],[15.30114,59.44986],[15.2798,59.44578],[15.27877,59.50159],[15.23148,59.50801],[15.22754,59.51992]]]}},{"type":"Feature","id":"1904","properties":{"code":"1904"},"geometry":{"type":"Polygon","coordinates":[[[15.53123,59.95716],[15.60198,59.94806],[15.62346,59.93414],[15.68175,59.93792],[15.70234,59.91032],[15.72228,59.90527],[15.74486,59.91169],[15.7462,59.90548],[15.764,59.90758],[15.76314,59.88505],[15.77175,59.88102],[15.80672,59.8903],[15.86401,59.89507],[15.92089,59.8548],[15.93934,59.85323],[15.97916,59.80552],[15.99333,59.75404],[15.99659,59.71322],[15.97344,59.69436],[15.9645,59.661],[15.90581,59.6689],[15.86562,59.65364],[15.86325,59.64231],[15.81506,59.63115],[15.80721,59.64783],[15.77147,59.6495],[15.74095,59.68513],[15.68028,59.68475],[15.67521,59.67995],[15.64682,59.68299],[15.60717,59.69756],[15.55037,59.69917],[15.54506,59.7175],[15.55323,59.7259],[15.5259,59.75337],[15.53142,59.76089],[15.5054,59.79607],[15.42588,59.79556],[15.45611,59.82108],[15.44787,59.83128],[15.45697,59.83531],[15.4412,59.85005],[15.42224,59.85415],[15.46045,59.89466],[15.48779,59.89829],[15.47339,59.9097],[15.50102,59.92802],[15.49297,59.93604],[15.53123,59.95716]]]}},{"type":"Feature","id":"1907","properties":{"code":"1907"},"geometry":{"type":"Polygon","coordinates":[[[16.11448,59.9103],[16.1223,59.88197],[16.20635,59.85144],[16.21712,59.81652],[16.29272,59.76374],[16.28091,59.7503],[16.29791,59.7237],[16.29444,59.71122],[16.31077,59.70101],[16.28095,59.69406],[16.27668,59.68136],[16.26396,59.67992],[16.24556,59.66222],[16.18542,59.65764],[16.18815,59.66315],[16.17989,59.65959],[16.15465,59.66446],[16.1101,59.65463],[16.02814,59.66041],[16.01078,59.67157],[15.97916,59.80552],[15.94147,59.85005],[16.00364,59.86213],[16.03307,59.87612],[16.05422,59.89707],[16.0949,59.90966],[16.11448,59.9103]]]}},{"type":"Feature","id":"1960","properties":{"code":"1960"},"geometry":{"type":"Polygon","coordinates":[[[16.22695,59.46731],[16.22791,59.45493],[16.24325,59.45714],[16.25426,59.45246],[16.24968,59.40954],[16.30658,59.39918],[16.27365,59.38853],[16.26648,59.36195],[16.21033,59.35996],[16.15792,59.34624],[16.07232,59.35197],[16.03513,59.36926],[15.99644,59.35954],[15.9783,59.3954],[15.96227,59.40391],[15.96846,59.41149],[15.93135,59.40437],[15.92612,59.41758],[15.88987,59.42184],[15.86776,59.45792],[15.89926,59.46509],[15.90667,59.47456],[15.91549,59.46768],[15.92819,59.47251],[15.93561,59.49055],[15.93868,59.48045],[15.9622,59.4689],[16.00583,59.47958],[16.06819,59.46937],[16.08442,59.47191],[16.10794,59.45924],[16.16653,59.45094],[16.19213,59.45094],[16.22695,59.46731]]]}},{"type":"Feature","id":"1961","properties":{"code":"1961"},"geometry":{"type":"Polygon","coordinates":[[[16.31034,59.58001],[16.33612,59.57095],[16.33193,59.56534],[16.32027,59.56596],[16.33518,59.55068],[16.26449,59.50699],[16.24066,59.50429],[16.2361,59.49164],[16.26674,59.4818],[16.26313,59.45239],[16.22791,59.45493],[16.22695,59.46731],[16.19988,59.46905],[16.21296,59.49859],[16.23586,59.5166],[16.20828,59.53779],[16.17743,59.5351],[16.14307,59.57062],[16.11911,59.5803],[16.12231,59.59461],[16.10713,59.60247],[16.08227,59.60428],[16.07453,59.61606],[16.08064,59.63879],[16.11015,59.64462],[16.11316,59.6566],[16.13367,59.66233],[16.16982,59.66413],[16.17989,59.65959],[16.18346,59.66389],[16.18542,59.65764],[16.24556,59.66222],[16.26366,59.6788],[16.27676,59.6609],[16.2909,59.65294],[16.30656,59.65431],[16.3019,59.64186],[16.31575,59.6263],[16.30753,59.6168],[16.32263,59.61116],[16.32483,59.59945],[16.31034,59.58001]]]}},{"type":"Feature","id":"1962","properties":{"code":"1962"},"geometry":{"type":"Polygon","coordinates":[[[15.94626,60.18498],[16.02395,60.18215],[16.05701,60.14706],[16.13221,60.13863],[16.16387,60.1203],[16.1418,60.0925],[16.18152,60.08449],[16.19218,60.06841],[16.19657,60.02931],[16.17632,60.03513],[16.18913,60.00448],[16.20625,59.99186],[16.14532,59.99077],[16.14188,59.97043],[16.1631,59.96058],[16.121,59.94183],[16.09242,59.93666],[16.05476,59.99083],[15.99086,59.98359],[15.97034,60.00446],[15.91883,60.00233],[15.88087,60.01458],[15.85795,60.04743],[15.8191,60.0286],[15.79968,60.04389],[15.75945,60.04189],[15.73839,60.01998],[15.72896,60.03048],[15.69687,60.03385],[15.68234,60.05199],[15.70657,60.0451],[15.70763,60.05752],[15.73808,60.08006],[15.7123,60.08194],[15.71922,60.09123],[15.74774,60.10025],[15.7477,60.11126],[15.75994,60.11571],[15.765,60.13063],[15.72636,60.1283],[15.72537,60.14491],[15.76704,60.14809],[15.80142,60.17748],[15.88198,60.1663],[15.92657,60.17232],[15.94626,60.18498]]]}},{"type":"Feature","id":"1980","properties":{"code":"1980"},"geometry":{"type":"Polygon","coordinates":[[[16.31806,59.45259],[16.30055,59.4576],[16.26313,59.45239],[16.26674,59.4818],[16.23463,59.49437],[16.24066,59.50429],[16.26449,59.50699],[16.33518,59.55068],[16.32027,59.56596],[16.33332,59.56624],[16.33234,59.57503],[16.30527,59.58162],[16.32487,59.5977],[16.32263,59.61116],[16.30753,59.6168],[16.31575,59.6263],[16.3019,59.64186],[16.30656,59.65431],[16.2909,59.65294],[16.27676,59.6609],[16.26366,59.6788],[16.27668,59.68136],[16.28095,59.69406],[16.31077,59.70101],[16.29444,59.71122],[16.29791,59.7237],[16.28091,59.7503],[16.29272,59.76374],[16.28257,59.77438],[16.35381,59.79957],[16.34717,59.82116],[16.37681,59.81371],[16.4553,59.84605],[16.51518,59.81767],[16.53046,59.8199],[16.56259,59.79767],[16.5927,59.79708],[16.5985,59.78989],[16.57534,59.78935],[16.59303,59.77394],[16.58665,59.76852],[16.60972,59.76058],[16.65509,59.7553],[16.64733,59.76336],[16.68164,59.77191],[16.66348,59.78182],[16.6776,59.79131],[16.72791,59.77889],[16.77577,59.74645],[16.78372,59.71855],[16.81595,59.71023],[16.8201,59.69227],[16.85469,59.66691],[16.9213,59.54763],[16.96591,59.52035],[16.9506,59.49396],[16.90628,59.47958],[16.88451,59.47996],[16.8338,59.4984],[16.7569,59.50203],[16.71138,59.48806],[16.66558,59.49228],[16.63597,59.48414],[16.41073,59.45976],[16.37151,59.46729],[16.31806,59.45259]]]}},{"type":"Feature","id":"1981","properties":{"code":"1981"},"geometry":{"type":"Polygon","coordinates":[[[16.77792,59.89],[16.79901,59.8815],[16.80051,59.86962],[16.83713,59.86155],[16.80101,59.8441],[16.81809,59.83647],[16.79991,59.82485],[16.80804,59.81571],[16.79265,59.81519],[16.7886,59.80672],[16.76526,59.80248],[16.72896,59.77676],[16.69355,59.78863],[16.66815,59.78842],[16.66348,59.78182],[16.68164,59.77191],[16.64733,59.76336],[16.65509,59.7553],[16.59282,59.76557],[16.57534,59.78935],[16.5985,59.78989],[16.5927,59.79708],[16.56259,59.79767],[16.53046,59.8199],[16.51518,59.81767],[16.4553,59.84605],[16.37681,59.81371],[16.34717,59.82116],[16.35381,59.79957],[16.28257,59.77438],[16.21712,59.81652],[16.20635,59.85144],[16.1223,59.88197],[16.1045,59.90496],[16.1152,59.90943],[16.09242,59.93666],[16.121,59.94183],[16.1631,59.96058],[16.14188,59.97043],[16.14532,59.99077],[16.20625,59.99186],[16.18913,60.00448],[16.17632,60.03513],[16.19657,60.02931],[16.18413,60.076],[16.20759,60.07276],[16.22267,60.08252],[16.2887,60.06993],[16.32172,60.07311],[16.32067,60.07881],[16.35137,60.07517],[16.35294,60.08139],[16.3872,60.08141],[16.38521,60.08941],[16.40625,60.09027],[16.4043,60.10221],[16.43807,60.12477],[16.50285,60.13683],[16.53895,60.13739],[16.52703,60.16462],[16.54359,60.17513],[16.6472,60.18418],[16.65657,60.19033],[16.70479,60.19509],[16.7473,60.13594],[16.7275,60.12087],[16.73231,60.11259],[16.70516,60.10896],[16.71417,60.08937],[16.69197,60.08334],[16.72747,60.04337],[16.71618,60.01086],[16.72365,60.00124],[16.7337,60.00202],[16.73823,59.98287],[16.7892,59.96576],[16.77165,59.96381],[16.7614,59.95335],[16.7678,59.94945],[16.77679,59.95533],[16.79071,59.94253],[16.79433,59.94587],[16.80212,59.90868],[16.77778,59.90571],[16.77792,59.89]]]}},{"type":"Feature","id":"1982","properties":{"code":"1982"},"geometry":{"type":"Polygon","coordinates":[[[15.85795,60.04743],[15.88087,60.01458],[15.91883,60.00233],[15.97034,60.00446],[15.99086,59.98359],[16.05508,59.99066],[16.11448,59.9103],[16.05422,59.89707],[16.02367,59.87065],[15.95973,59.85208],[15.92089,59.8548],[15.86401,59.89507],[15.80672,59.8903],[15.77175,59.88102],[15.76314,59.88505],[15.764,59.90758],[15.7462,59.90548],[15.74486,59.91169],[15.72228,59.90527],[15.70234,59.91032],[15.6779,59.94054],[15.71954,59.97373],[15.71441,60.00015],[15.6986,60.01536],[15.74782,60.02273],[15.75945,60.04189],[15.79968,60.04389],[15.8191,60.0286],[15.85795,60.04743]]]}},{"type":"Feature","id":"1983","properties":{"code":"1983"},"geometry":{"type":"Polygon","coordinates":[[[15.64682,59.68299],[15.74995,59.68275],[15.77147,59.6495],[15.80721,59.64783],[15.8198,59.63157],[15.837,59.63394],[15.84467,59.64186],[15.86325,59.64231],[15.86562,59.65364],[15.90581,59.6689],[15.9645,59.661],[15.97344,59.69436],[15.99659,59.71322],[16.01078,59.67157],[16.02814,59.66041],[16.11339,59.65391],[16.11015,59.64462],[16.08064,59.63879],[16.07453,59.61606],[16.08227,59.60428],[16.10713,59.60247],[16.12231,59.59461],[16.11911,59.5803],[16.14307,59.57062],[16.17743,59.5351],[16.20828,59.53779],[16.23586,59.5166],[16.21296,59.49859],[16.19988,59.46905],[16.22695,59.46731],[16.218,59.46013],[16.19213,59.45094],[16.16653,59.45094],[16.10794,59.45924],[16.08442,59.47191],[16.06819,59.46937],[16.00583,59.47958],[15.9622,59.4689],[15.93868,59.48045],[15.9352,59.49054],[15.92819,59.47251],[15.91549,59.46768],[15.90667,59.47456],[15.89926,59.46509],[15.83225,59.44763],[15.82077,59.4691],[15.73316,59.54526],[15.73779,59.52465],[15.7134,59.52575],[15.70475,59.53894],[15.62849,59.52006],[15.62633,59.57372],[15.63223,59.57105],[15.63664,59.59124],[15.62321,59.59823],[15.61569,59.63047],[15.56509,59.62704],[15.52105,59.63343],[15.51254,59.65256],[15.52671,59.666],[15.52893,59.69016],[15.55037,59.69917],[15.60717,59.69756],[15.64682,59.68299]]]}},{"type":"Feature","id":"1984","properties":{"code":"1984"},"geometry":{"type":"Polygon","coordinates":[[[15.72654,59.2234],[15.69168,59.27053],[15.6077,59.28873],[15.63532,59.33395],[15.61452,59.34769],[15.61605,59.35797],[15.59938,59.37322],[15.60397,59.39655],[15.62437,59.39704],[15.62938,59.4046],[15.73016,59.40857],[15.71283,59.4758],[15.68548,59.47742],[15.69058,59.49612],[15.71974,59.50752],[15.7134,59.52575],[15.73779,59.52465],[15.73316,59.54526],[15.82077,59.4691],[15.83225,59.44763],[15.86776,59.45792],[15.88987,59.42184],[15.92612,59.41758],[15.93135,59.40437],[15.96846,59.41149],[15.96227,59.40391],[15.99725,59.3676],[15.99066,59.35671],[15.93832,59.34139],[15.94247,59.32275],[15.91119,59.31563],[15.90251,59.29636],[15.88056,59.30309],[15.87712,59.28018],[15.87158,59.27831],[15.86788,59.2901],[15.86482,59.28429],[15.89274,59.23048],[15.76204,59.19792],[15.79817,59.23052],[15.72654,59.2234]]]}},{"type":"Feature","id":"2021","properties":{"code":"2021"},"geometry":{"type":"Polygon","coordinates":[[[14.14369,60.24176],[14.1492,60.23066],[14.02368,60.22884],[14.02291,60.24235],[13.9443,60.25588],[13.94172,60.35816],[13.90491,60.45663],[13.91155,60.49041],[13.89921,60.56223],[13.95404,60.58433],[13.99196,60.58751],[14.02046,60.62175],[14.01111,60.66433],[14.07777,60.67372],[14.36342,60.69251],[14.38573,60.65137],[14.53587,60.57217],[14.61267,60.47053],[14.63378,60.37804],[14.60952,60.32385],[14.63879,60.26748],[14.627,60.27206],[14.54857,60.23883],[14.51869,60.23419],[14.49494,60.23393],[14.37272,60.25566],[14.14369,60.24176]]]}},{"type":"Feature","id":"2023","properties":{"code":"2023"},"geometry":{"type":"Polygon","coordinates":[[[13.9069,60.86728],[13.97874,60.84322],[14.01627,60.80385],[13.94343,60.73469],[14.00566,60.68791],[14.02046,60.62175],[13.99196,60.58751],[13.95404,60.58433],[13.89921,60.56223],[13.91155,60.49041],[13.90491,60.45663],[13.94172,60.35816],[13.94774,60.29021],[13.93846,60.26465],[14.01193,60.19111],[13.96552,60.1752],[13.82797,60.25477],[13.67083,60.40336],[13.54234,60.42247],[13.46808,60.45942],[13.42817,60.51703],[13.27582,60.64445],[13.24877,60.68611],[13.19418,60.68479],[13.19884,60.696],[13.15947,60.7551],[13.08164,60.80582],[12.6987,60.99812],[12.67023,61.056],[12.68258,61.06122],[12.70703,61.14327],[12.79035,61.19705],[12.83383,61.25846],[12.87085,61.3565],[13.09837,61.52175],[13.19825,61.41655],[13.23886,61.38671],[13.24452,61.3705],[13.35311,61.28723],[13.43998,61.14763],[13.51342,61.09238],[13.59335,60.92234],[13.60175,60.92272],[13.61285,60.90224],[13.61085,60.86104],[13.9069,60.86728]]]}},{"type":"Feature","id":"2026","properties":{"code":"2026"},"geometry":{"type":"Polygon","coordinates":[[[14.53587,60.57217],[14.62829,60.5598],[14.79008,60.55644],[14.89238,60.54186],[15.00458,60.59075],[15.01228,60.60267],[15.03318,60.60371],[15.04551,60.62393],[15.05648,60.62326],[15.07022,60.63802],[15.11414,60.63695],[15.18722,60.61909],[15.23067,60.62817],[15.30318,60.62698],[15.267,60.60107],[15.24223,60.56351],[15.24152,60.55156],[15.27721,60.54348],[15.26342,60.54567],[15.24748,60.52385],[15.16586,60.48168],[15.18378,60.46986],[15.17615,60.46697],[15.15673,60.47708],[15.1076,60.44952],[15.09528,60.41505],[15.01164,60.36176],[14.93893,60.37509],[14.80965,60.37234],[14.76084,60.32914],[14.77356,60.32426],[14.7817,60.32794],[14.79575,60.30547],[14.77642,60.30794],[14.7657,60.29967],[14.75275,60.30215],[14.7448,60.3167],[14.71422,60.29298],[14.63349,60.27525],[14.60952,60.32385],[14.63378,60.37804],[14.61267,60.47053],[14.53587,60.57217]]]}},{"type":"Feature","id":"2029","properties":{"code":"2029"},"geometry":{"type":"Polygon","coordinates":[[[15.0696,60.63729],[15.05648,60.62326],[15.04551,60.62393],[15.03318,60.60371],[15.01228,60.60267],[15.00458,60.59075],[14.90054,60.54306],[14.79008,60.55644],[14.62829,60.5598],[14.53587,60.57217],[14.38573,60.65137],[14.36342,60.69251],[14.41297,60.69392],[14.46662,60.72937],[14.54515,60.75653],[14.66154,60.82026],[14.85756,60.87997],[14.87996,60.90722],[14.88764,60.89558],[14.91684,60.88288],[14.89543,60.87969],[14.89032,60.88432],[14.89351,60.87697],[14.88326,60.87328],[14.89862,60.87156],[14.90158,60.87796],[14.93115,60.86871],[14.94406,60.8712],[14.9588,60.85276],[15.0101,60.86409],[15.03137,60.84502],[15.07338,60.84437],[15.09849,60.82731],[15.13734,60.82675],[15.19304,60.81241],[15.24251,60.81993],[15.33923,60.85163],[15.46465,60.86922],[15.57151,60.89783],[15.60065,60.87832],[15.61895,60.87484],[15.62991,60.86543],[15.61962,60.86227],[15.6371,60.84984],[15.62525,60.8421],[15.54532,60.81915],[15.54108,60.83941],[15.52203,60.83903],[15.5332,60.81574],[15.45916,60.79456],[15.44658,60.80163],[15.42482,60.79418],[15.36909,60.79708],[15.37954,60.79079],[15.33558,60.75772],[15.32242,60.75635],[15.3584,60.74042],[15.33185,60.73893],[15.32837,60.74448],[15.32291,60.73843],[15.28955,60.73654],[15.28789,60.72918],[15.25696,60.71608],[15.27711,60.70738],[15.29205,60.70916],[15.28602,60.69777],[15.31823,60.70184],[15.31342,60.70574],[15.32925,60.70573],[15.35526,60.71646],[15.39669,60.70773],[15.40507,60.69082],[15.42643,60.68745],[15.40212,60.66188],[15.30318,60.62698],[15.23067,60.62817],[15.18722,60.61909],[15.11414,60.63695],[15.0696,60.63729]]]}},{"type":"Feature","id":"2031","properties":{"code":"2031"},"geometry":{"type":"Polygon","coordinates":[[[15.12998,60.8269],[15.09849,60.82731],[15.07338,60.84437],[15.03137,60.84502],[15.0101,60.86409],[14.9588,60.85276],[14.94406,60.8712],[14.93115,60.86871],[14.90158,60.87796],[14.89862,60.87156],[14.88326,60.87328],[14.89351,60.87697],[14.89032,60.88432],[14.89543,60.87969],[14.91684,60.88288],[14.88764,60.89558],[14.90265,60.90515],[14.88657,60.91284],[14.91066,60.93973],[14.92364,60.93923],[14.87083,60.9623],[14.92116,61.02736],[14.94897,61.0293],[15.04393,61.06497],[15.08143,61.1546],[15.06122,61.17613],[15.01474,61.18849],[15.09541,61.49294],[15.15326,61.59579],[15.20496,61.50387],[15.30083,61.42612],[15.44013,61.33316],[15.65735,61.21562],[15.68032,61.11327],[15.76196,61.04964],[15.70494,61.05421],[15.6788,61.04367],[15.67718,60.98411],[15.62927,60.92627],[15.63158,60.88091],[15.66032,60.85897],[15.6371,60.84984],[15.61962,60.86227],[15.62736,60.87],[15.57151,60.89783],[15.46465,60.86922],[15.33923,60.85163],[15.22367,60.81491],[15.19304,60.81241],[15.12998,60.8269]]]}},{"type":"Feature","id":"2034","properties":{"code":"2034"},"geometry":{"type":"Polygon","coordinates":[[[14.7165,61.04974],[14.57205,61.06028],[14.51113,61.18199],[14.39762,61.30025],[14.36282,61.39209],[14.32086,61.42781],[14.30869,61.46655],[14.30404,61.50048],[14.32624,61.53447],[14.44649,61.59459],[14.67663,61.59125],[14.67582,61.5753],[14.65382,61.56119],[14.67496,61.52828],[14.65588,61.50089],[14.67935,61.48616],[14.71617,61.48913],[14.73077,61.49664],[14.82432,61.49225],[14.90023,61.4966],[14.94741,61.4895],[14.96943,61.4939],[15.09322,61.48412],[15.01474,61.18849],[15.06122,61.17613],[15.08143,61.1546],[15.04041,61.05918],[14.7165,61.04974]]]}},{"type":"Feature","id":"2039","properties":{"code":"2039"},"geometry":{"type":"Polygon","coordinates":[[[13.75314,61.64158],[13.81606,61.64245],[13.97679,61.6214],[14.0461,61.55753],[14.06581,61.4843],[14.15956,61.38166],[14.19345,61.26943],[14.17338,61.22099],[14.2246,61.20053],[14.35495,61.10434],[14.25731,61.1024],[14.24907,61.11324],[14.18033,61.11786],[14.18512,61.12777],[14.14958,61.14449],[14.07678,61.12974],[13.94611,61.05107],[13.76063,61.06136],[13.54263,61.03158],[13.51342,61.09238],[13.43914,61.14875],[13.35311,61.28723],[13.24452,61.3705],[13.23886,61.38671],[13.19825,61.41655],[13.09837,61.52175],[12.87085,61.3565],[12.56932,61.56875],[12.41961,61.56298],[12.34122,61.61467],[12.27563,61.64024],[12.13767,61.72382],[12.29937,62.2675],[12.60781,62.21478],[12.80655,62.2202],[12.90264,62.14185],[12.95144,62.13342],[13.00348,62.06576],[13.0386,62.07143],[13.04519,62.062],[13.11648,62.04157],[13.15868,62.01966],[13.28614,62.05808],[13.29354,62.01162],[13.39193,62.00081],[13.20032,61.9291],[13.26132,61.91282],[13.38316,61.83397],[13.41317,61.79648],[13.51154,61.70976],[13.49733,61.702],[13.49623,61.71349],[13.48992,61.68999],[13.55922,61.6435],[13.59838,61.65633],[13.75314,61.64158]]]}},{"type":"Feature","id":"2061","properties":{"code":"2061"},"geometry":{"type":"Polygon","coordinates":[[[15.64008,60.22303],[15.80142,60.17748],[15.76704,60.14809],[15.72537,60.14491],[15.72636,60.1283],[15.765,60.13063],[15.75994,60.11571],[15.7477,60.11126],[15.74774,60.10025],[15.71922,60.09123],[15.7123,60.08194],[15.73808,60.08006],[15.70763,60.05752],[15.70657,60.0451],[15.68234,60.05199],[15.69687,60.03385],[15.73152,60.02883],[15.73089,60.02301],[15.6986,60.01536],[15.71441,60.00015],[15.7193,59.97333],[15.6926,59.94778],[15.67751,59.94542],[15.68175,59.93792],[15.62346,59.93414],[15.60198,59.94806],[15.53123,59.95716],[15.49297,59.93604],[15.50102,59.92802],[15.47339,59.9097],[15.48779,59.89829],[15.46045,59.89466],[15.42224,59.85415],[15.3792,59.87753],[15.36465,59.87713],[15.35526,59.89399],[15.22843,59.97613],[15.20542,60.00178],[15.12546,60.00842],[15.13646,60.044],[15.20377,60.09787],[15.22589,60.1019],[15.22131,60.11787],[15.2397,60.13182],[15.22155,60.14303],[15.23143,60.14702],[15.22143,60.15411],[15.22532,60.16147],[15.23814,60.16287],[15.24518,60.18911],[15.22647,60.25966],[15.23339,60.2788],[15.25809,60.28683],[15.29309,60.27741],[15.38365,60.27601],[15.43794,60.26678],[15.48294,60.27126],[15.49677,60.26362],[15.49498,60.25395],[15.51461,60.24693],[15.64008,60.22303]]]}},{"type":"Feature","id":"2062","properties":{"code":"2062"},"geometry":{"type":"Polygon","coordinates":[[[14.85756,60.87997],[14.66154,60.82026],[14.54515,60.75653],[14.46662,60.72937],[14.41297,60.69392],[14.22703,60.68503],[14.01111,60.66433],[14.00566,60.68791],[13.94343,60.73469],[14.01627,60.80385],[13.97874,60.84322],[13.9069,60.86728],[13.61085,60.86104],[13.61285,60.90224],[13.60175,60.92272],[13.59335,60.92234],[13.54263,61.03158],[13.76063,61.06136],[13.94611,61.05107],[14.07678,61.12974],[14.14958,61.14449],[14.18512,61.12777],[14.18033,61.11786],[14.24907,61.11324],[14.25731,61.1024],[14.35495,61.10434],[14.2246,61.20053],[14.17338,61.22099],[14.19345,61.26943],[14.15956,61.38166],[14.06581,61.4843],[14.0461,61.55753],[13.97679,61.6214],[14.18221,61.61763],[14.28509,61.60825],[14.33613,61.59937],[14.39458,61.56391],[14.32624,61.53447],[14.30404,61.50048],[14.32086,61.42781],[14.36282,61.39209],[14.39762,61.30025],[14.51113,61.18199],[14.57205,61.06028],[14.7165,61.04974],[15.04041,61.05918],[14.94897,61.0293],[14.92116,61.02736],[14.87083,60.9623],[14.92364,60.93923],[14.91066,60.93973],[14.88657,60.91284],[14.90088,60.90925],[14.89649,60.89706],[14.88764,60.89558],[14.87996,60.90722],[14.85756,60.87997]]]}},{"type":"Feature","id":"2080","properties":{"code":"2080"},"geometry":{"type":"Polygon","coordinates":[[[15.65253,60.53914],[15.63497,60.5268],[15.60672,60.52691],[15.58759,60.53236],[15.59771,60.53825],[15.58302,60.5434],[15.55597,60.53923],[15.5314,60.52072],[15.51271,60.52128],[15.49961,60.53379],[15.45591,60.53957],[15.43927,60.56266],[15.42903,60.55101],[15.41779,60.55068],[15.41183,60.55865],[15.38419,60.56156],[15.39458,60.56294],[15.37193,60.57576],[15.35716,60.57378],[15.34743,60.58078],[15.35251,60.59349],[15.33306,60.59952],[15.3442,60.60093],[15.38523,60.5821],[15.40503,60.59023],[15.34728,60.61655],[15.33313,60.63939],[15.40212,60.66188],[15.42643,60.68745],[15.40507,60.69082],[15.39698,60.70762],[15.35962,60.71671],[15.31342,60.70574],[15.31823,60.70184],[15.28602,60.69777],[15.29205,60.70916],[15.27711,60.70738],[15.25696,60.71608],[15.28789,60.72918],[15.28955,60.73654],[15.32291,60.73843],[15.32837,60.74448],[15.33185,60.73893],[15.3584,60.74042],[15.32242,60.75635],[15.33558,60.75772],[15.37954,60.79079],[15.36909,60.79708],[15.42482,60.79418],[15.44658,60.80163],[15.45916,60.79456],[15.5332,60.81574],[15.52203,60.83903],[15.54108,60.83941],[15.54532,60.81915],[15.62525,60.8421],[15.66032,60.85897],[15.63158,60.88091],[15.62927,60.92627],[15.67718,60.98411],[15.6788,61.04367],[15.70494,61.05421],[15.76196,61.04964],[15.92135,61.00766],[16.13101,60.99214],[16.25515,60.86383],[16.38625,60.78681],[16.38578,60.75979],[16.37701,60.74356],[16.34328,60.72501],[16.33453,60.72893],[16.30763,60.70619],[16.3178,60.68946],[16.23841,60.62311],[15.97164,60.58653],[15.92032,60.53285],[15.87951,60.51508],[15.84051,60.48829],[15.84888,60.48447],[15.83714,60.48671],[15.8094,60.46879],[15.74225,60.45318],[15.70448,60.45323],[15.66132,60.47386],[15.64961,60.51507],[15.66748,60.53546],[15.65253,60.53914]]]}},{"type":"Feature","id":"2081","properties":{"code":"2081"},"geometry":{"type":"Polygon","coordinates":[[[15.55271,60.43756],[15.56089,60.42191],[15.54846,60.40891],[15.56092,60.39731],[15.55194,60.37753],[15.52837,60.38564],[15.46733,60.36127],[15.42047,60.35787],[15.43043,60.3424],[15.39974,60.35087],[15.39079,60.34853],[15.39306,60.33586],[15.35229,60.33723],[15.33473,60.33088],[15.34352,60.3104],[15.33287,60.30736],[15.31239,60.30164],[15.22043,60.30057],[15.20044,60.31478],[15.21188,60.32901],[15.19297,60.33607],[15.14665,60.32427],[15.15213,60.33362],[15.1219,60.3649],[15.09645,60.43346],[15.1076,60.44952],[15.15673,60.47708],[15.17615,60.46697],[15.18378,60.46986],[15.16586,60.48168],[15.24748,60.52385],[15.26342,60.54567],[15.27721,60.54348],[15.24152,60.55156],[15.25007,60.58101],[15.2837,60.61777],[15.33313,60.63939],[15.34728,60.61655],[15.40503,60.59023],[15.38029,60.58278],[15.33761,60.60179],[15.33506,60.59702],[15.35251,60.59349],[15.34743,60.58078],[15.35716,60.57378],[15.38313,60.5708],[15.39458,60.56294],[15.38675,60.56053],[15.41183,60.55865],[15.40871,60.55262],[15.42903,60.55101],[15.43927,60.56266],[15.45591,60.53957],[15.49961,60.53379],[15.51271,60.52128],[15.5314,60.52072],[15.55597,60.53923],[15.58302,60.5434],[15.59771,60.53825],[15.58759,60.53236],[15.60672,60.52691],[15.63497,60.5268],[15.65253,60.53914],[15.66748,60.53546],[15.64961,60.51507],[15.66132,60.47386],[15.7042,60.4538],[15.63618,60.43907],[15.61625,60.45348],[15.58482,60.4387],[15.55271,60.43756]]]}},{"type":"Feature","id":"2082","properties":{"code":"2082"},"geometry":{"type":"Polygon","coordinates":[[[15.55975,60.42024],[15.55192,60.43721],[15.58482,60.4387],[15.61625,60.45348],[15.63618,60.43907],[15.7042,60.4538],[15.7676,60.45745],[15.81043,60.46912],[15.83714,60.48671],[15.84888,60.48447],[15.84051,60.48829],[15.87951,60.51508],[15.92032,60.53285],[15.97164,60.58653],[16.13649,60.61031],[15.95586,60.49174],[15.91589,60.43307],[15.92484,60.41139],[15.93708,60.41394],[15.95086,60.39958],[15.94933,60.39084],[15.91866,60.36758],[15.88104,60.35636],[15.82288,60.35264],[15.84317,60.32939],[15.83068,60.322],[15.80007,60.32041],[15.77334,60.28655],[15.78028,60.27661],[15.75874,60.26931],[15.73889,60.24071],[15.68729,60.23437],[15.65726,60.21878],[15.51461,60.24693],[15.49498,60.25395],[15.49677,60.26362],[15.48294,60.27126],[15.43794,60.26678],[15.38365,60.27601],[15.29309,60.27741],[15.25809,60.28683],[15.23626,60.27974],[15.23934,60.28702],[15.2202,60.29161],[15.20882,60.30452],[15.22043,60.30057],[15.31239,60.30164],[15.34352,60.3104],[15.33473,60.33088],[15.35229,60.33723],[15.39306,60.33586],[15.39079,60.34853],[15.39974,60.35087],[15.43043,60.3424],[15.42047,60.35787],[15.46733,60.36127],[15.52837,60.38564],[15.55194,60.37753],[15.56092,60.39731],[15.54846,60.40891],[15.55975,60.42024]]]}},{"type":"Feature","id":"2083","properties":{"code":"2083"},"geometry":{"type":"Polygon","coordinates":[[[15.77068,60.18676],[15.65726,60.21878],[15.68729,60.23437],[15.73889,60.24071],[15.75874,60.26931],[15.78028,60.27661],[15.77334,60.28655],[15.80007,60.32041],[15.83068,60.322],[15.84317,60.32939],[15.82288,60.35264],[15.88104,60.35636],[15.91866,60.36758],[15.94293,60.38557],[15.95086,60.39958],[15.93708,60.41394],[15.92484,60.41139],[15.91589,60.43307],[15.95586,60.49174],[16.13649,60.61031],[16.19482,60.53531],[16.2589,60.49319],[16.27133,60.49222],[16.25124,60.4866],[16.27941,60.48547],[16.28291,60.47243],[16.33716,60.42151],[16.39262,60.37933],[16.31579,60.34633],[16.29925,60.30632],[16.32581,60.29405],[16.33423,60.28124],[16.25835,60.26837],[16.24994,60.24898],[16.24048,60.24805],[16.23468,60.2577],[16.23587,60.24936],[16.2117,60.24253],[16.2018,60.22722],[16.16627,60.23483],[16.15246,60.24637],[16.11766,60.24413],[16.10892,60.25198],[16.05207,60.19931],[16.05892,60.19363],[16.03336,60.19154],[16.01691,60.18145],[15.94626,60.18498],[15.92657,60.17232],[15.88198,60.1663],[15.77068,60.18676]]]}},{"type":"Feature","id":"2084","properties":{"code":"2084"},"geometry":{"type":"Polygon","coordinates":[[[16.16387,60.1203],[16.13221,60.13863],[16.05188,60.14861],[16.01691,60.18145],[16.03336,60.19154],[16.05892,60.19363],[16.05207,60.19931],[16.06529,60.20476],[16.09744,60.24754],[16.10892,60.25198],[16.11766,60.24413],[16.15246,60.24637],[16.16627,60.23483],[16.2018,60.22722],[16.2117,60.24253],[16.23587,60.24936],[16.23468,60.2577],[16.24048,60.24805],[16.24994,60.24898],[16.25835,60.26837],[16.33423,60.28124],[16.32581,60.29405],[16.29925,60.30632],[16.31579,60.34633],[16.39262,60.37933],[16.42321,60.37919],[16.51654,60.35548],[16.54275,60.33998],[16.57933,60.29761],[16.61518,60.27887],[16.62933,60.23857],[16.69144,60.21487],[16.70479,60.19509],[16.65657,60.19033],[16.6472,60.18418],[16.54359,60.17513],[16.52703,60.16462],[16.53895,60.13739],[16.50285,60.13683],[16.43807,60.12477],[16.4043,60.10221],[16.40369,60.0887],[16.38743,60.09091],[16.3872,60.08141],[16.35294,60.08139],[16.35137,60.07517],[16.33204,60.0801],[16.32067,60.07881],[16.32172,60.07311],[16.2887,60.06993],[16.22267,60.08252],[16.20759,60.07276],[16.18413,60.076],[16.18152,60.08449],[16.1418,60.0925],[16.16387,60.1203]]]}},{"type":"Feature","id":"2085","properties":{"code":"2085"},"geometry":{"type":"Polygon","coordinates":[[[15.03404,60.03918],[15.01343,60.05739],[14.93883,60.04873],[14.90478,60.05134],[14.83818,60.08836],[14.8507,60.10419],[14.80766,60.11093],[14.73734,60.08175],[14.75363,59.99718],[14.43704,60.02572],[14.2127,60.09574],[14.19689,60.16328],[14.15762,60.2072],[14.14332,60.24229],[14.37272,60.25566],[14.49494,60.23393],[14.54857,60.23883],[14.627,60.27206],[14.63829,60.26714],[14.63016,60.27527],[14.71422,60.29298],[14.7448,60.3167],[14.75275,60.30215],[14.7657,60.29967],[14.77642,60.30794],[14.79575,60.30547],[14.7817,60.32794],[14.77356,60.32426],[14.76084,60.32914],[14.80965,60.37234],[14.93893,60.37509],[15.01164,60.36176],[15.09552,60.41966],[15.1219,60.3649],[15.15098,60.33587],[15.14665,60.32427],[15.19297,60.33607],[15.21188,60.32901],[15.20044,60.31478],[15.2202,60.29161],[15.23934,60.28702],[15.22647,60.25966],[15.24518,60.18911],[15.23814,60.16287],[15.22532,60.16147],[15.22143,60.15411],[15.23143,60.14702],[15.22155,60.14303],[15.2397,60.13182],[15.22131,60.11787],[15.22589,60.1019],[15.20377,60.09787],[15.13646,60.044],[15.12546,60.00842],[15.07768,60.04112],[15.04763,60.04948],[15.03404,60.03918]]]}},{"type":"Feature","id":"2101","properties":{"code":"2101"},"geometry":{"type":"Polygon","coordinates":[[[16.69117,61.0804],[16.71226,61.08315],[16.70729,61.07314],[16.7413,61.07667],[16.81877,61.03948],[16.90013,61.04283],[16.88841,61.00526],[16.87271,60.99149],[16.89733,60.96524],[16.88233,60.9298],[16.88644,60.90723],[16.89569,60.88236],[16.95437,60.82521],[16.93323,60.78523],[16.74305,60.76354],[16.7514,60.75176],[16.73826,60.75284],[16.73776,60.76067],[16.71306,60.75832],[16.72377,60.76434],[16.63237,60.78547],[16.52454,60.79149],[16.38625,60.78681],[16.25515,60.86383],[16.13101,60.99214],[16.30615,61.0505],[16.46509,61.05343],[16.52054,61.04804],[16.51934,61.07591],[16.55093,61.08852],[16.60735,61.09075],[16.69117,61.0804]]]}},{"type":"Feature","id":"2104","properties":{"code":"2104"},"geometry":{"type":"Polygon","coordinates":[[[16.41915,60.58632],[16.53408,60.54921],[16.56309,60.53161],[16.57401,60.51289],[16.66691,60.46686],[16.66839,60.44067],[16.63632,60.41765],[16.64825,60.41191],[16.63605,60.40747],[16.6272,60.41186],[16.58332,60.38121],[16.52978,60.37137],[16.51654,60.35548],[16.42321,60.37919],[16.39262,60.37933],[16.33716,60.42151],[16.28291,60.47243],[16.27941,60.48547],[16.25124,60.4866],[16.27133,60.49222],[16.2589,60.49319],[16.19482,60.53531],[16.13649,60.61031],[16.19764,60.61405],[16.32093,60.60472],[16.41915,60.58632]]]}},{"type":"Feature","id":"2121","properties":{"code":"2121"},"geometry":{"type":"Polygon","coordinates":[[[15.65891,61.62406],[15.74208,61.58293],[15.77382,61.58546],[15.8334,61.57275],[15.83323,61.56365],[15.84208,61.56223],[15.84666,61.57012],[16.03811,61.53079],[16.1371,61.499],[16.19154,61.49971],[16.22015,61.485],[16.21102,61.46081],[16.25318,61.43984],[16.21897,61.39513],[16.21151,61.39868],[16.20639,61.37774],[16.11182,61.26514],[16.12431,61.26384],[16.11833,61.26926],[16.11952,61.26984],[16.13152,61.25685],[16.12342,61.25245],[16.10796,61.25604],[16.08824,61.22692],[16.06672,61.23861],[16.05228,61.22405],[16.07714,61.21949],[16.0582,61.18968],[16.06679,61.18784],[16.0626,61.17816],[16.04604,61.16912],[16.05923,61.16529],[16.04564,61.14962],[16.0335,61.15236],[15.98489,61.08425],[15.98035,61.0743],[15.99752,61.06693],[15.97022,61.05721],[15.95876,61.04564],[15.96778,61.04109],[15.95257,61.03921],[15.92135,61.00766],[15.76196,61.04964],[15.68032,61.11327],[15.65735,61.21562],[15.44013,61.33316],[15.30083,61.42612],[15.21627,61.49465],[15.24368,61.50194],[15.23806,61.50684],[15.25354,61.51211],[15.26323,61.50727],[15.27744,61.5223],[15.26561,61.54694],[15.33653,61.56544],[15.39935,61.57063],[15.43525,61.5667],[15.42205,61.57779],[15.43169,61.58138],[15.40135,61.60387],[15.40344,61.61251],[15.51438,61.60665],[15.65891,61.62406]]]}},{"type":"Feature","id":"2132","properties":{"code":"2132"},"geometry":{"type":"Polygon","coordinates":[[[18.00903,61.81183],[17.44255,61.85041],[17.29486,61.8498],[17.30072,61.85622],[17.20772,61.87089],[17.2086,61.86296],[17.17705,61.85853],[17.12335,61.86111],[17.10103,61.84201],[17.07541,61.83255],[17.02885,61.83301],[16.99972,61.84554],[16.97305,61.8438],[16.94902,61.8821],[16.85583,61.93758],[16.88135,61.95115],[16.79295,61.9762],[16.71146,62.0494],[16.01333,62.25922],[16.23116,62.2343],[16.52093,62.23301],[16.63268,62.21424],[16.80141,62.20283],[16.89153,62.17602],[16.93444,62.16802],[16.94241,62.17155],[16.96184,62.16294],[17.06995,62.16392],[17.11692,62.15561],[17.15929,62.1632],[17.20704,62.16122],[17.2164,62.15024],[17.31967,62.15701],[17.52791,62.13261],[18.11638,62.08718],[18.05838,61.97524],[18.00903,61.81183]]]}},{"type":"Feature","id":"2161","properties":{"code":"2161"},"geometry":{"type":"Polygon","coordinates":[[[16.2746,61.79375],[16.548,61.65897],[16.59122,61.6463],[16.63283,61.62432],[16.58273,61.6404],[16.51804,61.6292],[16.27996,61.64437],[16.22939,61.61135],[16.23591,61.608],[16.18616,61.59069],[16.17541,61.59585],[16.15781,61.59095],[16.05939,61.55576],[16.06622,61.55237],[16.03755,61.53091],[15.84666,61.57012],[15.84208,61.56223],[15.83323,61.56365],[15.8334,61.57275],[15.77382,61.58546],[15.74208,61.58293],[15.65891,61.62406],[15.51438,61.60665],[15.40344,61.61251],[15.40135,61.60387],[15.43169,61.58138],[15.42205,61.57779],[15.43525,61.5667],[15.39935,61.57063],[15.33653,61.56544],[15.26561,61.54694],[15.27744,61.5223],[15.26323,61.50727],[15.25354,61.51211],[15.23806,61.50684],[15.24368,61.50194],[15.21627,61.49465],[15.15326,61.59579],[15.09322,61.48412],[14.96943,61.4939],[14.94741,61.4895],[14.90023,61.4966],[14.82432,61.49225],[14.73077,61.49664],[14.71617,61.48913],[14.67935,61.48616],[14.65588,61.50089],[14.67496,61.52828],[14.65382,61.56119],[14.67582,61.5753],[14.67663,61.59125],[14.44649,61.59459],[14.49938,61.62588],[14.52476,61.78459],[14.68638,61.90162],[14.70141,61.87642],[14.78524,61.80465],[14.85628,61.78359],[14.84169,61.8042],[14.80934,61.8182],[14.76089,61.86414],[14.80584,61.8862],[14.86313,61.82738],[14.86537,61.80899],[14.92785,61.82131],[14.90938,61.88054],[15.04496,61.86801],[15.04758,61.82388],[15.0918,61.81912],[15.10863,61.84397],[15.08544,61.89617],[15.11589,61.89444],[15.11247,61.93546],[15.14062,61.95218],[15.11056,61.95683],[15.09214,61.99685],[15.34017,62.09127],[15.41715,62.11139],[15.42925,62.1449],[15.39924,62.19484],[15.35674,62.21362],[15.32612,62.27199],[15.37852,62.29724],[15.50535,62.33863],[15.61316,62.34349],[16.01333,62.25922],[16.17412,62.21387],[16.12193,62.20374],[16.08021,62.22448],[16.06521,62.21661],[16.15456,62.13385],[16.17532,62.09493],[16.16329,62.09426],[16.16479,62.08523],[16.19775,62.05284],[16.25819,61.90371],[16.27678,61.88688],[16.29908,61.88631],[16.33859,61.87227],[16.29511,61.80278],[16.2746,61.79375]]]}},{"type":"Feature","id":"2180","properties":{"code":"2180"},"geometry":{"type":"Polygon","coordinates":[[[17.30009,60.49314],[17.28783,60.44681],[17.25661,60.42447],[17.25383,60.43521],[17.21764,60.43396],[17.21733,60.41962],[17.19553,60.41048],[17.18908,60.38227],[17.19933,60.37854],[17.19955,60.36575],[17.21361,60.36499],[17.19678,60.34511],[17.19382,60.30081],[17.15755,60.28742],[17.13046,60.28793],[17.1031,60.28083],[17.1129,60.26932],[17.08241,60.25921],[17.05847,60.27297],[17.00206,60.27492],[16.98052,60.29527],[16.96101,60.29238],[16.96175,60.28731],[16.90888,60.2815],[16.89073,60.30471],[16.89794,60.34324],[16.88757,60.3528],[16.84362,60.3646],[16.83638,60.35993],[16.79265,60.38694],[16.78432,60.38062],[16.78275,60.41464],[16.77255,60.4189],[16.81144,60.44047],[16.84717,60.44737],[16.85696,60.43898],[16.89483,60.43032],[16.90789,60.48916],[16.93508,60.49553],[16.9427,60.51907],[16.93381,60.53293],[16.87493,60.56199],[16.83738,60.59306],[16.8397,60.6092],[16.87731,60.61529],[16.86939,60.63632],[16.87744,60.66577],[16.84596,60.68777],[16.86393,60.69379],[16.84026,60.72796],[16.85899,60.77723],[16.93323,60.78523],[16.95437,60.82521],[16.89569,60.88236],[16.88644,60.90723],[16.88233,60.9298],[16.89733,60.96524],[16.87271,60.99149],[16.88841,61.00526],[16.90013,61.04283],[17.23408,61.05969],[17.25667,61.07574],[17.31867,61.08959],[17.80913,61.08554],[17.88378,60.93466],[17.95716,60.90691],[17.7095,60.70837],[17.39559,60.68576],[17.37112,60.65725],[17.34893,60.58617],[17.30009,60.49314]]]}},{"type":"Feature","id":"2181","properties":{"code":"2181"},"geometry":{"type":"Polygon","coordinates":[[[16.87493,60.56199],[16.9421,60.52478],[16.93508,60.49553],[16.90789,60.48916],[16.89483,60.43032],[16.85696,60.43898],[16.84717,60.44737],[16.81144,60.44047],[16.77257,60.41862],[16.78275,60.41464],[16.78005,60.38323],[16.79265,60.38694],[16.8366,60.35985],[16.84362,60.3646],[16.88757,60.3528],[16.90129,60.3392],[16.89073,60.30471],[16.91313,60.27086],[16.88623,60.25356],[16.88821,60.24451],[16.90491,60.23949],[16.8535,60.22573],[16.84182,60.21684],[16.80261,60.21212],[16.79947,60.19958],[16.77904,60.18992],[16.75006,60.18864],[16.73389,60.19513],[16.70479,60.19509],[16.69144,60.21487],[16.62933,60.23857],[16.61518,60.27887],[16.57933,60.29761],[16.54275,60.33998],[16.51654,60.35548],[16.52978,60.37137],[16.58332,60.38121],[16.6272,60.41186],[16.63605,60.40747],[16.64825,60.41191],[16.63632,60.41765],[16.66839,60.44067],[16.66691,60.46686],[16.57401,60.51289],[16.56309,60.53161],[16.53408,60.54921],[16.43601,60.58125],[16.32093,60.60472],[16.19764,60.61405],[16.23841,60.62311],[16.3178,60.68946],[16.30763,60.70619],[16.33453,60.72893],[16.34328,60.72501],[16.37701,60.74356],[16.38625,60.78681],[16.52454,60.79149],[16.63237,60.78547],[16.72377,60.76434],[16.71306,60.75832],[16.73776,60.76067],[16.73826,60.75284],[16.7514,60.75176],[16.74305,60.76354],[16.85899,60.77723],[16.84026,60.72796],[16.86393,60.69379],[16.84596,60.68777],[16.87744,60.66577],[16.86939,60.63632],[16.87731,60.61529],[16.8397,60.6092],[16.83738,60.59306],[16.87493,60.56199]]]}},{"type":"Feature","id":"2182","properties":{"code":"2182"},"geometry":{"type":"Polygon","coordinates":[[[17.80701,61.24792],[17.76648,61.1711],[17.80913,61.08554],[17.31867,61.08959],[17.25667,61.07574],[17.23408,61.05969],[16.81877,61.03948],[16.7413,61.07667],[16.70657,61.07321],[16.70707,61.0843],[16.69117,61.0804],[16.60735,61.09075],[16.55093,61.08852],[16.65414,61.13033],[16.67022,61.14438],[16.68721,61.14648],[16.68618,61.16264],[16.71244,61.17827],[16.73113,61.2033],[16.71486,61.21311],[16.73144,61.22021],[16.74737,61.24202],[16.7232,61.27798],[16.63031,61.3174],[16.70013,61.32506],[16.73601,61.38643],[16.70306,61.43708],[16.71396,61.45086],[16.69746,61.46636],[16.70819,61.52266],[16.67569,61.52081],[16.70731,61.53473],[16.71733,61.53574],[16.90636,61.4573],[17.042,61.44888],[17.11362,61.40277],[17.13856,61.39494],[17.84168,61.37165],[17.80701,61.24792]]]}},{"type":"Feature","id":"2183","properties":{"code":"2183"},"geometry":{"type":"Polygon","coordinates":[[[16.3047,61.05001],[16.13101,60.99214],[15.92135,61.00766],[15.95257,61.03921],[15.96778,61.04109],[15.95876,61.04564],[15.97022,61.05721],[15.99752,61.06693],[15.98035,61.0743],[15.98489,61.08425],[16.0335,61.15236],[16.04564,61.14962],[16.05923,61.16529],[16.04604,61.16912],[16.0626,61.17816],[16.06679,61.18784],[16.0582,61.18968],[16.07714,61.21949],[16.05228,61.22405],[16.06672,61.23861],[16.08824,61.22692],[16.10796,61.25604],[16.12342,61.25245],[16.13152,61.25685],[16.11952,61.26984],[16.12431,61.26384],[16.11182,61.26514],[16.20639,61.37774],[16.21151,61.39868],[16.21897,61.39513],[16.25318,61.43984],[16.21102,61.46081],[16.22015,61.485],[16.19154,61.49971],[16.1371,61.499],[16.03757,61.53097],[16.06622,61.55237],[16.05939,61.55576],[16.15781,61.59095],[16.17541,61.59585],[16.18616,61.59069],[16.23591,61.608],[16.22939,61.61135],[16.27996,61.64437],[16.51804,61.6292],[16.58273,61.6404],[16.63283,61.62432],[16.55442,61.59668],[16.57005,61.58657],[16.60485,61.59231],[16.61133,61.50471],[16.648,61.49144],[16.65707,61.51261],[16.67569,61.52081],[16.70819,61.52266],[16.69746,61.46636],[16.71396,61.45086],[16.70306,61.43708],[16.73601,61.38643],[16.70013,61.32506],[16.63031,61.3174],[16.7232,61.27798],[16.74737,61.24202],[16.73144,61.22021],[16.71486,61.21311],[16.73113,61.2033],[16.71244,61.17827],[16.68618,61.16264],[16.68721,61.14648],[16.67022,61.14438],[16.65414,61.13033],[16.51934,61.07591],[16.52054,61.04804],[16.46509,61.05343],[16.3047,61.05001]]]}},{"type":"Feature","id":"2184","properties":{"code":"2184"},"geometry":{"type":"Polygon","coordinates":[[[16.63091,61.62538],[16.59122,61.6463],[16.548,61.65897],[16.2746,61.79375],[16.29511,61.80278],[16.33859,61.87227],[16.29908,61.88631],[16.27678,61.88688],[16.25819,61.90371],[16.19775,62.05284],[16.16479,62.08523],[16.16329,62.09426],[16.17532,62.09493],[16.15456,62.13385],[16.06529,62.21331],[16.08021,62.22448],[16.12193,62.20374],[16.17412,62.21387],[16.71146,62.0494],[16.79295,61.9762],[16.88135,61.95115],[16.85583,61.93758],[16.94902,61.8821],[16.97305,61.8438],[16.99972,61.84554],[17.02885,61.83301],[17.07541,61.83255],[17.10103,61.84201],[17.12335,61.86111],[17.17705,61.85853],[17.2086,61.86296],[17.20772,61.87089],[17.30072,61.85622],[17.29486,61.8498],[17.44255,61.85041],[18.00903,61.81183],[17.97069,61.68372],[17.87929,61.50489],[17.84168,61.37165],[17.13856,61.39494],[17.11362,61.40277],[17.042,61.44888],[16.90636,61.4573],[16.71733,61.53574],[16.65707,61.51261],[16.648,61.49144],[16.61133,61.50471],[16.60485,61.59231],[16.57005,61.58657],[16.5544,61.59624],[16.63091,61.62538]]]}},{"type":"Feature","id":"2260","properties":{"code":"2260"},"geometry":{"type":"Polygon","coordinates":[[[16.1316,62.69142],[16.2457,62.71018],[16.3699,62.69627],[16.38251,62.67421],[16.57054,62.59045],[16.53435,62.57816],[16.55115,62.57456],[16.45841,62.50039],[16.42813,62.45194],[16.45994,62.43198],[16.45617,62.42481],[16.47299,62.42103],[16.41486,62.36788],[16.42668,62.34971],[16.39516,62.3098],[16.25127,62.23453],[16.01333,62.25922],[15.61316,62.34349],[15.50535,62.33863],[15.37852,62.29724],[15.32612,62.27199],[15.2846,62.29295],[15.15264,62.24998],[14.93951,62.32033],[14.86528,62.39078],[14.87514,62.40225],[14.80123,62.40406],[14.7964,62.46454],[14.83877,62.45939],[14.85042,62.4668],[14.8296,62.5084],[14.80227,62.5275],[14.80959,62.56238],[14.78109,62.59077],[14.96712,62.6008],[15.09354,62.58407],[15.12768,62.55909],[15.2451,62.6004],[15.51685,62.61724],[15.63959,62.63479],[15.96538,62.71278],[16.1316,62.69142]]]}},{"type":"Feature","id":"2262","properties":{"code":"2262"},"geometry":{"type":"Polygon","coordinates":[[[17.54082,62.63129],[17.608,62.59437],[17.66882,62.58054],[17.6821,62.5699],[17.67157,62.55991],[17.68571,62.54161],[17.70869,62.5292],[17.7166,62.5312],[17.74746,62.507],[17.7415,62.49711],[17.7999,62.47071],[18.28498,62.41174],[18.23135,62.30833],[17.65821,62.37746],[17.59959,62.42047],[17.56295,62.41443],[17.52749,62.42048],[17.501,62.43988],[17.51885,62.44706],[17.49396,62.47811],[17.46171,62.49106],[17.39416,62.49255],[17.39239,62.48527],[17.35274,62.48016],[17.35597,62.4732],[17.29588,62.47113],[17.28928,62.45815],[17.26238,62.44883],[17.21627,62.44457],[17.2007,62.48136],[17.224,62.52116],[17.2367,62.51667],[17.25079,62.52272],[17.27297,62.58818],[17.15018,62.62459],[17.06564,62.67445],[16.97004,62.7162],[16.94667,62.7449],[17.17716,62.8618],[17.28748,62.805],[17.25963,62.79969],[17.41203,62.70923],[17.42222,62.70959],[17.5207,62.65596],[17.52945,62.63874],[17.5393,62.63934],[17.54082,62.63129]]]}},{"type":"Feature","id":"2280","properties":{"code":"2280"},"geometry":{"type":"Polygon","coordinates":[[[18.58938,62.59575],[18.28498,62.41174],[17.7999,62.47071],[17.7415,62.49711],[17.74746,62.507],[17.7166,62.5312],[17.70869,62.5292],[17.68571,62.54161],[17.67157,62.55991],[17.6821,62.5699],[17.66882,62.58054],[17.608,62.59437],[17.57391,62.61112],[17.5393,62.63934],[17.52945,62.63874],[17.5207,62.65596],[17.42222,62.70959],[17.41203,62.70923],[17.25963,62.79969],[17.28748,62.805],[17.17716,62.8618],[17.18664,62.88561],[17.2372,62.90277],[17.26184,62.89869],[17.32642,62.90971],[17.41568,62.88563],[17.44202,62.88413],[17.45202,62.86831],[17.47154,62.87884],[17.49378,62.86127],[17.72211,62.87116],[17.85021,62.84528],[17.93964,62.79628],[18.00628,62.79406],[18.10067,62.75854],[18.17159,62.75619],[18.18309,62.74096],[18.58938,62.59575]]]}},{"type":"Feature","id":"2281","properties":{"code":"2281"},"geometry":{"type":"Polygon","coordinates":[[[17.16357,62.16271],[17.11692,62.15561],[17.06995,62.16392],[16.96184,62.16294],[16.94241,62.17155],[16.93444,62.16802],[16.89153,62.17602],[16.80141,62.20283],[16.63268,62.21424],[16.52093,62.23301],[16.25127,62.23453],[16.39516,62.3098],[16.42668,62.34971],[16.41486,62.36788],[16.47299,62.42103],[16.45617,62.42481],[16.45994,62.43198],[16.42813,62.45194],[16.45841,62.50039],[16.55115,62.57456],[16.53435,62.57816],[16.57054,62.59045],[16.38251,62.67421],[16.3699,62.69627],[16.41877,62.77111],[16.49268,62.8073],[16.67019,62.91688],[16.68012,62.91201],[16.70765,62.92111],[16.7092,62.91336],[16.72018,62.92199],[16.85184,62.92923],[16.99898,62.94697],[17.16443,62.85578],[16.94667,62.7449],[16.97004,62.7162],[17.06564,62.67445],[17.15018,62.62459],[17.27297,62.58818],[17.25079,62.52272],[17.2367,62.51667],[17.224,62.52116],[17.2007,62.48136],[17.21627,62.44457],[17.26238,62.44883],[17.28928,62.45815],[17.29588,62.47113],[17.35597,62.4732],[17.35274,62.48016],[17.39239,62.48527],[17.39416,62.49255],[17.46171,62.49106],[17.49396,62.47811],[17.51885,62.44706],[17.501,62.43988],[17.52749,62.42048],[17.56295,62.41443],[17.59959,62.42047],[17.65821,62.37746],[18.23135,62.30833],[18.11638,62.08718],[17.52791,62.13261],[17.31967,62.15701],[17.2164,62.15024],[17.20704,62.16122],[17.16357,62.16271]]]}},{"type":"Feature","id":"2282","properties":{"code":"2282"},"geometry":{"type":"Polygon","coordinates":[[[17.93964,62.79628],[17.85021,62.84528],[17.72211,62.87116],[17.49378,62.86127],[17.47154,62.87884],[17.45202,62.86831],[17.44202,62.88413],[17.41568,62.88563],[17.32642,62.90971],[17.3531,62.91425],[17.33078,62.9407],[17.27078,62.93018],[17.21058,62.97181],[17.25116,62.99521],[17.17873,63.02059],[17.20845,63.03094],[17.25067,63.01523],[17.31516,63.03518],[17.29764,63.05567],[17.54737,63.11428],[17.59702,63.11135],[17.69539,63.12925],[17.74866,63.10879],[17.8801,63.16091],[17.89599,63.14168],[17.98877,63.15751],[17.97726,63.17203],[18.05516,63.18589],[18.39838,63.1129],[18.49472,63.08404],[18.51964,63.08566],[18.5516,63.06754],[18.57455,63.0644],[18.60107,63.03134],[18.57542,63.00064],[18.58422,62.97376],[18.98628,62.83422],[18.58938,62.59575],[18.18309,62.74096],[18.17159,62.75619],[18.10067,62.75854],[18.00628,62.79406],[17.93964,62.79628]]]}},{"type":"Feature","id":"2283","properties":{"code":"2283"},"geometry":{"type":"Polygon","coordinates":[[[17.53454,63.29565],[17.80277,63.25819],[17.83688,63.27537],[17.99975,63.20777],[17.9933,63.20523],[18.05516,63.18589],[17.97726,63.17203],[17.98877,63.15751],[17.89599,63.14168],[17.8801,63.16091],[17.74866,63.10879],[17.69539,63.12925],[17.59702,63.11135],[17.54737,63.11428],[17.29764,63.05567],[17.31516,63.03518],[17.25067,63.01523],[17.20845,63.03094],[17.17873,63.02059],[17.25116,62.99521],[17.21058,62.97181],[17.27078,62.93018],[17.33078,62.9407],[17.3531,62.91425],[17.26184,62.89869],[17.2372,62.90277],[17.18664,62.88561],[17.17716,62.8618],[17.1636,62.85626],[16.60155,63.17313],[16.27544,63.30111],[16.28733,63.31095],[16.24776,63.31194],[16.19666,63.33163],[16.2038,63.33712],[16.09596,63.36918],[16.1315,63.38301],[16.13952,63.42127],[16.05079,63.44756],[16.01735,63.43064],[15.96583,63.44413],[15.99746,63.55064],[15.92666,63.59354],[15.79207,63.65782],[15.89894,63.683],[15.91024,63.67464],[15.9058,63.66422],[15.98152,63.65303],[16.08716,63.70432],[16.22387,63.66121],[16.2708,63.65974],[16.31928,63.69773],[16.3409,63.69049],[16.3483,63.69694],[16.52831,63.70471],[16.6142,63.71399],[16.57454,63.78268],[16.56608,63.83134],[16.58125,63.8732],[16.71862,64.02738],[16.87832,63.95069],[17.26149,63.91376],[17.25541,63.89546],[17.33557,63.88934],[17.32534,63.86899],[17.19282,63.88475],[17.17686,63.86945],[17.19281,63.85116],[17.1814,63.82701],[17.2097,63.81996],[17.20164,63.81472],[17.27563,63.80163],[17.2118,63.7717],[17.22411,63.70719],[17.30645,63.73984],[17.33643,63.69397],[17.26428,63.64445],[17.28915,63.62341],[17.2684,63.60966],[17.30076,63.61349],[17.34426,63.57643],[17.2702,63.56447],[17.25116,63.55374],[17.29261,63.52976],[17.28032,63.47973],[17.41714,63.5086],[17.41956,63.46171],[17.45012,63.38477],[17.4744,63.38428],[17.47564,63.33976],[17.54638,63.32624],[17.53454,63.29565]]]}},{"type":"Feature","id":"2284","properties":{"code":"2284"},"geometry":{"type":"Polygon","coordinates":[[[19.42843,63.0761],[18.98628,62.83422],[18.58422,62.97376],[18.57542,63.00064],[18.60107,63.03134],[18.57455,63.0644],[18.5516,63.06754],[18.51964,63.08566],[18.49472,63.08404],[18.39838,63.1129],[18.05516,63.18589],[17.9933,63.20523],[17.99975,63.20777],[17.83688,63.27537],[17.80277,63.25819],[17.53454,63.29565],[17.54638,63.32624],[17.47564,63.33976],[17.4744,63.38428],[17.45012,63.38477],[17.41956,63.46171],[17.41714,63.5086],[17.28032,63.47973],[17.29261,63.52976],[17.25116,63.55374],[17.2702,63.56447],[17.34426,63.57643],[17.30076,63.61349],[17.2684,63.60966],[17.28915,63.62341],[17.26428,63.64445],[17.33643,63.69397],[17.30645,63.73984],[17.22411,63.70719],[17.2118,63.7717],[17.27563,63.80163],[17.20164,63.81472],[17.2097,63.81996],[17.1814,63.82701],[17.19281,63.85116],[17.17686,63.86945],[17.18833,63.88305],[17.32802,63.8696],[17.33557,63.88934],[17.25541,63.89546],[17.26149,63.91376],[17.73344,63.8801],[18.40648,63.99579],[18.45411,63.98037],[18.47448,63.96372],[18.46541,63.93199],[18.42047,63.93389],[18.40644,63.92659],[18.42623,63.91997],[18.43984,63.89302],[18.47918,63.86608],[18.4855,63.84265],[18.59437,63.82255],[18.63755,63.82622],[18.68443,63.82034],[18.72194,63.80639],[18.7573,63.81043],[18.80723,63.7885],[18.80071,63.7811],[18.81997,63.77348],[18.90147,63.78259],[18.96187,63.76047],[18.95066,63.72897],[18.97135,63.73424],[18.99711,63.7313],[19.0443,63.68881],[19.18184,63.59843],[19.19086,63.57193],[19.29279,63.46978],[19.28645,63.46341],[19.60776,63.10202],[19.42843,63.0761]]]}},{"type":"Feature","id":"2303","properties":{"code":"2303"},"geometry":{"type":"Polygon","coordinates":[[[16.60155,63.17313],[16.99898,62.94697],[16.85184,62.92923],[16.72018,62.92199],[16.7092,62.91336],[16.70765,62.92111],[16.68012,62.91201],[16.67019,62.91688],[16.49436,62.80834],[16.43657,62.9043],[16.39539,62.93176],[16.42142,62.9439],[16.44571,62.99874],[16.39729,63.03563],[16.32613,63.05752],[16.16483,63.07623],[16.1296,63.08532],[16.07669,63.06899],[16.03165,63.09016],[16.00792,63.08161],[15.99724,63.04895],[15.96455,63.05179],[15.93399,63.08469],[15.81247,63.0633],[15.79018,63.07449],[15.72511,63.06335],[15.70731,63.04061],[15.61027,63.07655],[15.5011,63.06797],[15.42534,63.12253],[15.31791,63.14413],[15.29138,63.17725],[15.30757,63.18947],[15.23176,63.18711],[15.22174,63.24252],[15.27145,63.23687],[15.36512,63.30321],[15.36639,63.29795],[15.38829,63.30043],[15.42684,63.28531],[15.45576,63.25946],[15.47046,63.25933],[15.55599,63.30879],[15.50355,63.32588],[15.49495,63.36341],[15.55487,63.41654],[15.56052,63.43787],[15.58029,63.42496],[15.66553,63.44404],[15.69308,63.47316],[15.79174,63.51486],[15.87889,63.50624],[15.98617,63.51453],[15.96583,63.44413],[16.01735,63.43064],[16.05079,63.44756],[16.13952,63.42127],[16.1315,63.38301],[16.09596,63.36918],[16.2038,63.33712],[16.19666,63.33163],[16.24776,63.31194],[16.28733,63.31095],[16.27544,63.30111],[16.60155,63.17313]]]}},{"type":"Feature","id":"2305","properties":{"code":"2305"},"geometry":{"type":"Polygon","coordinates":[[[15.96191,62.71196],[15.63959,62.63479],[15.51685,62.61724],[15.2451,62.6004],[15.12768,62.55909],[15.09354,62.58407],[14.96712,62.6008],[14.91674,62.59809],[14.86141,62.68145],[14.8584,62.71279],[14.76935,62.74838],[14.78064,62.75787],[14.81695,62.76386],[14.7689,62.81048],[14.81448,62.81103],[14.77284,62.9129],[14.79351,62.9328],[14.89024,62.9226],[14.92165,62.90545],[14.9979,62.93555],[15.00124,62.93984],[14.98266,62.94056],[14.9632,62.95155],[14.98789,62.9729],[15.01197,62.96185],[15.05318,62.98853],[15.00856,63.04225],[15.04189,63.06374],[15.11571,63.05621],[15.1309,63.08459],[15.10039,63.14848],[15.1436,63.14201],[15.15302,63.14778],[15.17214,63.14594],[15.25675,63.09665],[15.31791,63.14413],[15.42534,63.12253],[15.5011,63.06797],[15.61027,63.07655],[15.70731,63.04061],[15.72511,63.06335],[15.79018,63.07449],[15.81247,63.0633],[15.93399,63.08469],[15.96455,63.05179],[15.99724,63.04895],[16.00792,63.08161],[16.03165,63.09016],[16.07669,63.06899],[16.1296,63.08532],[16.16483,63.07623],[16.32613,63.05752],[16.39729,63.03563],[16.44571,62.99874],[16.42142,62.9439],[16.39539,62.93176],[16.43657,62.9043],[16.49436,62.80834],[16.41877,62.77111],[16.3699,62.69627],[16.2457,62.71018],[16.13046,62.69121],[15.96191,62.71196]]]}},{"type":"Feature","id":"2309","properties":{"code":"2309"},"geometry":{"type":"Polygon","coordinates":[[[14.65233,63.22624],[14.59983,63.20861],[14.51538,63.23188],[14.47668,63.22229],[14.40553,63.21625],[14.31305,63.23058],[14.27191,63.22492],[14.24014,63.23513],[14.17934,63.2718],[14.07961,63.28987],[14.04733,63.31318],[14.00599,63.32729],[13.89123,63.34835],[13.86442,63.34944],[13.83942,63.33804],[13.83484,63.35662],[13.76623,63.34281],[13.75767,63.3453],[13.77049,63.35002],[13.69566,63.36753],[13.7028,63.37647],[13.6116,63.41722],[13.58016,63.40081],[13.53982,63.4326],[13.47311,63.43217],[13.49052,63.4706],[13.52821,63.48975],[13.48359,63.54251],[13.49775,63.56752],[13.51623,63.57371],[13.50498,63.57284],[13.42199,63.60664],[13.40844,63.60315],[13.39582,63.61309],[13.31156,63.62174],[13.28078,63.65324],[13.29281,63.65905],[13.28632,63.67056],[13.29658,63.67219],[13.37985,63.66178],[13.45108,63.61703],[13.50675,63.60277],[13.4882,63.67338],[13.4749,63.6655],[13.43855,63.67241],[13.4697,63.6854],[13.4718,63.77052],[13.41843,63.76901],[13.40661,63.79366],[13.37622,63.79996],[13.38376,63.82092],[13.36409,63.84029],[13.3835,63.85794],[13.3256,63.91562],[13.34085,63.94729],[13.33171,63.95463],[13.33678,63.9858],[13.30983,64.03251],[13.31772,64.06783],[13.27805,64.08924],[13.7154,64.04629],[13.96753,64.00797],[14.15711,64.19506],[14.12669,64.38743],[14.17083,64.39833],[14.25695,64.3404],[14.77442,64.2771],[14.87738,64.10701],[14.91639,64.10686],[14.97643,64.04452],[14.90781,64.02685],[14.97821,63.93446],[15.04504,63.90668],[15.05628,63.89403],[15.04816,63.89228],[15.06908,63.89332],[15.06521,63.8843],[15.07665,63.88523],[15.10465,63.86498],[15.08899,63.85868],[15.10638,63.85022],[15.01973,63.82191],[14.94918,63.78272],[14.91564,63.72187],[14.90276,63.72079],[14.93944,63.70962],[14.9256,63.70394],[14.93644,63.64958],[14.85861,63.64967],[14.89701,63.61366],[14.94406,63.59486],[14.86379,63.5705],[14.78259,63.59321],[14.76424,63.55685],[14.77264,63.55802],[14.76305,63.53948],[14.75723,63.53792],[14.74267,63.54969],[14.71227,63.53803],[14.69049,63.56843],[14.59515,63.56473],[14.53822,63.58868],[14.53133,63.58506],[14.54505,63.55801],[14.57799,63.54851],[14.57899,63.52079],[14.59244,63.50881],[14.54785,63.49908],[14.5855,63.48789],[14.49836,63.44959],[14.64859,63.35918],[14.63213,63.31704],[14.69409,63.30456],[14.74028,63.31194],[14.72167,63.28308],[14.73135,63.26631],[14.71738,63.25261],[14.74789,63.22462],[14.65546,63.2207],[14.65233,63.22624]]]}},{"type":"Feature","id":"2313","properties":{"code":"2313"},"geometry":{"type":"Polygon","coordinates":[[[15.9058,63.66422],[15.89894,63.683],[15.79207,63.65782],[15.92666,63.59354],[15.99746,63.55064],[15.98617,63.51453],[15.87889,63.50624],[15.79174,63.51486],[15.69308,63.47316],[15.66553,63.44404],[15.58029,63.42496],[15.56052,63.43787],[15.55487,63.41654],[15.49495,63.36341],[15.4368,63.347],[15.39137,63.36339],[15.34198,63.39937],[15.23851,63.44351],[15.12116,63.47932],[15.07788,63.46826],[15.03853,63.4866],[15.08745,63.51742],[15.05542,63.52682],[14.98706,63.57896],[14.89701,63.61366],[14.85861,63.64967],[14.93644,63.64958],[14.9256,63.70394],[14.93944,63.70962],[14.90276,63.72079],[14.91564,63.72187],[14.94918,63.78272],[15.01973,63.82191],[15.10638,63.85022],[15.08899,63.85868],[15.10465,63.86498],[15.07665,63.88523],[15.06521,63.8843],[15.06908,63.89332],[15.04816,63.89228],[15.05628,63.89403],[15.04504,63.90668],[14.97821,63.93446],[14.90781,64.02685],[14.97643,64.04452],[14.91639,64.10686],[14.87738,64.10701],[14.77442,64.2771],[14.25695,64.3404],[14.17083,64.39833],[14.12669,64.38743],[14.11387,64.46248],[14.08523,64.47825],[13.89118,64.50713],[13.65426,64.58034],[13.70547,64.63996],[14.0773,64.93894],[14.32599,65.11892],[14.61303,65.00236],[14.69751,64.99049],[14.71174,64.96075],[14.75434,64.95431],[14.77853,64.93983],[14.77231,64.91355],[14.84138,64.8924],[14.83737,64.87815],[14.97393,64.84614],[15.03527,64.79141],[15.03291,64.7604],[15.0624,64.75161],[15.1178,64.7528],[15.18624,64.74046],[15.26539,64.69991],[15.29118,64.67749],[15.30864,64.67829],[15.33445,64.66904],[15.34145,64.64671],[15.24095,64.63483],[15.31558,64.62072],[15.37009,64.5837],[15.41751,64.57928],[15.42773,64.58343],[15.43962,64.5572],[15.52076,64.53215],[15.54317,64.51858],[15.53847,64.50721],[15.55731,64.49619],[15.57952,64.44343],[15.64717,64.44798],[15.63617,64.5196],[15.70437,64.538],[15.74025,64.404],[15.75359,64.40686],[15.8691,64.38198],[15.85356,64.37561],[16.02235,64.3328],[16.01971,64.26909],[16.04255,64.24887],[16.14477,64.26765],[16.16545,64.26123],[16.21925,64.26398],[16.71862,64.02738],[16.58125,63.8732],[16.56608,63.83134],[16.57454,63.78268],[16.6142,63.71399],[16.52831,63.70471],[16.3483,63.69694],[16.3409,63.69049],[16.31928,63.69773],[16.2708,63.65974],[16.22387,63.66121],[16.08716,63.70432],[15.98152,63.65303],[15.92413,63.6591],[15.9058,63.66422]]]}},{"type":"Feature","id":"2321","properties":{"code":"2321"},"geometry":{"type":"Polygon","coordinates":[[[14.24014,63.23513],[14.30001,63.21212],[14.26471,63.16413],[14.33439,63.12738],[14.39584,63.11196],[14.40453,63.06934],[14.36437,63.06308],[14.33688,63.04942],[14.28689,63.05565],[14.2063,63.02973],[14.172,63.04636],[14.13446,63.03914],[14.12298,63.0586],[13.9368,63.04631],[13.9289,63.05915],[13.93724,63.06252],[13.87555,63.05563],[13.83109,63.05816],[13.8232,63.07374],[13.85962,63.07858],[13.85257,63.0917],[13.82122,63.09927],[13.79251,63.09294],[13.78297,63.07857],[13.73576,63.06981],[13.72134,63.09112],[13.69216,63.09754],[13.65203,63.09104],[13.56786,63.09332],[13.50474,63.07724],[13.50091,63.07027],[13.51795,63.06858],[13.48227,63.06281],[13.48034,63.05658],[13.44115,63.06271],[13.42285,63.05856],[13.41009,63.04568],[13.35083,63.02506],[13.30196,63.02276],[13.26633,63.03354],[13.2203,63.03518],[13.21261,63.02486],[13.17608,63.01457],[13.09494,62.97203],[12.66043,62.97336],[12.07469,62.90255],[12.21823,63.00033],[11.97458,63.26923],[12.08409,63.35558],[12.21288,63.47859],[12.14977,63.59395],[12.29946,63.67198],[12.33058,63.71507],[12.68357,63.97422],[12.92672,64.05795],[13.21111,64.09537],[13.27805,64.08924],[13.31772,64.06783],[13.30983,64.03251],[13.33678,63.9858],[13.33171,63.95463],[13.34085,63.94729],[13.3256,63.91562],[13.3835,63.85794],[13.36409,63.84029],[13.38376,63.82092],[13.37622,63.79996],[13.40661,63.79366],[13.41843,63.76901],[13.4718,63.77052],[13.4697,63.6854],[13.43855,63.67241],[13.4749,63.6655],[13.4882,63.67338],[13.50675,63.60277],[13.45108,63.61703],[13.37985,63.66178],[13.29658,63.67219],[13.28632,63.67056],[13.29281,63.65905],[13.28078,63.65324],[13.31156,63.62174],[13.39582,63.61309],[13.40844,63.60315],[13.42199,63.60664],[13.50498,63.57284],[13.51623,63.57371],[13.49775,63.56752],[13.48359,63.54251],[13.52821,63.48975],[13.49052,63.4706],[13.47253,63.43241],[13.53982,63.4326],[13.58016,63.40081],[13.6116,63.41722],[13.7028,63.37647],[13.69566,63.36753],[13.77049,63.35002],[13.75767,63.3453],[13.76623,63.34281],[13.83484,63.35662],[13.83942,63.33804],[13.86442,63.34944],[13.89123,63.34835],[14.00599,63.32729],[14.04733,63.31318],[14.07961,63.28987],[14.17934,63.2718],[14.24014,63.23513]]]}},{"type":"Feature","id":"2326","properties":{"code":"2326"},"geometry":{"type":"Polygon","coordinates":[[[14.78109,62.59077],[14.80962,62.56205],[14.80227,62.5275],[14.8296,62.5084],[14.85042,62.4668],[14.83877,62.45939],[14.7964,62.46454],[14.80123,62.40406],[14.72654,62.35866],[14.55571,62.28074],[14.46429,62.30478],[14.45018,62.29162],[14.43555,62.30296],[14.34018,62.30344],[14.29698,62.33179],[14.21618,62.3588],[14.08427,62.44708],[14.04273,62.48543],[14.06818,62.47525],[14.06843,62.48767],[14.04834,62.4942],[14.03545,62.49223],[14.02083,62.50587],[14.0023,62.5774],[13.98956,62.57079],[13.97082,62.57594],[13.98049,62.58632],[13.975,62.60321],[13.99233,62.61877],[13.87078,62.62663],[13.87617,62.67112],[13.8131,62.71575],[13.6868,62.67673],[13.63156,62.67261],[13.58106,62.69323],[13.49699,62.71345],[13.42576,62.75963],[13.38432,62.75063],[13.36683,62.67796],[13.4316,62.64278],[13.48294,62.63153],[13.38747,62.6195],[13.36735,62.60859],[13.27242,62.61733],[13.28462,62.62923],[13.26332,62.63518],[13.27758,62.66408],[13.18958,62.67569],[13.14795,62.70679],[13.04698,62.71075],[12.97253,62.74351],[12.89675,62.71301],[12.89748,62.67741],[12.85922,62.69477],[12.7813,62.7064],[12.63726,62.70669],[12.59016,62.73456],[12.4921,62.76472],[12.13638,62.74792],[12.07469,62.90255],[12.66043,62.97336],[13.09494,62.97203],[13.17608,63.01457],[13.21261,63.02486],[13.2203,63.03518],[13.26633,63.03354],[13.30196,63.02276],[13.35083,63.02506],[13.41009,63.04568],[13.42285,63.05856],[13.44115,63.06271],[13.48034,63.05658],[13.48227,63.06281],[13.51795,63.06858],[13.50091,63.07027],[13.50474,63.07724],[13.56786,63.09332],[13.65203,63.09104],[13.69216,63.09754],[13.72134,63.09112],[13.73576,63.06981],[13.78297,63.07857],[13.79251,63.09294],[13.82122,63.09927],[13.85257,63.0917],[13.85962,63.07858],[13.8232,63.07374],[13.83109,63.05816],[13.87555,63.05563],[13.93724,63.06252],[13.9289,63.05915],[13.9368,63.04631],[14.12298,63.0586],[14.13446,63.03914],[14.172,63.04636],[14.2063,63.02973],[14.28689,63.05565],[14.33688,63.04942],[14.36437,63.06308],[14.40453,63.06934],[14.44824,63.0145],[14.48816,63.01756],[14.49717,63.01249],[14.48155,63.00983],[14.54184,63.01039],[14.538,62.95428],[14.59516,62.94399],[14.60151,62.90826],[14.68716,62.90762],[14.69361,62.89607],[14.78075,62.89154],[14.81448,62.81103],[14.7689,62.81048],[14.81695,62.76386],[14.78064,62.75787],[14.76935,62.74838],[14.8584,62.71279],[14.86141,62.68145],[14.91674,62.59809],[14.78109,62.59077]]]}},{"type":"Feature","id":"2361","properties":{"code":"2361"},"geometry":{"type":"Polygon","coordinates":[[[14.43555,62.30296],[14.45018,62.29162],[14.46429,62.30478],[14.55571,62.28074],[14.72654,62.35866],[14.80123,62.40406],[14.87514,62.40225],[14.86528,62.39078],[14.93951,62.32033],[15.15264,62.24998],[15.2846,62.29295],[15.32612,62.27199],[15.35674,62.21362],[15.39924,62.19484],[15.42925,62.1449],[15.41715,62.11139],[15.34017,62.09127],[15.09214,61.99685],[15.11056,61.95683],[15.14062,61.95218],[15.11247,61.93546],[15.11589,61.89444],[15.08544,61.89617],[15.10863,61.84397],[15.0918,61.81912],[15.04758,61.82388],[15.04496,61.86801],[14.90938,61.88054],[14.92785,61.82131],[14.86537,61.80899],[14.86313,61.82738],[14.80584,61.8862],[14.76089,61.86414],[14.80934,61.8182],[14.84169,61.8042],[14.85628,61.78359],[14.78524,61.80465],[14.70141,61.87642],[14.68638,61.90162],[14.52476,61.78459],[14.49938,61.62588],[14.39458,61.56391],[14.33613,61.59937],[14.28509,61.60825],[14.18221,61.61763],[13.97679,61.6214],[13.89795,61.63506],[13.81606,61.64245],[13.75314,61.64158],[13.59838,61.65633],[13.55922,61.6435],[13.48992,61.68999],[13.49623,61.71349],[13.49733,61.702],[13.51154,61.70976],[13.41317,61.79648],[13.38316,61.83397],[13.26132,61.91282],[13.20032,61.9291],[13.39193,62.00081],[13.29354,62.01162],[13.28614,62.05808],[13.15868,62.01966],[13.11648,62.04157],[13.04519,62.062],[13.0386,62.07143],[13.00348,62.06576],[12.95144,62.13342],[12.90264,62.14185],[12.80655,62.2202],[12.60781,62.21478],[12.29937,62.2675],[12.05614,62.61192],[12.13638,62.74792],[12.4921,62.76472],[12.59016,62.73456],[12.63726,62.70669],[12.7813,62.7064],[12.85922,62.69477],[12.89748,62.67741],[12.89675,62.71301],[12.97253,62.74351],[13.04698,62.71075],[13.14795,62.70679],[13.18958,62.67569],[13.27758,62.66408],[13.26332,62.63518],[13.28462,62.62923],[13.27242,62.61733],[13.36735,62.60859],[13.38747,62.6195],[13.48294,62.63153],[13.4316,62.64278],[13.36683,62.67796],[13.38432,62.75063],[13.42576,62.75963],[13.49699,62.71345],[13.58106,62.69323],[13.63156,62.67261],[13.6868,62.67673],[13.8131,62.71575],[13.87617,62.67112],[13.87078,62.62663],[13.99233,62.61877],[13.975,62.60321],[13.98049,62.58632],[13.97082,62.57594],[13.98956,62.57079],[14.0023,62.5774],[14.02083,62.50587],[14.03545,62.49223],[14.04834,62.4942],[14.06843,62.48767],[14.06818,62.47525],[14.04273,62.48543],[14.16933,62.38833],[14.21618,62.3588],[14.29698,62.33179],[14.34018,62.30344],[14.43555,62.30296]]]}},{"type":"Feature","id":"2380","properties":{"code":"2380"},"geometry":{"type":"Polygon","coordinates":[[[14.40553,63.21625],[14.51538,63.23188],[14.59983,63.20861],[14.62177,63.22313],[14.74789,63.22462],[14.71738,63.25261],[14.73135,63.26631],[14.72167,63.28308],[14.74028,63.31194],[14.69409,63.30456],[14.63213,63.31704],[14.64859,63.35918],[14.49836,63.44959],[14.5855,63.48789],[14.54785,63.49908],[14.59244,63.50881],[14.57899,63.52079],[14.57799,63.54851],[14.54505,63.55801],[14.53822,63.58868],[14.59515,63.56473],[14.69049,63.56843],[14.71227,63.53803],[14.74267,63.54969],[14.75723,63.53792],[14.78259,63.59321],[14.86379,63.5705],[14.94406,63.59486],[14.98706,63.57896],[15.0574,63.52572],[15.08745,63.51742],[15.03853,63.4866],[15.07788,63.46826],[15.12116,63.47932],[15.23851,63.44351],[15.34198,63.39937],[15.39137,63.36339],[15.4368,63.347],[15.49495,63.36341],[15.50355,63.32588],[15.55599,63.30879],[15.46312,63.25747],[15.42684,63.28531],[15.38829,63.30043],[15.36639,63.29795],[15.36512,63.30321],[15.27145,63.23687],[15.22174,63.24252],[15.23176,63.18711],[15.30757,63.18947],[15.29138,63.17725],[15.31791,63.14413],[15.25675,63.09665],[15.17214,63.14594],[15.15302,63.14778],[15.1436,63.14201],[15.10039,63.14848],[15.1309,63.08459],[15.11571,63.05621],[15.04189,63.06374],[15.00856,63.04225],[15.05318,62.98853],[15.01197,62.96185],[14.98789,62.9729],[14.9632,62.95155],[14.98266,62.94056],[15.00124,62.93984],[14.9979,62.93555],[14.92165,62.90545],[14.89024,62.9226],[14.79351,62.9328],[14.77284,62.9129],[14.78075,62.89154],[14.69361,62.89607],[14.68716,62.90762],[14.60151,62.90826],[14.59516,62.94399],[14.538,62.95428],[14.54184,63.01039],[14.48155,63.00983],[14.49717,63.01249],[14.48816,63.01756],[14.44824,63.0145],[14.40453,63.06934],[14.39584,63.11196],[14.33439,63.12738],[14.26471,63.16413],[14.30001,63.21212],[14.27191,63.22492],[14.31305,63.23058],[14.40553,63.21625]]]}},{"type":"Feature","id":"2401","properties":{"code":"2401"},"geometry":{"type":"Polygon","coordinates":[[[19.76065,63.67435],[19.72307,63.64129],[19.75887,63.58458],[19.71973,63.58543],[19.71682,63.57674],[19.75036,63.52741],[19.84542,63.46671],[20.25789,63.23428],[20.16357,63.16643],[20.06118,63.16264],[19.97312,63.16805],[19.84325,63.13539],[19.60776,63.10202],[19.28645,63.46341],[19.29279,63.46978],[19.19086,63.57193],[19.18184,63.59843],[19.0443,63.68881],[18.99711,63.7313],[18.97135,63.73424],[18.95066,63.72897],[18.96187,63.76047],[18.90147,63.78259],[18.81997,63.77348],[18.80071,63.7811],[18.83199,63.82349],[18.85227,63.83143],[18.84687,63.84759],[18.92769,63.85221],[18.99814,63.81242],[19.02126,63.82236],[19.02242,63.83145],[19.05737,63.83665],[19.1127,63.81151],[19.13406,63.82028],[19.14583,63.81255],[19.16673,63.82297],[19.21747,63.81442],[19.25627,63.78769],[19.32371,63.7996],[19.29869,63.808],[19.33942,63.81797],[19.3464,63.8083],[19.36146,63.81242],[19.37082,63.81769],[19.35564,63.83254],[19.36788,63.8365],[19.42189,63.81539],[19.45124,63.8189],[19.45475,63.8607],[19.5087,63.86821],[19.55859,63.833],[19.61362,63.81113],[19.64408,63.80643],[19.68089,63.81025],[19.74548,63.75004],[19.77498,63.73855],[19.76065,63.67435]]]}},{"type":"Feature","id":"2403","properties":{"code":"2403"},"geometry":{"type":"Polygon","coordinates":[[[19.1026,64.12967],[19.11246,64.12072],[19.16052,64.13281],[19.1827,64.12883],[19.22861,64.09545],[19.24516,64.09896],[19.30729,64.07029],[19.32171,64.07812],[19.34368,64.07073],[19.35379,64.04886],[19.45792,64.00018],[19.46355,63.98854],[19.47067,63.99048],[19.52822,63.87231],[19.45475,63.8607],[19.45124,63.8189],[19.42189,63.81539],[19.36788,63.8365],[19.35564,63.83254],[19.37082,63.81769],[19.36146,63.81242],[19.3464,63.8083],[19.33942,63.81797],[19.29869,63.808],[19.32371,63.7996],[19.25627,63.78769],[19.21747,63.81442],[19.16673,63.82297],[19.14583,63.81255],[19.13406,63.82028],[19.1127,63.81151],[19.05737,63.83665],[19.02242,63.83145],[19.02126,63.82236],[18.99814,63.81242],[18.92769,63.85221],[18.90946,63.8483],[18.89416,63.85333],[18.84687,63.84759],[18.85227,63.83143],[18.83199,63.82349],[18.80723,63.7885],[18.7573,63.81043],[18.72194,63.80639],[18.68443,63.82034],[18.63755,63.82622],[18.59437,63.82255],[18.4855,63.84265],[18.47918,63.86608],[18.43984,63.89302],[18.42623,63.91997],[18.40644,63.92659],[18.42047,63.93389],[18.46541,63.93199],[18.47448,63.96372],[18.45411,63.98037],[18.40725,63.99592],[18.89066,64.07802],[18.89743,64.07287],[18.90944,64.08118],[19.00756,64.09813],[19.0246,64.0968],[19.07148,64.10896],[19.06186,64.1409],[19.1026,64.12967]]]}},{"type":"Feature","id":"2404","properties":{"code":"2404"},"geometry":{"type":"Polygon","coordinates":[[[19.81788,64.12879],[19.80373,64.09622],[19.79904,64.09958],[19.79448,64.09768],[19.80308,64.09554],[19.76795,64.05878],[19.6781,64.05506],[19.65998,64.07188],[19.64178,64.0653],[19.65955,64.04931],[19.62343,64.05114],[19.61746,64.03882],[19.57002,64.02713],[19.57466,64.01446],[19.5425,64.03682],[19.46559,64.04331],[19.4314,64.03621],[19.41815,64.01897],[19.35379,64.04886],[19.34368,64.07073],[19.32171,64.07812],[19.30729,64.07029],[19.24516,64.09896],[19.22861,64.09545],[19.1827,64.12883],[19.16052,64.13281],[19.12743,64.18082],[19.17625,64.18663],[19.11671,64.22037],[19.07729,64.22935],[19.0373,64.22227],[18.97277,64.42757],[19.28758,64.77776],[19.3831,64.72738],[19.392,64.69976],[19.40786,64.69357],[19.39597,64.68936],[19.46887,64.65488],[19.50548,64.63761],[19.66189,64.62243],[19.74835,64.58684],[19.78826,64.56905],[19.77595,64.56192],[19.80806,64.54401],[19.79134,64.53284],[19.85903,64.50389],[19.87896,64.51236],[19.9919,64.44859],[19.99678,64.45179],[20.01654,64.44174],[20.03996,64.45524],[20.06982,64.43986],[20.08284,64.41478],[20.07037,64.41405],[20.13324,64.37408],[20.11233,64.37282],[20.10085,64.36096],[20.14205,64.34771],[20.14105,64.34204],[20.11705,64.34575],[20.11622,64.34027],[20.07665,64.34879],[20.06434,64.33633],[20.04195,64.33595],[20.06885,64.32338],[20.03187,64.32623],[20.03986,64.31554],[20.02451,64.27227],[20.08171,64.26682],[20.08421,64.27358],[20.09013,64.26767],[20.10205,64.26887],[20.09931,64.24063],[20.08246,64.23855],[20.05785,64.21772],[20.07434,64.20419],[20.02049,64.16556],[20.02868,64.15413],[20.01834,64.11704],[19.9931,64.11721],[19.98978,64.12525],[19.98212,64.11537],[19.94166,64.11266],[19.92573,64.13181],[19.86145,64.13197],[19.84428,64.12383],[19.81788,64.12879]]]}},{"type":"Feature","id":"2409","properties":{"code":"2409"},"geometry":{"type":"Polygon","coordinates":[[[21.50213,64.04151],[21.39706,63.95724],[21.41561,63.92693],[21.0409,63.88372],[20.8117,63.84584],[20.72567,63.8634],[20.72972,63.87471],[20.67726,63.88499],[20.63464,63.87937],[20.68786,63.97263],[20.56467,64.08196],[20.55241,64.07994],[20.55999,64.07137],[20.54845,64.06966],[20.51964,64.11261],[20.45639,64.14045],[20.35683,64.25815],[20.33754,64.257],[20.30514,64.31253],[20.30751,64.3281],[20.432,64.32125],[20.43771,64.31408],[20.46665,64.31224],[20.48787,64.31869],[20.52501,64.29862],[20.49015,64.32214],[20.53676,64.31843],[20.57434,64.31177],[20.59336,64.29882],[20.57029,64.3181],[20.6151,64.33037],[20.60994,64.33536],[20.62057,64.33188],[20.70398,64.34829],[20.67894,64.36132],[20.71228,64.39024],[20.74798,64.39173],[20.74991,64.41949],[20.78915,64.41589],[20.79375,64.42939],[20.82497,64.42389],[20.85353,64.43856],[20.88162,64.43965],[20.99119,64.39388],[21.02013,64.3603],[21.05711,64.34838],[21.06542,64.3353],[21.1487,64.35924],[21.18773,64.31796],[21.18526,64.3004],[21.22336,64.26824],[21.28,64.26899],[21.65285,64.10986],[21.50213,64.04151]]]}},{"type":"Feature","id":"2417","properties":{"code":"2417"},"geometry":{"type":"Polygon","coordinates":[[[19.64513,65.15906],[19.69316,65.14168],[19.70168,65.13322],[19.68311,65.12812],[19.78531,65.06726],[19.8235,65.03085],[19.98041,64.99121],[20.09878,64.94205],[20.06173,64.92446],[20.14817,64.89066],[20.15562,64.87335],[20.21616,64.85784],[20.19987,64.8512],[20.21727,64.83254],[20.17341,64.84033],[20.14441,64.82843],[20.13036,64.83682],[20.10679,64.82799],[20.14494,64.81933],[20.12991,64.78961],[20.10081,64.79444],[20.0757,64.76695],[20.03555,64.74973],[20.03366,64.73878],[20.05902,64.72838],[20.04281,64.72297],[20.10582,64.68932],[20.11481,64.67243],[19.98399,64.66745],[19.95104,64.69165],[19.94108,64.69015],[19.81484,64.75885],[19.63101,64.75539],[19.47319,64.78048],[19.43772,64.75129],[19.34704,64.74639],[19.28758,64.77776],[19.31166,64.80468],[18.75689,64.98442],[19.00752,65.04303],[19.43081,65.15331],[19.43515,65.14871],[19.59041,65.19426],[19.64513,65.15906]]]}},{"type":"Feature","id":"2418","properties":{"code":"2418"},"geometry":{"type":"Polygon","coordinates":[[[18.26791,65.52453],[18.34205,65.4939],[18.42556,65.49681],[18.50329,65.47482],[18.52197,65.45202],[18.5802,65.4401],[18.62662,65.43414],[18.71952,65.43689],[18.74885,65.42263],[18.75123,65.4046],[18.81127,65.38725],[18.83392,65.37141],[18.86946,65.37297],[18.93305,65.34661],[19.01531,65.33079],[19.03317,65.3074],[19.09672,65.30511],[19.23189,65.26588],[19.27326,65.24212],[19.25022,65.24031],[19.24947,65.21478],[19.33942,65.18672],[19.39035,65.14282],[19.00752,65.04303],[18.75689,64.98442],[18.5966,65.06359],[18.61396,65.07771],[18.55635,65.08306],[18.30347,65.2027],[18.16681,65.24417],[18.2966,65.41894],[18.26791,65.52453]]]}},{"type":"Feature","id":"2421","properties":{"code":"2421"},"geometry":{"type":"Polygon","coordinates":[[[16.50237,65.56591],[16.60635,65.48692],[16.61988,65.48063],[16.64199,65.48857],[16.64803,65.4845],[16.62755,65.47716],[16.82841,65.38375],[17.01662,65.32272],[17.30039,65.26442],[17.67256,65.17012],[17.77216,65.12777],[17.79399,65.13631],[17.84994,65.11213],[17.84862,65.10245],[17.83007,65.10289],[17.95723,65.04877],[17.89894,64.99446],[17.91281,64.91895],[17.74272,64.83598],[17.76159,64.82278],[17.5579,64.73293],[17.51081,64.75228],[17.33908,64.75682],[17.33988,64.78092],[17.27363,64.80301],[17.26228,64.81385],[17.24942,64.81102],[16.59513,65.02547],[16.12134,65.31223],[15.98697,65.3407],[15.98723,65.3363],[15.98637,65.34083],[15.70511,65.40087],[15.27374,65.41067],[15.20857,65.42167],[15.12556,65.40526],[14.99366,65.40623],[14.98096,65.40169],[14.90282,65.42842],[14.78931,65.41547],[14.68503,65.41492],[14.65218,65.4251],[14.60546,65.4227],[14.56981,65.43561],[14.50069,65.44452],[14.49877,65.5213],[14.54147,65.70075],[14.62548,65.81181],[14.5844,65.90134],[14.51629,66.13258],[14.95137,66.15001],[15.53076,65.82276],[16.50237,65.56591]]]}},{"type":"Feature","id":"2422","properties":{"code":"2422"},"geometry":{"type":"Polygon","coordinates":[[[15.7714,66.29082],[16.23234,66.14069],[16.52919,66.05359],[16.77195,66.03203],[17.00066,65.94491],[17.67562,65.65622],[17.85142,65.6236],[18.0311,65.60253],[18.03396,65.58767],[18.0723,65.57671],[18.10157,65.59414],[18.14721,65.58873],[18.14433,65.57654],[18.17796,65.57654],[18.19523,65.55488],[18.26791,65.52453],[18.2966,65.41894],[18.16806,65.24295],[17.97434,65.06475],[18.01559,65.06495],[18.04807,65.04982],[17.9825,65.03608],[17.95196,65.04388],[17.95723,65.04877],[17.83007,65.10289],[17.84862,65.10245],[17.84994,65.11213],[17.79399,65.13631],[17.77216,65.12777],[17.67256,65.17012],[17.30039,65.26442],[17.01662,65.32272],[16.82841,65.38375],[16.71137,65.43342],[16.62755,65.47716],[16.64803,65.4845],[16.64199,65.48857],[16.61988,65.48063],[16.60635,65.48692],[16.50237,65.56591],[15.53076,65.82276],[14.95137,66.15001],[15.03568,66.15356],[15.48473,66.28246],[15.45394,66.34535],[15.7714,66.29082]]]}},{"type":"Feature","id":"2425","properties":{"code":"2425"},"geometry":{"type":"Polygon","coordinates":[[[15.48081,64.87209],[15.94473,64.70434],[16.13768,64.55443],[16.37215,64.47493],[16.6045,64.43318],[16.7149,64.37316],[16.72729,64.3535],[16.66784,64.33597],[16.65584,64.29665],[16.69771,64.2469],[16.75464,64.22934],[16.71545,64.22602],[16.8751,64.03733],[16.94541,64.00328],[16.87832,63.95069],[16.21925,64.26398],[16.16545,64.26123],[16.14477,64.26765],[16.04255,64.24887],[16.01971,64.26909],[16.02235,64.3328],[15.85356,64.37561],[15.8691,64.38198],[15.75359,64.40686],[15.74025,64.404],[15.70437,64.538],[15.63617,64.5196],[15.64717,64.44798],[15.57952,64.44343],[15.55731,64.49619],[15.53847,64.50721],[15.54317,64.51858],[15.52076,64.53215],[15.43962,64.5572],[15.42773,64.58343],[15.41751,64.57928],[15.37009,64.5837],[15.31558,64.62072],[15.24095,64.63483],[15.34145,64.64671],[15.33445,64.66904],[15.30864,64.67829],[15.29118,64.67749],[15.26539,64.69991],[15.18624,64.74046],[15.1178,64.7528],[15.0624,64.75161],[15.03291,64.7604],[15.03527,64.79141],[14.97393,64.84614],[14.83737,64.87815],[14.84175,64.89217],[14.77231,64.91355],[14.77853,64.93983],[14.75434,64.95431],[14.71174,64.96075],[14.70271,64.97971],[15.1224,64.92866],[15.48081,64.87209]]]}},{"type":"Feature","id":"2460","properties":{"code":"2460"},"geometry":{"type":"Polygon","coordinates":[[[19.85646,63.92435],[19.90829,63.88571],[19.92874,63.88224],[19.94807,63.88931],[19.98231,63.88814],[19.97021,63.8661],[19.89753,63.85755],[19.85454,63.84473],[19.81881,63.82294],[19.77156,63.81847],[19.76601,63.7894],[19.73608,63.78846],[19.73154,63.81518],[19.64408,63.80643],[19.61362,63.81113],[19.55859,63.833],[19.51086,63.86539],[19.52822,63.87231],[19.47067,63.99048],[19.46355,63.98854],[19.45792,64.00018],[19.41815,64.01897],[19.4314,64.03621],[19.46559,64.04331],[19.54198,64.03691],[19.57466,64.01446],[19.57002,64.02713],[19.61746,64.03882],[19.62343,64.05114],[19.65955,64.04931],[19.64178,64.0653],[19.65998,64.07188],[19.6781,64.05506],[19.76795,64.05878],[19.79266,64.08468],[19.86644,64.08552],[19.89048,64.07208],[19.94044,64.07684],[19.96205,64.04341],[19.95798,64.02793],[19.94623,64.01166],[19.9362,64.01502],[19.92297,64.0031],[19.90855,63.97353],[19.92595,63.9746],[19.92156,63.96596],[19.94431,63.95318],[19.95526,63.96222],[19.96755,63.96061],[19.95769,63.94744],[19.93368,63.9495],[19.85646,63.92435]]]}},{"type":"Feature","id":"2462","properties":{"code":"2462"},"geometry":{"type":"Polygon","coordinates":[[[16.59513,65.02547],[17.24942,64.81102],[17.26228,64.81385],[17.27363,64.80301],[17.33988,64.78092],[17.33908,64.75682],[17.51081,64.75228],[17.5579,64.73293],[17.50482,64.7094],[17.54829,64.66923],[17.58793,64.67919],[17.65385,64.66778],[17.6543,64.63779],[17.68154,64.62464],[17.62035,64.6021],[17.70802,64.52011],[17.68533,64.51082],[17.69533,64.50068],[17.65674,64.48687],[17.37769,64.45264],[17.35701,64.45787],[17.33302,64.45497],[17.32894,64.44663],[16.94983,64.39893],[16.92089,64.3561],[16.72728,64.35352],[16.7149,64.37316],[16.6045,64.43318],[16.37215,64.47493],[16.13768,64.55443],[15.94473,64.70434],[15.48081,64.87209],[15.1224,64.92866],[14.70511,64.98135],[14.69751,64.99049],[14.61303,65.00236],[14.32599,65.11892],[14.3788,65.24762],[14.50683,65.30973],[14.50069,65.44452],[14.56981,65.43561],[14.60546,65.4227],[14.65218,65.4251],[14.68503,65.41492],[14.78931,65.41547],[14.90282,65.42842],[14.98096,65.40169],[14.99366,65.40623],[15.12556,65.40526],[15.20857,65.42167],[15.27374,65.41067],[15.70511,65.40087],[15.98637,65.34083],[15.98301,65.33776],[15.98723,65.3363],[15.98697,65.3407],[16.12134,65.31223],[16.59513,65.02547]]]}},{"type":"Feature","id":"2463","properties":{"code":"2463"},"geometry":{"type":"Polygon","coordinates":[[[17.7885,64.48321],[17.96956,64.41472],[17.96936,64.4041],[18.02547,64.38091],[18.03783,64.38875],[18.05126,64.38367],[18.19601,64.39825],[18.2124,64.39067],[18.24856,64.39059],[18.26868,64.35833],[18.18394,64.34355],[18.41204,64.23813],[18.65164,64.13698],[18.78882,64.06064],[17.73344,63.8801],[17.33449,63.90768],[16.87832,63.95069],[16.94541,64.00328],[16.8751,64.03733],[16.71545,64.22602],[16.75464,64.22934],[16.69771,64.2469],[16.68769,64.25878],[16.65584,64.29665],[16.66784,64.33597],[16.72757,64.3536],[16.92089,64.3561],[16.94983,64.39893],[17.32894,64.44663],[17.33302,64.45497],[17.35701,64.45787],[17.37769,64.45264],[17.65674,64.48687],[17.69533,64.50068],[17.68533,64.51082],[17.70802,64.52011],[17.72366,64.50777],[17.71843,64.49986],[17.7405,64.49907],[17.8037,64.52229],[17.84275,64.503],[17.7885,64.48321]]]}},{"type":"Feature","id":"2480","properties":{"code":"2480"},"geometry":{"type":"Polygon","coordinates":[[[20.69287,63.48518],[20.39621,63.3335],[20.25789,63.23428],[19.84542,63.46671],[19.75036,63.52741],[19.71682,63.57674],[19.71973,63.58543],[19.75887,63.58458],[19.72307,63.64129],[19.76065,63.67435],[19.77908,63.72973],[19.68089,63.81025],[19.73154,63.81518],[19.73608,63.78846],[19.76601,63.7894],[19.77156,63.81847],[19.81881,63.82294],[19.85454,63.84473],[19.89753,63.85755],[19.97021,63.8661],[19.98279,63.88737],[19.94922,63.88943],[19.92874,63.88224],[19.9044,63.88686],[19.85539,63.92618],[19.93368,63.9495],[19.95769,63.94744],[19.96755,63.96061],[19.95526,63.96222],[19.94431,63.95318],[19.92156,63.96596],[19.92595,63.9746],[19.90855,63.97353],[19.92297,64.0031],[19.9362,64.01502],[19.94623,64.01166],[19.95798,64.02793],[19.96205,64.04341],[19.94044,64.07684],[19.89048,64.07208],[19.86644,64.08552],[19.79266,64.08468],[19.80308,64.09554],[19.79448,64.09768],[19.80373,64.09622],[19.82409,64.11756],[19.81788,64.12879],[19.84428,64.12383],[19.86145,64.13197],[19.92573,64.13181],[19.94166,64.11266],[19.98212,64.11537],[19.98978,64.12525],[19.9931,64.11721],[20.01834,64.11704],[20.02868,64.15413],[20.02049,64.16556],[20.07434,64.20419],[20.05785,64.21772],[20.08246,64.23855],[20.09931,64.24063],[20.10205,64.26887],[20.09013,64.26767],[20.08421,64.27358],[20.08171,64.26682],[20.02451,64.27227],[20.03986,64.31554],[20.03187,64.32623],[20.06885,64.32338],[20.04195,64.33595],[20.06434,64.33633],[20.07665,64.34879],[20.11622,64.34027],[20.11705,64.34575],[20.14105,64.34204],[20.14205,64.34771],[20.10085,64.36096],[20.11233,64.37282],[20.13324,64.3719],[20.10323,64.39062],[20.10878,64.39413],[20.19262,64.37183],[20.23019,64.34119],[20.30896,64.31793],[20.33754,64.257],[20.35683,64.25815],[20.45639,64.14045],[20.51964,64.11261],[20.54845,64.06966],[20.55999,64.07137],[20.55241,64.07994],[20.56467,64.08196],[20.68786,63.97263],[20.63464,63.87937],[20.67726,63.88499],[20.72972,63.87471],[20.72567,63.8634],[20.8117,63.84584],[21.0409,63.88372],[21.41561,63.92693],[21.46844,63.83192],[21.45391,63.72132],[21.42429,63.68177],[21.36738,63.63358],[20.93621,63.52186],[20.69287,63.48518]]]}},{"type":"Feature","id":"2481","properties":{"code":"2481"},"geometry":{"type":"Polygon","coordinates":[[[18.5608,65.08504],[18.61396,65.07771],[18.5966,65.06359],[18.75689,64.98442],[19.31166,64.80468],[18.97277,64.42757],[19.0373,64.22227],[19.07729,64.22935],[19.11671,64.22037],[19.17625,64.18663],[19.12743,64.18082],[19.16052,64.13281],[19.11246,64.12072],[19.1026,64.12967],[19.06186,64.1409],[19.07148,64.10896],[19.02387,64.09666],[18.90944,64.08118],[18.89743,64.07287],[18.89066,64.07802],[18.78882,64.06064],[18.65164,64.13698],[18.41204,64.23813],[18.18394,64.34355],[18.26868,64.35833],[18.24856,64.39059],[18.2124,64.39067],[18.19601,64.39825],[18.05126,64.38367],[18.03783,64.38875],[18.02547,64.38091],[17.96936,64.4041],[17.96956,64.41472],[17.7885,64.48321],[17.84275,64.503],[17.8037,64.52229],[17.7405,64.49907],[17.71843,64.49986],[17.72366,64.50777],[17.62035,64.6021],[17.68154,64.62464],[17.6543,64.63779],[17.65385,64.66778],[17.58793,64.67919],[17.54829,64.66923],[17.50482,64.7094],[17.76159,64.82278],[17.74272,64.83598],[17.91281,64.91895],[17.89894,64.99446],[17.95196,65.04388],[17.9825,65.03608],[18.04807,65.04982],[18.01559,65.06495],[17.97434,65.06475],[18.16806,65.24295],[18.30347,65.2027],[18.5608,65.08504]]]}},{"type":"Feature","id":"2482","properties":{"code":"2482"},"geometry":{"type":"Polygon","coordinates":[[[20.86619,64.43906],[20.82497,64.42389],[20.79375,64.42939],[20.78915,64.41589],[20.74991,64.41949],[20.74798,64.39173],[20.71228,64.39024],[20.67894,64.36132],[20.70398,64.34829],[20.62057,64.33188],[20.60994,64.33536],[20.6151,64.33037],[20.57029,64.3181],[20.59336,64.29882],[20.57434,64.31177],[20.49015,64.32214],[20.52858,64.29933],[20.48787,64.31869],[20.46665,64.31224],[20.43771,64.31408],[20.432,64.32125],[20.30751,64.3281],[20.30896,64.31793],[20.23019,64.34119],[20.19262,64.37183],[20.10598,64.39202],[20.07037,64.41405],[20.08284,64.41478],[20.06982,64.43986],[20.03996,64.45524],[20.01654,64.44174],[19.99678,64.45179],[19.9919,64.44859],[19.87896,64.51236],[19.85903,64.50389],[19.79134,64.53284],[19.80806,64.54401],[19.77595,64.56192],[19.78826,64.56905],[19.66189,64.62243],[19.50548,64.63761],[19.39597,64.68936],[19.40786,64.69357],[19.392,64.69976],[19.3831,64.72738],[19.34704,64.74639],[19.43772,64.75129],[19.47319,64.78048],[19.63101,64.75539],[19.81484,64.75885],[19.94108,64.69015],[19.95104,64.69165],[19.98399,64.66745],[20.11481,64.67243],[20.10582,64.68932],[20.04281,64.72297],[20.05902,64.72838],[20.03366,64.73878],[20.03555,64.74973],[20.0757,64.76695],[20.10081,64.79444],[20.12991,64.78961],[20.14494,64.81933],[20.10679,64.82799],[20.13036,64.83682],[20.14441,64.82843],[20.17341,64.84033],[20.21727,64.83254],[20.19987,64.8512],[20.21616,64.85784],[20.15562,64.87335],[20.14817,64.89066],[20.06173,64.92446],[20.09878,64.94205],[19.98041,64.99121],[19.8235,65.03085],[19.78531,65.06726],[19.68311,65.12812],[19.70168,65.13322],[19.69316,65.14168],[19.67092,65.15284],[19.657,65.15132],[19.59041,65.19426],[19.69572,65.25462],[19.70494,65.25342],[19.70381,65.25974],[19.89482,65.38095],[20.10996,65.34571],[20.80554,65.20928],[21.2659,65.16349],[21.31877,65.1359],[21.48798,65.08557],[21.94545,64.90236],[21.90554,64.89022],[21.81681,64.83612],[22.06551,64.50539],[22.08057,64.4567],[22.07071,64.40289],[22.04092,64.35605],[21.90856,64.23197],[21.85054,64.19882],[21.65285,64.10986],[21.28,64.26899],[21.22336,64.26824],[21.18526,64.3004],[21.18773,64.31796],[21.1487,64.35924],[21.06542,64.3353],[21.05711,64.34838],[21.02013,64.3603],[20.99119,64.39388],[20.91622,64.4301],[20.86619,64.43906]]]}},{"type":"Feature","id":"2505","properties":{"code":"2505"},"geometry":{"type":"Polygon","coordinates":[[[19.03235,66.1755],[19.11581,66.12988],[19.11328,66.11862],[19.17036,66.09909],[19.23034,66.0931],[19.27577,66.09551],[19.32654,66.08642],[19.35629,66.07028],[19.37518,66.06804],[19.38323,66.05669],[19.48296,66.03509],[19.50095,66.04205],[19.57326,66.04387],[19.58508,66.03952],[19.65435,66.04502],[19.81233,66.01329],[19.90266,66.01574],[20.02258,65.96998],[20.05455,65.94225],[20.13507,65.92811],[20.16854,65.92794],[20.20493,65.90918],[20.10841,65.8475],[20.21717,65.56505],[20.02503,65.50329],[19.75739,65.53587],[19.69758,65.52626],[19.6288,65.4516],[19.89493,65.38102],[19.70381,65.25974],[19.71155,65.25748],[19.69572,65.25462],[19.60757,65.19864],[19.43515,65.14871],[19.43081,65.15331],[19.39035,65.14282],[19.33942,65.18672],[19.24947,65.21478],[19.25022,65.24031],[19.27326,65.24212],[19.23189,65.26588],[19.09672,65.30511],[19.03317,65.3074],[19.01531,65.33079],[18.93305,65.34661],[18.86946,65.37297],[18.83392,65.37141],[18.81127,65.38725],[18.75123,65.4046],[18.74885,65.42263],[18.71952,65.43689],[18.62662,65.43414],[18.5802,65.4401],[18.52197,65.45202],[18.50329,65.47482],[18.42556,65.49681],[18.34205,65.4939],[18.17798,65.56615],[18.17892,65.58495],[18.29436,65.58588],[18.25533,65.62292],[18.25801,65.6773],[18.39526,65.66467],[18.50365,65.76605],[18.49272,65.7702],[18.49994,65.77731],[18.51342,65.77493],[18.5249,65.78529],[18.46495,65.79491],[18.48658,65.80433],[18.4314,65.89097],[18.46234,65.89727],[18.44233,65.91555],[18.49997,65.98516],[18.61877,66.04456],[18.83737,66.01002],[19.03235,66.1755]]]}},{"type":"Feature","id":"2506","properties":{"code":"2506"},"geometry":{"type":"Polygon","coordinates":[[[16.71344,67.08915],[17.06424,66.99851],[17.40486,66.85494],[17.64018,66.72514],[18.13756,66.65065],[18.69145,66.51401],[18.78343,66.39294],[18.7392,66.3011],[19.03235,66.1755],[18.83737,66.01002],[18.61877,66.04456],[18.49997,65.98516],[18.44233,65.91555],[18.46234,65.89727],[18.4314,65.89097],[18.48658,65.80433],[18.46495,65.79491],[18.5249,65.78529],[18.51342,65.77493],[18.49994,65.77731],[18.49272,65.7702],[18.50365,65.76605],[18.39526,65.66467],[18.25801,65.6773],[18.25533,65.62292],[18.29436,65.58588],[18.17892,65.58495],[18.17796,65.57654],[18.15949,65.57443],[18.14433,65.57654],[18.14721,65.58873],[18.10157,65.59414],[18.0723,65.57671],[18.03396,65.58767],[18.0311,65.60253],[17.85142,65.6236],[17.67562,65.65622],[17.00066,65.94491],[16.77195,66.03203],[16.52919,66.05359],[16.23234,66.14069],[15.7714,66.29082],[15.45394,66.34535],[15.37723,66.48431],[15.45106,66.52397],[15.62137,66.59434],[16.03876,66.91245],[16.19402,66.98259],[16.38776,67.04546],[16.40248,67.19042],[16.71344,67.08915]]]}},{"type":"Feature","id":"2510","properties":{"code":"2510"},"geometry":{"type":"Polygon","coordinates":[[[20.28985,66.82929],[20.63276,66.73601],[20.96153,66.6225],[21.24317,66.3122],[21.25773,66.30763],[21.24556,66.3096],[21.27413,66.27859],[20.99805,66.39264],[20.77221,66.35786],[20.71791,66.31325],[20.70347,66.31599],[20.71268,66.30912],[20.36229,66.01454],[20.20076,65.90932],[20.16854,65.92794],[20.13507,65.92811],[20.05455,65.94225],[20.02258,65.96998],[19.90266,66.01574],[19.81233,66.01329],[19.65435,66.04502],[19.58508,66.03952],[19.57326,66.04387],[19.50095,66.04205],[19.48296,66.03509],[19.38323,66.05669],[19.37518,66.06804],[19.35629,66.07028],[19.32654,66.08642],[19.27577,66.09551],[19.23034,66.0931],[19.17061,66.09904],[19.11328,66.11862],[19.11581,66.12988],[19.03235,66.1755],[18.7392,66.3011],[18.78343,66.39294],[18.69145,66.51401],[18.13756,66.65065],[17.64018,66.72514],[17.40486,66.85494],[17.06424,66.99851],[16.71344,67.08915],[16.40248,67.19042],[16.4041,67.20497],[16.08983,67.43528],[16.158,67.51916],[16.40757,67.53403],[16.55628,67.64719],[16.73253,67.90578],[16.78602,67.89948],[16.98201,67.84366],[17.02514,67.81966],[17.07621,67.81273],[17.09102,67.80262],[17.15426,67.80592],[17.2524,67.77444],[17.3087,67.73082],[17.36524,67.71778],[17.43287,67.71407],[17.45129,67.6763],[17.5785,67.6574],[17.62877,67.64286],[17.74853,67.63486],[17.82428,67.62154],[17.86152,67.61179],[17.90142,67.5868],[17.96968,67.58603],[18.10474,67.57305],[18.14592,67.56111],[18.25392,67.49913],[18.31077,67.47874],[18.33988,67.48011],[18.38949,67.44154],[18.48807,67.40278],[18.57294,67.41044],[18.61827,67.40496],[18.63439,67.39686],[18.70353,67.40509],[18.78263,67.38562],[18.8783,67.35234],[18.92463,67.30671],[18.98975,67.30404],[19.0898,67.27911],[19.31301,67.15419],[19.51016,67.14563],[19.66209,67.0946],[19.78415,67.04373],[19.8312,66.97531],[20.28985,66.82929]]]}},{"type":"Feature","id":"2513","properties":{"code":"2513"},"geometry":{"type":"Polygon","coordinates":[[[22.13422,66.8432],[22.38879,66.7922],[22.41733,66.79445],[22.42706,66.80861],[22.46977,66.77583],[22.78645,66.70795],[22.76973,66.71828],[22.78683,66.72155],[22.80959,66.70268],[22.91758,66.6778],[22.93348,66.65958],[22.94612,66.66153],[22.93579,66.6737],[22.99954,66.65899],[23.02796,66.66091],[23.0401,66.65292],[23.05376,66.65382],[23.11419,66.44933],[23.11135,66.40414],[23.1614,66.363],[23.19332,66.36875],[23.21694,66.34707],[23.13807,66.33348],[23.17585,66.2886],[23.20008,66.28545],[23.21551,66.24501],[23.24259,66.2298],[23.22588,66.15994],[23.21443,66.16438],[23.19122,66.1646],[23.19476,66.16002],[23.18465,66.16471],[22.9749,66.16749],[22.98102,66.14589],[22.95589,66.13581],[22.90157,66.1525],[22.91896,66.16823],[22.81314,66.16979],[22.53508,66.2388],[22.40937,66.17277],[22.3871,66.16966],[22.33804,66.13621],[21.94666,66.43231],[22.10969,66.45651],[22.12203,66.59984],[22.11214,66.60036],[22.12247,66.60571],[21.97078,66.66927],[22.04422,66.73198],[22.10705,66.80965],[22.1379,66.80308],[22.1639,66.81225],[22.12671,66.8339],[22.13422,66.8432]]]}},{"type":"Feature","id":"2514","properties":{"code":"2514"},"geometry":{"type":"Polygon","coordinates":[[[23.41752,66.00062],[23.59949,65.86809],[23.57008,65.78333],[23.60857,65.7723],[23.62198,65.69084],[23.60889,65.64617],[23.57861,65.62075],[23.8576,65.35638],[23.66829,65.32595],[23.13834,65.28809],[22.83463,65.69117],[22.80195,65.69809],[22.74772,65.69814],[22.74542,65.70911],[22.71697,65.71032],[22.71079,65.7308],[22.69221,65.73394],[22.65199,65.7256],[22.6042,65.74897],[22.65757,65.77561],[22.62047,65.8035],[22.54071,65.92524],[22.542,65.95629],[22.48887,65.99187],[22.42612,66.06473],[22.33804,66.13621],[22.3871,66.16966],[22.40937,66.17277],[22.53508,66.2388],[22.81314,66.16979],[22.91896,66.16823],[22.90157,66.1525],[22.95589,66.13581],[22.98102,66.14589],[22.9749,66.16749],[23.18465,66.16471],[23.19476,66.16002],[23.19122,66.1646],[23.21443,66.16438],[23.22633,66.15939],[23.20392,66.10556],[23.26129,66.07998],[23.26582,66.08414],[23.28067,66.08115],[23.26063,66.07954],[23.27646,66.07224],[23.30356,66.07205],[23.35853,66.05256],[23.33205,66.04654],[23.41752,66.00062]]]}},{"type":"Feature","id":"2518","properties":{"code":"2518"},"geometry":{"type":"Polygon","coordinates":[[[23.64302,66.42604],[23.68916,66.38627],[23.65659,66.35197],[23.6456,66.30141],[23.67314,66.27294],[23.66744,66.25964],[23.7011,66.24294],[23.69423,66.22851],[23.73038,66.20938],[23.72895,66.19482],[23.78292,66.1868],[23.83112,66.17038],[23.85779,66.1717],[23.8791,66.16523],[23.75005,66.13933],[23.77473,66.11268],[23.68448,66.09845],[23.70223,66.09017],[23.6923,66.08874],[23.6596,66.11969],[23.60013,66.10655],[23.60364,66.10205],[23.59908,66.10631],[23.57192,66.10024],[23.57791,66.09588],[23.56041,66.09163],[23.54643,66.09455],[23.55757,66.08798],[23.53316,66.08427],[23.52677,66.09019],[23.35853,66.05256],[23.30356,66.07205],[23.27646,66.07224],[23.26063,66.07954],[23.27647,66.07924],[23.28067,66.08115],[23.26582,66.08414],[23.26129,66.07998],[23.20392,66.10556],[23.24259,66.2298],[23.21551,66.24501],[23.20008,66.28545],[23.17585,66.2886],[23.13807,66.33348],[23.21694,66.34707],[23.19332,66.36875],[23.1614,66.363],[23.11135,66.40414],[23.11419,66.44933],[23.05376,66.65382],[23.03173,66.65847],[23.20549,66.67278],[23.18755,66.70034],[23.2177,66.67352],[23.41951,66.68568],[23.25318,66.97379],[23.46322,66.95216],[23.47399,66.93577],[23.48524,66.93609],[23.47422,66.95101],[23.88926,66.90723],[23.91581,66.88739],[23.93621,66.88356],[23.99482,66.82254],[23.98097,66.78559],[23.9569,66.78245],[23.91113,66.79541],[23.91574,66.77187],[23.87939,66.76292],[23.90782,66.72143],[23.86471,66.65489],[23.8851,66.61571],[23.87401,66.57533],[23.85664,66.5569],[23.78598,66.53631],[23.79369,66.51652],[23.74354,66.50377],[23.72966,66.50837],[23.71435,66.49296],[23.71928,66.47681],[23.68992,66.47389],[23.65512,66.45942],[23.64302,66.42604]]]}},{"type":"Feature","id":"2521","properties":{"code":"2521"},"geometry":{"type":"Polygon","coordinates":[[[23.28645,68.15446],[23.30701,68.14899],[23.31994,68.13727],[23.33739,68.09971],[23.38863,68.0477],[23.44785,68.03616],[23.46576,68.03045],[23.46899,68.01962],[23.53441,68.00587],[23.53982,67.99124],[23.57362,67.97241],[23.64795,67.96246],[23.66492,67.94121],[23.63662,67.91368],[23.57952,67.89297],[23.55254,67.89829],[23.51732,67.88481],[23.4777,67.84283],[23.47269,67.81641],[23.49411,67.79107],[23.4772,67.70166],[23.49257,67.69516],[23.49237,67.66427],[23.54168,67.62381],[23.55898,67.61996],[23.53843,67.60368],[23.54428,67.58251],[23.50868,67.56359],[23.48582,67.56714],[23.45608,67.56199],[23.48386,67.538],[23.43605,67.51789],[23.43196,67.50738],[23.40534,67.50105],[23.39402,67.48582],[23.41188,67.46699],[23.4966,67.44604],[23.54751,67.4612],[23.66778,67.44299],[23.70993,67.44573],[23.76364,67.42979],[23.75177,67.40789],[23.71706,67.38592],[23.73544,67.37862],[23.73947,67.34961],[23.759,67.34914],[23.77465,67.33743],[23.74883,67.32174],[23.72311,67.28268],[23.60652,67.2738],[23.56223,67.26206],[23.56946,67.25215],[23.55151,67.24824],[23.56228,67.2373],[23.54626,67.22519],[23.59587,67.20754],[23.58794,67.1907],[23.55127,67.17146],[23.65505,67.10344],[23.67062,67.06682],[23.71311,67.04397],[23.73769,67.01841],[23.81749,66.97915],[23.82853,66.96124],[23.86179,66.95435],[23.86436,66.91907],[23.88926,66.90723],[23.47422,66.95101],[23.48524,66.93609],[23.47399,66.93577],[23.46322,66.95216],[23.25318,66.97379],[23.41951,66.68568],[23.2177,66.67352],[23.18755,66.70034],[23.20549,66.67278],[23.03173,66.65847],[22.99954,66.65899],[22.93579,66.6737],[22.94612,66.66153],[22.93348,66.65958],[22.91758,66.6778],[22.80959,66.70268],[22.78683,66.72155],[22.76973,66.71828],[22.78645,66.70795],[22.46977,66.77583],[22.42706,66.80861],[22.41733,66.79445],[22.38879,66.7922],[22.13422,66.8432],[22.19898,66.91931],[21.8452,67.27088],[21.99171,67.3776],[21.99421,67.37334],[22.00307,67.37617],[21.99401,67.37927],[22.22052,67.5718],[22.21017,67.57396],[22.22551,67.57543],[22.31599,67.64017],[22.33293,67.63674],[22.34183,67.64323],[22.3253,67.64666],[22.46464,67.74589],[22.81309,67.83866],[23.28645,68.15446]]]}},{"type":"Feature","id":"2523","properties":{"code":"2523"},"geometry":{"type":"Polygon","coordinates":[[[17.28152,68.11881],[17.66475,68.03838],[17.89976,67.96937],[18.35186,67.85431],[18.78597,67.85235],[18.85256,67.84447],[19.00505,67.85719],[19.23701,67.84809],[19.32165,67.85628],[19.40816,67.85218],[19.53831,67.83231],[19.63579,67.82808],[19.64187,67.82095],[19.70199,67.81322],[19.78131,67.8149],[19.87296,67.7866],[19.95181,67.77371],[20.00913,67.74582],[20.04219,67.74271],[20.08275,67.74998],[20.11795,67.74754],[20.16474,67.73079],[20.22286,67.72176],[20.332,67.73485],[20.40898,67.7019],[20.52421,67.68232],[20.70429,67.63933],[20.71497,67.63012],[20.91334,67.56294],[20.91599,67.55486],[20.96961,67.53269],[21.01029,67.52422],[21.09069,67.49041],[21.26397,67.47323],[21.355,67.48475],[21.36395,67.47887],[21.36987,67.48034],[21.40071,67.4717],[21.41541,67.47189],[21.41809,67.4692],[21.44554,67.46539],[21.4188,67.47033],[21.46616,67.47499],[21.53764,67.46201],[21.74386,67.45248],[21.73973,67.44697],[21.74626,67.45236],[21.7849,67.45043],[21.89108,67.41982],[21.91889,67.39863],[21.88599,67.38885],[21.96226,67.35616],[21.8452,67.27088],[22.19898,66.91931],[22.12671,66.8339],[22.1639,66.81225],[22.1379,66.80308],[22.10705,66.80965],[22.04422,66.73198],[21.97078,66.66927],[22.12247,66.60571],[22.11214,66.60036],[22.12203,66.59984],[22.10969,66.45651],[21.63894,66.38445],[21.37852,66.30025],[21.27413,66.27859],[21.24556,66.3096],[21.25773,66.30763],[21.24317,66.3122],[20.96153,66.6225],[20.63276,66.73601],[20.28985,66.82929],[19.8312,66.97531],[19.78415,67.04373],[19.66209,67.0946],[19.51016,67.14563],[19.31301,67.15419],[19.0898,67.27911],[18.98975,67.30404],[18.92463,67.30671],[18.8783,67.35234],[18.78263,67.38562],[18.70353,67.40509],[18.63439,67.39686],[18.61827,67.40496],[18.57294,67.41044],[18.48807,67.40278],[18.38949,67.44154],[18.33988,67.48011],[18.31077,67.47874],[18.25392,67.49913],[18.14592,67.56111],[18.10474,67.57305],[17.96968,67.58603],[17.90142,67.5868],[17.86152,67.61179],[17.82428,67.62154],[17.74853,67.63486],[17.62877,67.64286],[17.5785,67.6574],[17.45129,67.6763],[17.43287,67.71407],[17.36524,67.71778],[17.30024,67.73331],[17.2524,67.77444],[17.15426,67.80592],[17.09102,67.80262],[17.07621,67.81273],[17.02514,67.81966],[16.98201,67.84366],[16.86362,67.88006],[16.78602,67.89948],[16.73253,67.90578],[16.73812,67.91421],[16.92985,67.97732],[17.18051,68.05046],[17.28152,68.11881]]]}},{"type":"Feature","id":"2560","properties":{"code":"2560"},"geometry":{"type":"Polygon","coordinates":[[[21.20658,65.73626],[21.35833,65.65836],[21.14419,65.60029],[21.18877,65.5689],[21.17659,65.56588],[21.1876,65.55808],[21.16085,65.56206],[21.12356,65.55046],[21.12148,65.53594],[21.09568,65.55297],[21.07771,65.53637],[21.05325,65.52887],[21.05881,65.52368],[20.99543,65.50996],[20.96867,65.53168],[20.9427,65.50941],[20.88323,65.53543],[20.76478,65.55316],[20.75771,65.5598],[20.73994,65.55399],[20.69262,65.5702],[20.70395,65.57637],[20.63876,65.58397],[20.52502,65.62786],[20.4903,65.60014],[20.45867,65.61165],[20.39332,65.59249],[20.35108,65.59626],[20.31132,65.60808],[20.29696,65.63323],[20.28809,65.60341],[20.20608,65.59392],[20.10841,65.8475],[20.36229,66.01454],[20.7017,65.92182],[20.89966,65.8597],[21.20658,65.73626]]]}},{"type":"Feature","id":"2580","properties":{"code":"2580"},"geometry":{"type":"Polygon","coordinates":[[[23.08975,65.28446],[23.07686,65.23429],[23.03652,65.18876],[22.97132,65.14864],[22.89859,65.12038],[22.81363,65.09905],[22.73613,65.08725],[22.62204,65.08053],[22.49896,65.08643],[22.45128,65.06965],[21.93748,65.36231],[21.91506,65.39814],[21.82611,65.45475],[21.7345,65.47983],[21.48987,65.59132],[21.38643,65.61782],[21.37999,65.6457],[21.33572,65.67162],[21.46423,65.69056],[21.48226,65.66329],[21.53027,65.69908],[21.51996,65.70014],[21.51173,65.70548],[21.52326,65.70038],[21.54479,65.7125],[21.52848,65.71728],[21.5628,65.70896],[21.60313,65.68025],[21.64621,65.66836],[21.80009,65.69718],[21.7845,65.71154],[21.92858,65.75292],[21.88933,65.78278],[21.88983,65.80121],[21.9118,65.805],[21.90326,65.80831],[21.91604,65.80583],[21.97542,65.81698],[21.96087,65.82625],[21.98226,65.81827],[22.0001,65.82636],[22.03719,65.82943],[22.04185,65.84292],[22.01124,65.87255],[22.10792,65.84497],[22.11481,65.84851],[22.04947,65.87945],[21.96822,65.94444],[21.86835,65.9573],[21.85129,65.97851],[21.85618,65.98996],[21.88187,65.99107],[21.89114,66.0017],[21.90418,65.99793],[21.93978,66.03731],[21.97695,66.056],[22.01363,66.06059],[22.00823,66.07322],[22.03626,66.07013],[22.03111,66.08466],[22.07524,66.08688],[22.07072,66.11074],[22.02316,66.10848],[21.98966,66.14999],[21.96931,66.15473],[21.97783,66.16047],[21.99115,66.15458],[22.01862,66.15718],[22.02453,66.17404],[22.06148,66.18343],[22.03156,66.20274],[22.02653,66.24008],[22.08244,66.2547],[22.06426,66.26794],[22.1464,66.28328],[22.42612,66.06473],[22.48887,65.99187],[22.542,65.95629],[22.54071,65.92524],[22.62047,65.8035],[22.65757,65.77561],[22.6042,65.74897],[22.65199,65.7256],[22.69221,65.73394],[22.71079,65.7308],[22.71697,65.71032],[22.74542,65.70911],[22.74772,65.69814],[22.80195,65.69809],[22.83463,65.69117],[23.13834,65.28809],[23.08975,65.28446]]]}},{"type":"Feature","id":"2581","properties":{"code":"2581"},"geometry":{"type":"Polygon","coordinates":[[[21.2659,65.16349],[20.80554,65.20928],[20.10996,65.34571],[19.89482,65.38095],[19.6288,65.4516],[19.69758,65.52626],[19.75739,65.53587],[20.02503,65.50329],[20.21717,65.56505],[20.20608,65.59392],[20.28809,65.60341],[20.29176,65.62566],[20.30005,65.62581],[20.29828,65.62649],[20.29374,65.63101],[20.29696,65.63323],[20.31132,65.60808],[20.35108,65.59626],[20.39332,65.59249],[20.45867,65.61165],[20.4903,65.60014],[20.52502,65.62786],[20.63876,65.58397],[20.70395,65.57637],[20.69262,65.5702],[20.73994,65.55399],[20.75771,65.5598],[20.76478,65.55316],[20.88323,65.53543],[20.9427,65.50941],[20.96867,65.53168],[20.99543,65.50996],[21.05881,65.52368],[21.05325,65.52887],[21.07771,65.53637],[21.09568,65.55297],[21.12148,65.53594],[21.12356,65.55046],[21.16085,65.56206],[21.1876,65.55808],[21.17659,65.56588],[21.18877,65.5689],[21.14419,65.60029],[21.35833,65.65836],[21.37999,65.6457],[21.38643,65.61782],[21.48987,65.59132],[21.7345,65.47983],[21.82611,65.45475],[21.91506,65.39814],[21.93748,65.36231],[22.45128,65.06965],[22.18266,64.97451],[21.94545,64.90236],[21.48798,65.08557],[21.31877,65.1359],[21.2659,65.16349]]]}},{"type":"Feature","id":"2582","properties":{"code":"2582"},"geometry":{"type":"Polygon","coordinates":[[[21.7845,65.71154],[21.80009,65.69718],[21.64621,65.66836],[21.60313,65.68025],[21.5628,65.70896],[21.5349,65.71741],[21.5345,65.71747],[21.53409,65.71746],[21.52947,65.71711],[21.52848,65.71728],[21.54479,65.7125],[21.52326,65.70038],[21.52018,65.70066],[21.51465,65.70438],[21.51173,65.70548],[21.51996,65.70014],[21.53027,65.69908],[21.48226,65.66329],[21.46423,65.69056],[21.33572,65.67162],[21.20658,65.73626],[20.89966,65.8597],[20.7017,65.92182],[20.36229,66.01454],[20.71268,66.30912],[20.70347,66.31599],[20.71791,66.31325],[20.77221,66.35786],[20.99805,66.39264],[21.27413,66.27859],[21.37852,66.30025],[21.63894,66.38445],[21.94666,66.43231],[22.1464,66.28328],[22.06426,66.26794],[22.08244,66.2547],[22.02653,66.24008],[22.03156,66.20274],[22.06148,66.18343],[22.02453,66.17404],[22.01862,66.15718],[21.99115,66.15458],[21.97783,66.16047],[21.96931,66.15473],[21.98966,66.14999],[22.02316,66.10848],[22.07072,66.11074],[22.07524,66.08688],[22.03111,66.08466],[22.03626,66.07013],[22.00823,66.07322],[22.01363,66.06059],[21.97695,66.056],[21.93978,66.03731],[21.90418,65.99793],[21.89114,66.0017],[21.88187,65.99107],[21.85618,65.98996],[21.85129,65.97851],[21.86835,65.9573],[21.96822,65.94444],[22.04947,65.87945],[22.11481,65.84851],[22.10792,65.84497],[22.01124,65.87255],[22.04185,65.84292],[22.03719,65.82943],[22.0001,65.82636],[21.98226,65.81827],[21.96087,65.82625],[21.97542,65.81698],[21.90186,65.80778],[21.9118,65.805],[21.88983,65.80121],[21.88933,65.78278],[21.92858,65.75292],[21.7845,65.71154]]]}},{"type":"Feature","id":"2583","properties":{"code":"2583"},"geometry":{"type":"Polygon","coordinates":[[[24.0397,65.96907],[24.08844,65.93122],[24.11793,65.92674],[24.11555,65.89866],[24.15294,65.86258],[24.13162,65.86315],[24.12556,65.85778],[24.15532,65.8155],[24.12755,65.77838],[24.17218,65.72528],[24.16487,65.69549],[24.17768,65.66036],[24.13275,65.51537],[23.91203,65.36541],[23.8576,65.35638],[23.57861,65.62075],[23.60889,65.64617],[23.62198,65.69084],[23.60857,65.7723],[23.57008,65.78333],[23.59949,65.86809],[23.39983,66.01492],[23.33205,66.04654],[23.52677,66.09019],[23.53316,66.08427],[23.55757,66.08798],[23.54643,66.09455],[23.56041,66.09163],[23.57791,66.09588],[23.57192,66.10024],[23.59908,66.10631],[23.60364,66.10205],[23.60013,66.10655],[23.6596,66.11969],[23.6923,66.08874],[23.70223,66.09017],[23.68448,66.09845],[23.77473,66.11268],[23.75005,66.13933],[23.89143,66.16777],[23.91821,66.16141],[23.93,66.14977],[23.91405,66.13613],[23.94154,66.11991],[23.93833,66.07672],[24.04601,66.00125],[24.0529,65.97459],[24.0397,65.96907]]]}},{"type":"Feature","id":"2584","properties":{"code":"2584"},"geometry":{"type":"Polygon","coordinates":[[[18.62122,68.50696],[18.9838,68.51696],[19.9214,68.35601],[19.97796,68.38816],[20.22654,68.49081],[20.02588,68.53081],[19.9375,68.55794],[20.05225,68.59107],[20.20284,68.66592],[20.33587,68.80231],[20.30659,68.92618],[20.06005,69.04576],[20.54864,69.05997],[20.62754,69.04584],[20.70274,69.04448],[20.77492,69.03265],[20.81114,69.01884],[20.83466,68.99622],[20.87994,68.98665],[20.91167,68.96874],[20.89235,68.94167],[20.86632,68.94362],[20.84354,68.93646],[20.85185,68.92377],[20.88023,68.91859],[20.9034,68.90028],[20.87805,68.89352],[20.90239,68.89112],[20.93277,68.89862],[20.98069,68.89126],[20.99667,68.89675],[21.02625,68.8821],[21.07672,68.87148],[21.07805,68.86492],[21.12862,68.85358],[21.18427,68.82523],[21.23665,68.81296],[21.29899,68.76239],[21.32581,68.75919],[21.36167,68.76718],[21.39042,68.76477],[21.41255,68.74836],[21.41268,68.71093],[21.42981,68.69159],[21.5008,68.6766],[21.55498,68.67763],[21.62371,68.66234],[21.62834,68.65429],[21.70951,68.62546],[21.69585,68.61049],[21.71743,68.5903],[21.77698,68.58555],[21.84213,68.59122],[21.86466,68.58377],[21.88894,68.58438],[22.00629,68.53307],[21.996,68.52171],[22.04272,68.47985],[22.11545,68.48214],[22.12742,68.47186],[22.15246,68.47011],[22.19274,68.48022],[22.22237,68.47299],[22.25208,68.48236],[22.28244,68.47851],[22.29671,68.48391],[22.34812,68.48209],[22.34261,68.44465],[22.4022,68.46594],[22.43347,68.46483],[22.46829,68.4413],[22.50615,68.44222],[22.55567,68.43414],[22.57241,68.42217],[22.6392,68.4343],[22.64536,68.41706],[22.67851,68.41158],[22.68665,68.39988],[22.72473,68.3945],[22.73429,68.38507],[22.76522,68.38512],[22.79978,68.39358],[22.84461,68.38334],[22.83438,68.3678],[22.84526,68.3607],[22.89415,68.34845],[22.91608,68.33381],[22.97171,68.33226],[22.98753,68.3199],[23.05663,68.30738],[23.0701,68.30029],[23.06398,68.28097],[23.07719,68.26695],[23.11283,68.25149],[23.14349,68.24683],[23.14193,68.20342],[23.16207,68.19787],[23.14153,68.18146],[23.15239,68.13673],[23.16986,68.13307],[23.20949,68.14579],[23.2511,68.14931],[23.25934,68.15677],[23.28645,68.15446],[22.81309,67.83866],[22.46464,67.74589],[22.3253,67.64666],[22.34183,67.64323],[22.33293,67.63674],[22.31599,67.64017],[22.22551,67.57543],[22.21017,67.57396],[22.22052,67.5718],[21.99401,67.37927],[22.00307,67.37617],[21.99421,67.37334],[21.99171,67.3776],[21.96226,67.35616],[21.88599,67.38885],[21.91835,67.39779],[21.9084,67.41261],[21.86338,67.42912],[21.84159,67.43013],[21.80216,67.44819],[21.74626,67.45236],[21.73973,67.44697],[21.74386,67.45248],[21.53764,67.46201],[21.46616,67.47499],[21.4188,67.47033],[21.44448,67.4681],[21.45026,67.46582],[21.44554,67.46539],[21.36395,67.47887],[21.355,67.48475],[21.26239,67.47328],[21.06786,67.49488],[21.06388,67.50446],[20.96996,67.53256],[20.91599,67.55486],[20.91334,67.56294],[20.77481,67.60732],[20.77308,67.61379],[20.71497,67.63012],[20.70429,67.63933],[20.52421,67.68232],[20.40898,67.7019],[20.332,67.73485],[20.22286,67.72176],[20.16474,67.73079],[20.11795,67.74754],[20.08275,67.74998],[20.04219,67.74271],[20.00913,67.74582],[19.95181,67.77371],[19.87296,67.7866],[19.78131,67.8149],[19.70199,67.81322],[19.64187,67.82095],[19.63579,67.82808],[19.48443,67.83762],[19.40816,67.85218],[19.32165,67.85628],[19.23701,67.84809],[19.00505,67.85719],[18.85256,67.84447],[18.78597,67.85235],[18.35186,67.85431],[17.89976,67.96937],[18.15136,68.19879],[18.10109,68.40604],[18.12592,68.53651],[18.40569,68.58188],[18.62122,68.50696]]]}}]}