org_nr,checked,status
556000-0043,2026-10-09,not_real_estate
556000-0472,2026-10-09,no_digital_report
556000-1074,2026-10-09,not_real_estate
556000-1348,2026-10-09,not_real_estate
556000-1991,2026-10-09,not_real_estate
556000-2205,2026-10-09,no_digital_report
556000-4508,2026-10-09,no_digital_report
556000-5539,2026-10-09,no_digital_report
556000-6057,2026-10-09,not_real_estate
556000-6628,2026-10-09,below_threshold
556000-6834,2026-10-09,not_real_estate
556000-7089,2026-10-09,not_real_estate
556001-0182,2026-10-09,not_real_estate
556001-2022,2026-10-09,not_real_estate
556001-2832,2026-10-09,no_digital_report
556001-6817,2026-10-09,below_threshold
556001-7369,2026-10-09,no_digital_report
556001-9399,2026-10-09,below_threshold
556002-0017,2026-10-09,below_threshold
556002-1387,2026-10-09,not_real_estate
556002-2906,2026-10-09,not_real_estate
556002-2971,2026-10-09,no_digital_report
556002-4258,2026-10-09,no_digital_report
556002-6766,2026-10-09,not_real_estate
556002-8713,2026-10-09,no_digital_report
556003-1097,2026-10-09,no_digital_report
556003-3143,2026-10-09,not_real_estate
556003-3457,2026-10-09,not_real_estate
556003-3978,2026-10-09,below_threshold
556004-0130,2026-10-09,no_digital_report
556004-0452,2026-10-09,no_digital_report
556004-3068,2026-10-09,no_digital_report
556004-4892,2026-10-09,not_real_estate
556004-5212,2026-10-09,no_digital_report
556004-5873,2026-10-09,no_digital_report
556004-7127,2026-10-09,below_threshold
556004-9529,2026-10-09,below_threshold
556004-9545,2026-10-09,not_real_estate
556005-0121,2026-10-09,not_real_estate
556005-0360,2026-10-09,no_digital_report
556005-3331,2026-10-09,below_threshold
556005-9759,2026-10-09,not_real_estate
556006-0591,2026-10-09,not_real_estate
556006-4973,2026-10-09,no_digital_report
556006-8602,2026-10-09,not_real_estate
556006-8701,2026-10-09,below_threshold
556006-9584,2026-10-09,no_digital_report
556006-9816,2026-10-09,not_real_estate
556007-0756,2026-10-09,not_real_estate
556007-3115,2026-10-09,not_real_estate
556007-3149,2026-10-09,no_digital_report
556007-3800,2026-10-09,not_real_estate
556007-3842,2026-10-09,not_real_estate
556007-4626,2026-10-09,not_real_estate
556007-5011,2026-10-09,not_real_estate
556007-7041,2026-10-09,not_real_estate
556007-7256,2026-10-09,no_digital_report
556007-9823,2026-10-09,no_digital_report
556007-9997,2026-10-09,no_digital_report
556008-2330,2026-10-09,no_digital_report
556008-5424,2026-10-09,not_real_estate
556008-7305,2026-10-09,no_digital_report
556008-7743,2026-10-09,not_real_estate
556008-8535,2026-10-09,no_digital_report
556009-2222,2026-10-09,not_real_estate
556009-3998,2026-10-09,not_real_estate
556009-4236,2026-10-09,kept
556009-7908,2026-10-09,not_real_estate
556009-8435,2026-10-09,below_threshold
556009-8849,2026-10-09,no_digital_report
556009-9565,2026-10-09,no_digital_report
556009-9581,2026-10-09,no_digital_report
556010-0025,2026-10-09,not_real_estate
556010-6675,2026-10-09,not_real_estate
556010-6717,2026-10-09,below_threshold
556010-8945,2026-10-09,no_digital_report
556010-9356,2026-10-09,not_real_estate
556010-9521,2026-10-09,not_real_estate
556011-0743,2026-10-09,not_real_estate
556011-1386,2026-10-09,not_real_estate
556011-3465,2026-10-09,not_real_estate
556011-4919,2026-10-09,no_digital_report
556011-8506,2026-10-09,not_real_estate
556011-8696,2026-10-09,below_threshold
556012-2870,2026-10-09,no_digital_report
556012-3233,2026-10-09,no_digital_report
556012-3704,2026-10-09,no_digital_report
556012-4603,2026-10-09,not_real_estate
556012-4645,2026-10-09,not_real_estate
556012-6806,2026-10-09,no_digital_report
556012-6830,2026-10-09,below_threshold
556012-7937,2026-10-09,below_threshold
556012-8422,2026-10-09,not_real_estate
556013-0998,2026-10-09,not_real_estate
556013-1459,2026-10-09,not_real_estate
556013-2432,2026-10-09,no_digital_report
556013-2838,2026-10-09,no_digital_report
556013-4586,2026-10-09,no_digital_report
556013-4644,2026-10-09,no_digital_report
556013-5864,2026-10-09,not_real_estate
556013-6391,2026-10-09,not_real_estate
556014-0245,2026-10-09,no_digital_report
556014-1342,2026-10-09,not_real_estate
556014-4411,2026-10-09,no_digital_report
556014-5251,2026-10-09,no_digital_report
556014-5277,2026-10-09,not_real_estate
556014-5657,2026-10-09,no_digital_report
556014-6416,2026-10-09,no_digital_report
556014-6739,2026-10-09,not_real_estate
556014-7802,2026-10-09,no_digital_report
556014-9733,2026-10-09,below_threshold
556014-9758,2026-10-09,no_digital_report
556015-1317,2026-10-09,not_real_estate
556015-1895,2026-10-09,not_real_estate
556015-2547,2026-10-09,not_real_estate
556015-2612,2026-10-09,not_real_estate
556015-2869,2026-10-09,no_digital_report
556015-3354,2026-10-09,not_real_estate
556015-3693,2026-10-09,below_threshold
556015-4683,2026-10-09,below_threshold
556015-6811,2026-10-09,no_digital_report
556015-8239,2026-10-09,no_digital_report
556015-8767,2026-10-09,not_real_estate
556016-1183,2026-10-09,not_real_estate
556016-1803,2026-10-09,not_real_estate
556016-3049,2026-10-09,not_real_estate
556016-6638,2026-10-09,no_digital_report
556016-9103,2026-10-09,not_real_estate
556017-1265,2026-10-09,no_digital_report
556017-1729,2026-10-09,not_real_estate
556017-6488,2026-10-09,not_real_estate
556017-8161,2026-10-09,below_threshold
556018-0225,2026-10-09,no_digital_report
556018-5018,2026-10-09,not_real_estate
556018-5075,2026-10-09,not_real_estate
556018-5158,2026-10-09,not_real_estate
556018-7238,2026-10-09,no_digital_report
556018-7527,2026-10-09,not_real_estate
556019-1750,2026-10-09,not_real_estate
556019-1990,2026-10-09,no_digital_report
556019-2287,2026-10-09,below_threshold
556019-4358,2026-10-09,no_digital_report
556019-5405,2026-10-09,no_digital_report
556019-6510,2026-10-09,no_digital_report
556019-8854,2026-10-09,not_real_estate
556020-2250,2026-10-09,no_digital_report
556020-2342,2026-10-09,below_threshold
556020-3472,2026-10-09,not_real_estate
556020-4801,2026-10-09,below_threshold
556020-5535,2026-10-09,below_threshold
556020-6517,2026-10-09,not_real_estate
556020-7119,2026-10-09,not_real_estate
556020-9107,2026-10-09,not_real_estate
556021-0055,2026-10-09,not_real_estate
556021-2333,2026-10-09,below_threshold
556021-2556,2026-10-09,not_real_estate
556021-5211,2026-10-09,below_threshold
556021-6524,2026-10-09,not_real_estate
556021-8603,2026-10-09,not_real_estate
556022-0211,2026-10-09,no_digital_report
556022-3447,2026-10-09,no_digital_report
556022-4825,2026-10-09,no_digital_report
556022-6036,2026-10-09,not_real_estate
556022-7646,2026-10-09,below_threshold
556023-0202,2026-10-09,not_real_estate
556023-0673,2026-10-09,no_digital_report
556023-0780,2026-10-09,not_real_estate
556023-1267,2026-10-09,not_real_estate
556023-1663,2026-10-09,not_real_estate
556023-4238,2026-10-09,not_real_estate
556023-4691,2026-10-09,no_digital_report
556023-5854,2026-10-09,no_digital_report
556023-5920,2026-10-09,not_real_estate
556023-6514,2026-10-09,below_threshold
556023-6712,2026-10-09,not_real_estate
556023-7611,2026-10-09,below_threshold
556023-7793,2026-10-09,not_real_estate
556023-9260,2026-10-09,no_digital_report
556024-0045,2026-10-09,no_digital_report
556024-0078,2026-10-09,no_digital_report
556024-2082,2026-10-09,not_real_estate
556024-2801,2026-10-09,no_digital_report
556024-4807,2026-10-09,not_real_estate
556024-5689,2026-10-09,no_digital_report
556024-6141,2026-10-09,not_real_estate
556024-6893,2026-10-09,no_digital_report
556024-7966,2026-10-09,not_real_estate
556024-8105,2026-10-09,no_digital_report
556024-8527,2026-10-09,not_real_estate
556024-8782,2026-10-09,no_digital_report
556024-9731,2026-10-09,not_real_estate
556025-2677,2026-10-09,no_digital_report
556025-4731,2026-10-09,not_real_estate
556025-5332,2026-10-09,no_digital_report
556025-6025,2026-10-09,no_digital_report
556025-6090,2026-10-09,not_real_estate
556025-6702,2026-10-09,not_real_estate
556025-7387,2026-10-09,not_real_estate
556025-8278,2026-10-09,no_digital_report
556025-9243,2026-10-09,not_real_estate
556025-9987,2026-10-09,not_real_estate
556026-0415,2026-10-09,not_real_estate
556026-0613,2026-10-09,not_real_estate
556026-4987,2026-10-09,no_digital_report
556026-6487,2026-10-09,not_real_estate
556026-7113,2026-10-09,below_threshold
556026-8020,2026-10-09,no_digital_report
556026-9150,2026-10-09,not_real_estate
556026-9473,2026-10-09,no_digital_report
556027-2972,2026-10-09,no_digital_report
556027-3525,2026-10-09,no_digital_report
556027-4929,2026-10-09,not_real_estate
556027-5694,2026-10-09,below_threshold
556027-5785,2026-10-09,not_real_estate
556027-6163,2026-10-09,below_threshold
556027-8672,2026-10-09,no_digital_report
556027-9134,2026-10-09,not_real_estate
556027-9480,2026-10-09,no_digital_report
556028-2708,2026-10-09,no_digital_report
556028-3904,2026-10-09,no_digital_report
556028-5156,2026-10-09,no_digital_report
556028-5941,2026-10-09,not_real_estate
556028-7137,2026-10-09,below_threshold
556028-8317,2026-10-09,not_real_estate
556028-8648,2026-10-09,not_real_estate
556029-0248,2026-10-09,no_digital_report
556029-2202,2026-10-09,not_real_estate
556029-5171,2026-10-09,below_threshold
556029-8274,2026-10-09,no_digital_report
556029-9124,2026-10-09,not_real_estate
556029-9900,2026-10-09,no_digital_report
556030-0575,2026-10-09,no_digital_report
556030-1177,2026-10-09,below_threshold
556030-2142,2026-10-09,not_real_estate
556030-2506,2026-10-09,no_digital_report
556030-2746,2026-10-09,no_digital_report
556030-2787,2026-10-09,no_digital_report
556030-3413,2026-10-09,below_threshold
556030-4668,2026-10-09,kept
556030-6663,2026-10-09,not_real_estate
556030-6853,2026-10-09,no_digital_report
556030-7471,2026-10-09,not_real_estate
556030-8412,2026-10-09,no_digital_report
556031-1002,2026-10-09,not_real_estate
556031-1705,2026-10-09,below_threshold
556031-2356,2026-10-09,not_real_estate
556031-3040,2026-10-09,below_threshold
556031-4915,2026-10-09,not_real_estate
556031-7561,2026-10-09,no_digital_report
556031-8080,2026-10-09,not_real_estate
556031-8288,2026-10-09,no_digital_report
556031-8320,2026-10-09,below_threshold
556031-8791,2026-10-09,no_digital_report
556032-0599,2026-10-09,no_digital_report
556032-3395,2026-10-09,no_digital_report
556032-5127,2026-10-09,no_digital_report
556032-5895,2026-10-09,not_real_estate
556032-6281,2026-10-09,below_threshold
556032-6323,2026-10-09,below_threshold
556032-7123,2026-10-09,below_threshold
556032-7560,2026-10-09,no_digital_report
556032-8618,2026-10-09,no_digital_report
556032-9475,2026-10-09,not_real_estate
556033-0788,2026-10-09,not_real_estate
556033-0853,2026-10-09,not_real_estate
556033-1034,2026-10-09,not_real_estate
556033-1737,2026-10-09,below_threshold
556033-2891,2026-10-09,not_real_estate
556033-3261,2026-10-09,below_threshold
556033-4111,2026-10-09,not_real_estate
556033-5100,2026-10-09,not_real_estate
556033-6538,2026-10-09,no_digital_report
556033-7106,2026-10-09,no_digital_report
556033-7452,2026-10-09,no_digital_report
556033-8146,2026-10-09,not_real_estate
556034-0191,2026-10-09,no_digital_report
556034-1140,2026-10-09,no_digital_report
556034-1207,2026-10-09,no_digital_report
556034-1736,2026-10-09,not_real_estate
556034-1769,2026-10-09,not_real_estate
556034-2395,2026-10-09,not_real_estate
556034-3047,2026-10-09,not_real_estate
556034-4821,2026-10-09,not_real_estate
556034-6131,2026-10-09,not_real_estate
556034-6412,2026-10-09,not_real_estate
556034-7246,2026-10-09,no_digital_report
556034-7824,2026-10-09,no_digital_report
556034-8376,2026-10-09,not_real_estate
556034-8848,2026-10-09,not_real_estate
556034-9770,2026-10-09,below_threshold
556035-0067,2026-10-09,no_digital_report
556035-0273,2026-10-09,no_digital_report
556035-1511,2026-10-09,no_digital_report
556035-1636,2026-10-09,no_digital_report
556035-3160,2026-10-09,not_real_estate
556035-3624,2026-10-09,kept
556035-3632,2026-10-09,no_digital_report
556035-4168,2026-10-09,not_real_estate
556035-4408,2026-10-09,not_real_estate
556035-5322,2026-10-09,not_real_estate
556035-6874,2026-10-09,not_real_estate
556035-6890,2026-10-09,no_digital_report
556035-7260,2026-10-09,below_threshold
556036-0272,2026-10-09,below_threshold
556036-0322,2026-10-09,kept
556036-0900,2026-10-09,not_real_estate
556036-1254,2026-10-09,not_real_estate
556036-1262,2026-10-09,not_real_estate
556036-1379,2026-10-09,not_real_estate
556036-1742,2026-10-09,not_real_estate
556036-1999,2026-10-09,not_real_estate
556036-2617,2026-10-09,below_threshold
556036-3326,2026-10-09,not_real_estate
556036-3839,2026-10-09,below_threshold
556036-3920,2026-10-09,not_real_estate
556036-4522,2026-10-09,no_digital_report
556036-5941,2026-10-09,below_threshold
556036-6089,2026-10-09,no_digital_report
556036-6535,2026-10-09,not_real_estate
556036-7061,2026-10-09,not_real_estate
556036-7541,2026-10-09,no_digital_report
556036-8572,2026-10-09,not_real_estate
556037-0503,2026-10-09,not_real_estate
556037-2913,2026-10-09,kept
556037-3424,2026-10-09,no_digital_report
556037-3564,2026-10-09,not_real_estate
556037-4869,2026-10-09,not_real_estate
556037-5015,2026-10-09,no_digital_report
556037-5361,2026-10-09,not_real_estate
556037-7557,2026-10-09,not_real_estate
556037-7755,2026-10-09,no_digital_report
556037-7854,2026-10-09,below_threshold
556037-9744,2026-10-09,no_digital_report
556038-0437,2026-10-09,not_real_estate
556038-0528,2026-10-09,not_real_estate
556038-1211,2026-10-09,no_digital_report
556038-2599,2026-10-09,no_digital_report
556038-2961,2026-10-09,not_real_estate
556038-3076,2026-10-09,no_digital_report
556038-3951,2026-10-09,below_threshold
556038-4579,2026-10-09,no_digital_report
556038-4645,2026-10-09,not_real_estate
556038-4678,2026-10-09,not_real_estate
556038-4744,2026-10-09,not_real_estate
556038-5576,2026-10-09,below_threshold
556038-5873,2026-10-09,no_digital_report
556038-6103,2026-10-09,not_real_estate
556038-6467,2026-10-09,not_real_estate
556038-8257,2026-10-09,not_real_estate
556038-9867,2026-10-09,no_digital_report
556039-0410,2026-10-09,below_threshold
556039-0659,2026-10-09,not_real_estate
556039-1533,2026-10-09,not_real_estate
556039-1749,2026-10-09,not_real_estate
556039-2424,2026-10-09,no_digital_report
556039-2952,2026-10-09,not_real_estate
556039-3083,2026-10-09,not_real_estate
556039-3232,2026-10-09,not_real_estate
556039-3646,2026-10-09,not_real_estate
556039-4347,2026-10-09,not_real_estate
556039-5237,2026-10-09,no_digital_report
556039-5732,2026-10-09,not_real_estate
556039-6060,2026-10-09,not_real_estate
556039-6185,2026-10-09,no_digital_report
556039-6219,2026-10-09,not_real_estate
556039-6649,2026-10-09,not_real_estate
556039-7738,2026-10-09,no_digital_report
556039-8009,2026-10-09,below_threshold
556039-8256,2026-10-09,not_real_estate
556039-9007,2026-10-09,not_real_estate
556039-9437,2026-10-09,not_real_estate
556040-0185,2026-10-09,not_real_estate
556040-1597,2026-10-09,no_digital_report
556040-3189,2026-10-09,no_digital_report
556040-3916,2026-10-09,no_digital_report
556040-4708,2026-10-09,no_digital_report
556040-4971,2026-10-09,no_digital_report
556040-5846,2026-10-09,not_real_estate
556040-5887,2026-10-09,not_real_estate
556040-6265,2026-10-09,not_real_estate
556040-6315,2026-10-09,no_digital_report
556040-7958,2026-10-09,below_threshold
556040-8089,2026-10-09,no_digital_report
556040-8444,2026-10-09,kept
556040-8519,2026-10-09,below_threshold
556040-8659,2026-10-09,no_digital_report
556040-9582,2026-10-09,not_real_estate
556041-0911,2026-10-09,not_real_estate
556041-1950,2026-10-09,no_digital_report
556041-2610,2026-10-09,no_digital_report
556041-4582,2026-10-09,no_digital_report
556041-4749,2026-10-09,no_digital_report
556041-5100,2026-10-09,no_digital_report
556041-5746,2026-10-09,no_digital_report
556041-5795,2026-10-09,not_real_estate
556041-5969,2026-10-09,not_real_estate
556041-6132,2026-10-09,no_digital_report
556041-6579,2026-10-09,not_real_estate
556041-7221,2026-10-09,no_digital_report
556041-7296,2026-10-09,no_digital_report
556041-7742,2026-10-09,not_real_estate
556041-8054,2026-10-09,no_digital_report
556041-8229,2026-10-09,not_real_estate
556041-9169,2026-10-09,no_digital_report
556042-0662,2026-10-09,not_real_estate
556042-1355,2026-10-09,not_real_estate
556042-1587,2026-10-09,no_digital_report
556042-1793,2026-10-09,no_digital_report
556042-3807,2026-10-09,not_real_estate
556042-4128,2026-10-09,not_real_estate
556042-5422,2026-10-09,no_digital_report
556042-5927,2026-10-09,not_real_estate
556042-6347,2026-10-09,not_real_estate
556042-6701,2026-10-09,not_real_estate
556042-7253,2026-10-09,not_real_estate
556042-8046,2026-10-09,not_real_estate
556042-9549,2026-10-09,not_real_estate
556043-0851,2026-10-09,no_digital_report
556043-0943,2026-10-09,below_threshold
556043-2246,2026-10-09,no_digital_report
556043-2295,2026-10-09,no_digital_report
556043-3772,2026-10-09,no_digital_report
556043-4127,2026-10-09,no_digital_report
556043-4960,2026-10-09,not_real_estate
556043-5207,2026-10-09,not_real_estate
556043-5587,2026-10-09,not_real_estate
556043-5827,2026-10-09,not_real_estate
556043-6429,2026-10-09,no_digital_report
556043-6759,2026-10-09,not_real_estate
556043-6916,2026-10-09,below_threshold
556043-7294,2026-10-09,not_real_estate
556043-7641,2026-10-09,not_real_estate
556043-8557,2026-10-09,not_real_estate
556043-9787,2026-10-09,not_real_estate
556044-0264,2026-10-09,not_real_estate
556044-1593,2026-10-09,not_real_estate
556044-2377,2026-10-09,no_digital_report
556044-3094,2026-10-09,below_threshold
556044-3177,2026-10-09,no_digital_report
556044-5438,2026-10-09,not_real_estate
556044-5586,2026-10-09,not_real_estate
556044-6337,2026-10-09,not_real_estate
556044-6493,2026-10-09,not_real_estate
556044-6840,2026-10-09,below_threshold
556044-7319,2026-10-09,not_real_estate
556044-8085,2026-10-09,not_real_estate
556044-9216,2026-10-09,no_digital_report
556045-0206,2026-10-09,not_real_estate
556045-1006,2026-10-09,not_real_estate
556045-1485,2026-10-09,not_real_estate
556045-1618,2026-10-09,not_real_estate
556045-2301,2026-10-09,not_real_estate
556045-3002,2026-10-09,no_digital_report
556045-3804,2026-10-09,below_threshold
556045-5296,2026-10-09,not_real_estate
556045-5361,2026-10-09,not_real_estate
556045-5635,2026-10-09,not_real_estate
556045-5858,2026-10-09,no_digital_report
556045-6724,2026-10-09,not_real_estate
556045-6757,2026-10-09,below_threshold
556045-9520,2026-10-09,no_digital_report
556046-1369,2026-10-09,not_real_estate
556046-2466,2026-10-09,not_real_estate
556046-4355,2026-10-09,not_real_estate
556046-4363,2026-10-09,not_real_estate
556046-4413,2026-10-09,no_digital_report
556046-4421,2026-10-09,no_digital_report
556046-4470,2026-10-09,not_real_estate
556046-4587,2026-10-09,no_digital_report
556046-4686,2026-10-09,no_digital_report
556046-4918,2026-10-09,below_threshold
556046-5030,2026-10-09,not_real_estate
556046-6210,2026-10-09,below_threshold
556046-6582,2026-10-09,no_digital_report
556046-7481,2026-10-09,no_digital_report
556046-8406,2026-10-09,not_real_estate
556046-9164,2026-10-09,kept
556046-9594,2026-10-09,not_real_estate
556046-9834,2026-10-09,not_real_estate
556047-0303,2026-10-09,not_real_estate
556047-1012,2026-10-09,not_real_estate
556047-1046,2026-10-09,no_digital_report
556047-1087,2026-10-09,no_digital_report
556047-3125,2026-10-09,not_real_estate
556047-4743,2026-10-09,not_real_estate
556047-4966,2026-10-09,below_threshold
556047-5120,2026-10-09,not_real_estate
556047-5773,2026-10-09,no_digital_report
556047-5898,2026-10-09,not_real_estate
556047-5963,2026-10-09,below_threshold
556047-6235,2026-10-09,not_real_estate
556047-7621,2026-10-09,not_real_estate
556047-8330,2026-10-09,below_threshold
556047-8520,2026-10-09,no_digital_report
556047-9775,2026-10-09,no_digital_report
556048-0567,2026-10-09,not_real_estate
556048-0674,2026-10-09,no_digital_report
556048-1490,2026-10-09,below_threshold
556048-2019,2026-10-09,no_digital_report
556048-2167,2026-10-09,no_digital_report
556048-2308,2026-10-09,not_real_estate
556048-3421,2026-10-09,not_real_estate
556048-3892,2026-10-09,no_digital_report
556048-4148,2026-10-09,below_threshold
556048-4486,2026-10-09,no_digital_report
556048-5475,2026-10-09,not_real_estate
556048-5590,2026-10-09,no_digital_report
556048-8347,2026-10-09,not_real_estate
556048-8545,2026-10-09,no_digital_report
556049-0483,2026-10-09,no_digital_report
556049-1044,2026-10-09,below_threshold
556049-1291,2026-10-09,no_digital_report
556049-2737,2026-10-09,kept
556049-2752,2026-10-09,below_threshold
556049-4832,2026-10-09,kept
556049-4865,2026-10-09,no_digital_report
556049-5235,2026-10-09,not_real_estate
556049-5482,2026-10-09,below_threshold
556049-5680,2026-10-09,no_digital_report
556049-6464,2026-10-09,no_digital_report
556049-6787,2026-10-09,below_threshold
556049-7140,2026-10-09,no_digital_report
556049-7314,2026-10-09,not_real_estate
556049-7744,2026-10-09,below_threshold
556049-9153,2026-10-09,no_digital_report
556049-9658,2026-10-09,no_digital_report
556050-0380,2026-10-09,no_digital_report
556050-0646,2026-10-09,no_digital_report
556050-0745,2026-10-09,no_digital_report
556050-2113,2026-10-09,not_real_estate
556050-2683,2026-10-09,no_digital_report
556050-3095,2026-10-09,no_digital_report
556050-4044,2026-10-09,no_digital_report
556050-4341,2026-10-09,no_digital_report
556050-4630,2026-10-09,not_real_estate
556050-5082,2026-10-09,not_real_estate
556050-5363,2026-10-09,not_real_estate
556050-5645,2026-10-09,below_threshold
556050-5926,2026-10-09,below_threshold
556050-5959,2026-10-09,kept
556050-6411,2026-10-09,not_real_estate
556050-6817,2026-10-09,not_real_estate
556050-7625,2026-10-09,below_threshold
556050-7773,2026-10-09,not_real_estate
556050-8383,2026-10-09,below_threshold
556050-8516,2026-10-09,no_digital_report
556050-9134,2026-10-09,below_threshold
556050-9258,2026-10-09,no_digital_report
556050-9308,2026-10-09,below_threshold
556050-9795,2026-10-09,below_threshold
556050-9837,2026-10-09,not_real_estate
556051-0009,2026-10-09,below_threshold
556051-0355,2026-10-09,not_real_estate
556051-0561,2026-10-09,no_digital_report
556051-1494,2026-10-09,no_digital_report
556051-1502,2026-10-09,no_digital_report
556051-2013,2026-10-09,no_digital_report
556051-2096,2026-10-09,no_digital_report
556051-3169,2026-10-09,not_real_estate
556051-3268,2026-10-09,no_digital_report
556051-3300,2026-10-09,not_real_estate
556051-3417,2026-10-09,kept
556051-3631,2026-10-09,below_threshold
556051-5677,2026-10-09,below_threshold
556051-6634,2026-10-09,not_real_estate
556051-6691,2026-10-09,no_digital_report
556051-7202,2026-10-09,no_digital_report
556051-9364,2026-10-09,below_threshold
556051-9497,2026-10-09,not_real_estate
556052-0651,2026-10-09,kept
556052-0693,2026-10-09,no_digital_report
556052-1956,2026-10-09,no_digital_report
556052-2160,2026-10-09,not_real_estate
556052-2863,2026-10-09,not_real_estate
556052-3572,2026-10-09,not_real_estate
556052-4372,2026-10-09,not_real_estate
556052-5478,2026-10-09,not_real_estate
556052-5635,2026-10-09,not_real_estate
556052-5882,2026-10-09,no_digital_report
556052-6575,2026-10-09,no_digital_report
556052-7409,2026-10-09,no_digital_report
556052-7557,2026-10-09,not_real_estate
556052-8084,2026-10-09,below_threshold
556052-8381,2026-10-09,not_real_estate
556052-9736,2026-10-09,not_real_estate
556053-2508,2026-10-09,not_real_estate
556053-2797,2026-10-09,no_digital_report
556053-5253,2026-10-09,no_digital_report
556053-5659,2026-10-09,not_real_estate
556053-5907,2026-10-09,below_threshold
556053-6368,2026-10-09,not_real_estate
556053-6459,2026-10-09,not_real_estate
556053-7267,2026-10-09,no_digital_report
556053-9545,2026-10-09,not_real_estate
556054-0345,2026-10-09,no_digital_report
556054-1533,2026-10-09,no_digital_report
556054-3323,2026-10-09,not_real_estate
556054-4222,2026-10-09,below_threshold
556054-4867,2026-10-09,no_digital_report
556054-5658,2026-10-09,no_digital_report
556054-6060,2026-10-09,below_threshold
556054-7050,2026-10-09,no_digital_report
556054-7753,2026-10-09,no_digital_report
556054-8025,2026-10-09,below_threshold
556054-8033,2026-10-09,not_real_estate
556054-8322,2026-10-09,not_real_estate
556054-9247,2026-10-09,below_threshold
556055-0260,2026-10-09,no_digital_report
556055-0922,2026-10-09,not_real_estate
556055-3132,2026-10-09,no_digital_report
556055-3744,2026-10-09,below_threshold
556055-4403,2026-10-09,not_real_estate
556055-4460,2026-10-09,not_real_estate
556055-5855,2026-10-09,below_threshold
556055-5970,2026-10-09,below_threshold
556055-7356,2026-10-09,not_real_estate
556055-8966,2026-10-09,below_threshold
556055-9386,2026-10-09,not_real_estate
556055-9519,2026-10-09,no_digital_report
556056-0152,2026-10-09,not_real_estate
556056-1036,2026-10-09,not_real_estate
556056-1820,2026-10-09,below_threshold
556056-2687,2026-10-09,no_digital_report
556056-2711,2026-10-09,not_real_estate
556056-3677,2026-10-09,no_digital_report
556056-3792,2026-10-09,no_digital_report
556056-4196,2026-10-09,no_digital_report
556056-4568,2026-10-09,not_real_estate
556056-5276,2026-10-09,no_digital_report
556056-6126,2026-10-09,no_digital_report
556056-7744,2026-10-09,not_real_estate
556056-8734,2026-10-09,not_real_estate
556057-1639,2026-10-09,no_digital_report
556057-1936,2026-10-09,no_digital_report
556057-2124,2026-10-09,no_digital_report
556057-2371,2026-10-09,no_digital_report
556057-2975,2026-10-09,below_threshold
556057-3452,2026-10-09,not_real_estate
556057-3536,2026-10-09,not_real_estate
556057-3619,2026-10-09,no_digital_report
556057-3908,2026-10-09,not_real_estate
556057-4328,2026-10-09,not_real_estate
556057-4914,2026-10-09,not_real_estate
556057-5218,2026-10-09,not_real_estate
556057-6497,2026-10-09,no_digital_report
556057-7131,2026-10-09,not_real_estate
556057-7610,2026-10-09,no_digital_report
556057-7693,2026-10-09,not_real_estate
556057-8196,2026-10-09,no_digital_report
556057-9533,2026-10-09,no_digital_report
556057-9665,2026-10-09,no_digital_report
556058-0333,2026-10-09,not_real_estate
556058-1174,2026-10-09,no_digital_report
556058-1604,2026-10-09,not_real_estate
556058-2248,2026-10-09,not_real_estate
556058-2420,2026-10-09,no_digital_report
556058-2529,2026-10-09,below_threshold
556058-2925,2026-10-09,not_real_estate
556058-3212,2026-10-09,not_real_estate
556058-3709,2026-10-09,not_real_estate
556058-4400,2026-10-09,no_digital_report
556058-5571,2026-10-09,no_digital_report
556058-5795,2026-10-09,not_real_estate
556058-5928,2026-10-09,not_real_estate
556058-6058,2026-10-09,not_real_estate
556058-6090,2026-10-09,no_digital_report
556058-6306,2026-10-09,no_digital_report
556058-6595,2026-10-09,no_digital_report
556058-6603,2026-10-09,below_threshold
556058-7031,2026-10-09,not_real_estate
556058-7544,2026-10-09,no_digital_report
556058-7643,2026-10-09,kept
556058-7791,2026-10-09,no_digital_report
556058-8658,2026-10-09,below_threshold
556058-9284,2026-10-09,not_real_estate
556059-0100,2026-10-09,no_digital_report
556059-2288,2026-10-09,not_real_estate
556059-2304,2026-10-09,not_real_estate
556059-3252,2026-10-09,not_real_estate
556059-4375,2026-10-09,no_digital_report
556059-4714,2026-10-09,no_digital_report
556059-5257,2026-10-09,no_digital_report
556059-5430,2026-10-09,no_digital_report
556059-8210,2026-10-09,not_real_estate
556059-8285,2026-10-09,no_digital_report
556059-9721,2026-10-09,no_digital_report
556060-1394,2026-10-09,not_real_estate
556060-2699,2026-10-09,below_threshold
556060-3531,2026-10-09,not_real_estate
556060-3564,2026-10-09,not_real_estate
556060-4349,2026-10-09,not_real_estate
556060-4810,2026-10-09,no_digital_report
556060-5999,2026-10-09,not_real_estate
556060-6302,2026-10-09,below_threshold
556060-6435,2026-10-09,not_real_estate
556060-6443,2026-10-09,no_digital_report
556060-7508,2026-10-09,not_real_estate
556060-7714,2026-10-09,below_threshold
556060-8043,2026-10-09,not_real_estate
556060-9058,2026-10-09,not_real_estate
556060-9736,2026-10-09,no_digital_report
556060-9983,2026-10-09,below_threshold
556061-0072,2026-10-09,not_real_estate
556061-0445,2026-10-09,not_real_estate
556061-1724,2026-10-09,not_real_estate
556061-1757,2026-10-09,not_real_estate
556061-1765,2026-10-09,not_real_estate
556061-1880,2026-10-09,not_real_estate
556061-1997,2026-10-09,not_real_estate
556061-2490,2026-10-09,below_threshold
556061-3118,2026-10-09,no_digital_report
556061-3233,2026-10-09,not_real_estate
556061-3340,2026-10-09,below_threshold
556061-3837,2026-10-09,no_digital_report
556061-3951,2026-10-09,no_digital_report
556061-5014,2026-10-09,no_digital_report
556061-5527,2026-10-09,below_threshold
556061-5667,2026-10-09,no_digital_report
556061-7051,2026-10-09,no_digital_report
556061-7358,2026-10-09,not_real_estate
556061-7820,2026-10-09,below_threshold
556061-7879,2026-10-09,not_real_estate
556061-7929,2026-10-09,not_real_estate
556061-8414,2026-10-09,no_digital_report
556061-8968,2026-10-09,below_threshold
556061-9750,2026-10-09,not_real_estate
556061-9842,2026-10-09,not_real_estate
556062-0071,2026-10-09,below_threshold
556062-0162,2026-10-09,no_digital_report
556062-0196,2026-10-09,not_real_estate
556062-0576,2026-10-09,below_threshold
556062-1798,2026-10-09,no_digital_report
556062-1905,2026-10-09,below_threshold
556062-3521,2026-10-09,not_real_estate
556062-3612,2026-10-09,no_digital_report
556062-3984,2026-10-09,no_digital_report
556062-5948,2026-10-09,no_digital_report
556062-7019,2026-10-09,no_digital_report
556062-7878,2026-10-09,not_real_estate
556062-8553,2026-10-09,not_real_estate
556063-0450,2026-10-09,not_real_estate
556063-1441,2026-10-09,not_real_estate
556063-1540,2026-10-09,not_real_estate
556063-2522,2026-10-09,not_real_estate
556063-3462,2026-10-09,not_real_estate
556063-3496,2026-10-09,below_threshold
556063-3587,2026-10-09,below_threshold
556063-3686,2026-10-09,no_digital_report
556063-3769,2026-10-09,not_real_estate
556063-4700,2026-10-09,not_real_estate
556063-5038,2026-10-09,not_real_estate
556063-5871,2026-10-09,not_real_estate
556063-6051,2026-10-09,no_digital_report
556063-6150,2026-10-09,not_real_estate
556063-6200,2026-10-09,not_real_estate
556063-6325,2026-10-09,no_digital_report
556063-6549,2026-10-09,not_real_estate
556063-7919,2026-10-09,not_real_estate
556063-7950,2026-10-09,no_digital_report
556063-9683,2026-10-09,not_real_estate
556063-9816,2026-10-09,no_digital_report
556063-9998,2026-10-09,not_real_estate
556064-0848,2026-10-09,not_real_estate
556064-1671,2026-10-09,below_threshold
556064-2166,2026-10-09,not_real_estate
556064-2224,2026-10-09,no_digital_report
556064-2919,2026-10-09,not_real_estate
556064-3503,2026-10-09,below_threshold
556064-4105,2026-10-09,no_digital_report
556064-4501,2026-10-09,not_real_estate
556064-5813,2026-10-09,not_real_estate
556064-5888,2026-10-09,below_threshold
556064-6191,2026-10-09,no_digital_report
556064-6563,2026-10-09,not_real_estate
556064-6647,2026-10-09,not_real_estate
556064-6688,2026-10-09,no_digital_report
556064-7033,2026-10-09,below_threshold
556064-7165,2026-10-09,not_real_estate
556064-7264,2026-10-09,no_digital_report
556064-7322,2026-10-09,not_real_estate
556064-7348,2026-10-09,not_real_estate
556064-7405,2026-10-09,no_digital_report
556065-1183,2026-10-09,not_real_estate
556065-2363,2026-10-09,no_digital_report
556065-2702,2026-10-09,below_threshold
556065-2850,2026-10-09,below_threshold
556065-3247,2026-10-09,not_real_estate
556065-4724,2026-10-09,no_digital_report
556065-5424,2026-10-09,no_digital_report
556065-5689,2026-10-09,not_real_estate
556065-7321,2026-10-09,below_threshold
556065-8634,2026-10-09,below_threshold
556065-8956,2026-10-09,no_digital_report
556065-9202,2026-10-09,not_real_estate
556065-9442,2026-10-09,below_threshold
556065-9582,2026-10-09,not_real_estate
556066-0358,2026-10-09,no_digital_report
556066-0622,2026-10-09,below_threshold
556066-1059,2026-10-09,no_digital_report
556066-1109,2026-10-09,not_real_estate
556066-1414,2026-10-09,not_real_estate
556066-1729,2026-10-09,not_real_estate
556066-2065,2026-10-09,not_real_estate
556066-3600,2026-10-09,no_digital_report
556066-5217,2026-10-09,not_real_estate
556066-5431,2026-10-09,below_threshold
556066-5514,2026-10-09,no_digital_report
556066-5530,2026-10-09,not_real_estate
556066-5787,2026-10-09,not_real_estate
556066-7361,2026-10-09,no_digital_report
556066-8229,2026-10-09,not_real_estate
556066-9698,2026-10-09,kept
556066-9862,2026-10-09,not_real_estate
556067-0142,2026-10-09,not_real_estate
556067-0746,2026-10-09,not_real_estate
556067-2221,2026-10-09,no_digital_report
556067-2783,2026-10-09,not_real_estate
556067-3575,2026-10-09,below_threshold
556067-4144,2026-10-09,below_threshold
556067-4193,2026-10-09,below_threshold
556067-5125,2026-10-09,no_digital_report
556067-5893,2026-10-09,not_real_estate
556067-6982,2026-10-09,no_digital_report
556067-8558,2026-10-09,below_threshold
556067-9929,2026-10-09,below_threshold
556067-9952,2026-10-09,below_threshold
556068-0042,2026-10-09,not_real_estate
556068-1594,2026-10-09,not_real_estate
556068-1974,2026-10-09,not_real_estate
556068-2113,2026-10-09,not_real_estate
556068-3046,2026-10-09,no_digital_report
556068-4135,2026-10-09,not_real_estate
556068-4580,2026-10-09,below_threshold
556068-4937,2026-10-09,no_digital_report
556068-6957,2026-10-09,not_real_estate
556068-8300,2026-10-09,not_real_estate
556068-8607,2026-10-09,not_real_estate
556068-8839,2026-10-09,no_digital_report
556068-9191,2026-10-09,not_real_estate
556068-9837,2026-10-09,not_real_estate
556069-0033,2026-10-09,not_real_estate
556069-2039,2026-10-09,not_real_estate
556069-2724,2026-10-09,not_real_estate
556069-3805,2026-10-09,not_real_estate
556069-4035,2026-10-09,not_real_estate
556069-5511,2026-10-09,no_digital_report
556069-6485,2026-10-09,not_real_estate
556069-6816,2026-10-09,no_digital_report
556069-8366,2026-10-09,not_real_estate
556069-9133,2026-10-09,no_digital_report
556069-9539,2026-10-09,no_digital_report
556069-9869,2026-10-09,no_digital_report
556069-9943,2026-10-09,not_real_estate
556070-0121,2026-10-09,no_digital_report
556070-1103,2026-10-09,no_digital_report
556070-1558,2026-10-09,no_digital_report
556070-1715,2026-10-09,not_real_estate
556070-2572,2026-10-09,not_real_estate
556070-3604,2026-10-09,no_digital_report
556070-4701,2026-10-09,no_digital_report
556070-4743,2026-10-09,below_threshold
556070-5005,2026-10-09,no_digital_report
556070-5112,2026-10-09,no_digital_report
556070-5591,2026-10-09,not_real_estate
556070-6268,2026-10-09,not_real_estate
556070-6433,2026-10-09,no_digital_report
556070-6524,2026-10-09,not_real_estate
556070-8892,2026-10-09,not_real_estate
556070-9031,2026-10-09,not_real_estate
556070-9080,2026-10-09,not_real_estate
556071-0591,2026-10-09,not_real_estate
556071-0799,2026-10-09,not_real_estate
556071-1060,2026-10-09,not_real_estate
556071-1367,2026-10-09,no_digital_report
556071-1946,2026-10-09,not_real_estate
556071-2191,2026-10-09,no_digital_report
556071-2290,2026-10-09,not_real_estate
556071-2522,2026-10-09,not_real_estate
556071-4189,2026-10-09,below_threshold
556071-4601,2026-10-09,not_real_estate
556071-5889,2026-10-09,kept
556071-7604,2026-10-09,not_real_estate
556071-7943,2026-10-09,not_real_estate
556071-8248,2026-10-09,no_digital_report
556071-8420,2026-10-09,below_threshold
556071-8768,2026-10-09,not_real_estate
556071-8974,2026-10-09,below_threshold
556071-9055,2026-10-09,not_real_estate
556071-9154,2026-10-09,not_real_estate
556071-9170,2026-10-09,below_threshold
556071-9196,2026-10-09,no_digital_report
556072-0129,2026-10-09,not_real_estate
556072-0855,2026-10-09,not_real_estate
556072-1036,2026-10-09,not_real_estate
556072-1788,2026-10-09,not_real_estate
556072-2042,2026-10-09,no_digital_report
556072-2356,2026-10-09,below_threshold
556072-2414,2026-10-09,below_threshold
556072-3669,2026-10-09,no_digital_report
556072-3859,2026-10-09,below_threshold
556072-4154,2026-10-09,below_threshold
556072-4196,2026-10-09,not_real_estate
556072-4469,2026-10-09,below_threshold
556072-4493,2026-10-09,below_threshold
556072-6316,2026-10-09,not_real_estate
556072-6753,2026-10-09,no_digital_report
556072-9179,2026-10-09,not_real_estate
556073-0417,2026-10-09,no_digital_report
556073-2124,2026-10-09,below_threshold
556073-3171,2026-10-09,kept
556073-3569,2026-10-09,not_real_estate
556073-4245,2026-10-09,no_digital_report
556073-4443,2026-10-09,below_threshold
556073-4708,2026-10-09,no_digital_report
556073-5309,2026-10-09,no_digital_report
556073-5630,2026-10-09,not_real_estate
556073-6133,2026-10-09,no_digital_report
556073-6794,2026-10-09,not_real_estate
556073-7024,2026-10-09,below_threshold
556073-7206,2026-10-09,not_real_estate
556073-8782,2026-10-09,not_real_estate
556073-8857,2026-10-09,no_digital_report
556073-9137,2026-10-09,no_digital_report
556073-9202,2026-10-09,no_digital_report
556074-0739,2026-10-09,not_real_estate
556074-0895,2026-10-09,below_threshold
556074-1554,2026-10-09,not_real_estate
556074-2172,2026-10-09,no_digital_report
556074-2586,2026-10-09,no_digital_report
556074-3006,2026-10-09,not_real_estate
556074-3667,2026-10-09,kept
556074-3774,2026-10-09,not_real_estate
556074-4103,2026-10-09,not_real_estate
556074-4731,2026-10-09,not_real_estate
556074-5233,2026-10-09,no_digital_report
556074-7213,2026-10-09,no_digital_report
556074-7221,2026-10-09,no_digital_report
556074-8765,2026-10-09,kept
556074-9227,2026-10-09,below_threshold
556075-0266,2026-10-09,below_threshold
556075-1058,2026-10-09,not_real_estate
556075-2015,2026-10-09,below_threshold
556075-2924,2026-10-09,below_threshold
556075-3724,2026-10-09,not_real_estate
556075-3971,2026-10-09,not_real_estate
556075-4441,2026-10-09,not_real_estate
556075-4474,2026-10-09,not_real_estate
556075-5935,2026-10-09,not_real_estate
556075-6255,2026-10-09,not_real_estate
556075-6297,2026-10-09,not_real_estate
556075-6537,2026-10-09,not_real_estate
556075-6867,2026-10-09,not_real_estate
556075-7550,2026-10-09,not_real_estate
556075-7774,2026-10-09,no_digital_report
556075-8855,2026-10-09,no_digital_report
556075-9424,2026-10-09,no_digital_report
556075-9564,2026-10-09,not_real_estate
556075-9812,2026-10-09,no_digital_report
556076-0323,2026-10-09,no_digital_report
556076-1214,2026-10-09,not_real_estate
556076-2113,2026-10-09,not_real_estate
556076-4465,2026-10-09,not_real_estate
556076-6486,2026-10-09,not_real_estate
556076-6577,2026-10-09,not_real_estate
556076-6742,2026-10-09,no_digital_report
556076-7252,2026-10-09,below_threshold
556076-9175,2026-10-09,not_real_estate
556076-9548,2026-10-09,no_digital_report
556077-0256,2026-10-09,not_real_estate
556077-0306,2026-10-09,not_real_estate
556077-1288,2026-10-09,no_digital_report
556077-4407,2026-10-09,not_real_estate
556077-5016,2026-10-09,not_real_estate
556077-5040,2026-10-09,no_digital_report
556077-5396,2026-10-09,not_real_estate
556077-6253,2026-10-09,below_threshold
556077-6592,2026-10-09,not_real_estate
556077-6790,2026-10-09,below_threshold
556077-7657,2026-10-09,not_real_estate
556077-7913,2026-10-09,not_real_estate
556077-8010,2026-10-09,no_digital_report
556077-8028,2026-10-09,not_real_estate
556077-8341,2026-10-09,no_digital_report
556077-8713,2026-10-09,below_threshold
556077-8838,2026-10-09,not_real_estate
556077-9687,2026-10-09,not_real_estate
556078-0024,2026-10-09,below_threshold
556078-1048,2026-10-09,no_digital_report
556078-2897,2026-10-09,not_real_estate
556078-3879,2026-10-09,below_threshold
556078-4562,2026-10-09,no_digital_report
556078-5205,2026-10-09,not_real_estate
556078-5320,2026-10-09,not_real_estate
556078-5650,2026-10-09,not_real_estate
556078-5767,2026-10-09,not_real_estate
556078-6526,2026-10-09,not_real_estate
556078-7045,2026-10-09,not_real_estate
556078-7573,2026-10-09,below_threshold
556078-9967,2026-10-09,below_threshold
556079-0031,2026-10-09,no_digital_report
556079-0080,2026-10-09,not_real_estate
556079-0197,2026-10-09,not_real_estate
556079-0320,2026-10-09,no_digital_report
556079-0635,2026-10-09,not_real_estate
556079-0874,2026-10-09,no_digital_report
556079-1013,2026-10-09,no_digital_report
556079-1187,2026-10-09,no_digital_report
556079-1575,2026-10-09,no_digital_report
556079-3282,2026-10-09,not_real_estate
556079-4132,2026-10-09,not_real_estate
556079-4629,2026-10-09,below_threshold
556079-5469,2026-10-09,not_real_estate
556079-8299,2026-10-09,no_digital_report
556080-0087,2026-10-09,no_digital_report
556080-1234,2026-10-09,not_real_estate
556080-1457,2026-10-09,not_real_estate
556080-1531,2026-10-09,not_real_estate
556080-2356,2026-10-09,no_digital_report
556080-2935,2026-10-09,not_real_estate
556080-3750,2026-10-09,not_real_estate
556080-3842,2026-10-09,not_real_estate
556080-4014,2026-10-09,no_digital_report
556080-4808,2026-10-09,no_digital_report
556080-5573,2026-10-09,not_real_estate
556080-5631,2026-10-09,no_digital_report
556080-6126,2026-10-09,not_real_estate
556080-6332,2026-10-09,not_real_estate
556080-6688,2026-10-09,not_real_estate
556080-7249,2026-10-09,not_real_estate
556080-7660,2026-10-09,not_real_estate
556080-8262,2026-10-09,no_digital_report
556080-8486,2026-10-09,below_threshold
556080-8619,2026-10-09,below_threshold
556080-8809,2026-10-09,no_digital_report
556080-8858,2026-10-09,not_real_estate
556080-8866,2026-10-09,no_digital_report
556080-9799,2026-10-09,not_real_estate
556080-9914,2026-10-09,not_real_estate
556081-0144,2026-10-09,not_real_estate
556081-1019,2026-10-09,not_real_estate
556081-1373,2026-10-09,not_real_estate
556081-1506,2026-10-09,not_real_estate
556081-2033,2026-10-09,no_digital_report
556081-2421,2026-10-09,no_digital_report
556081-2892,2026-10-09,no_digital_report
556081-3437,2026-10-09,below_threshold
556081-3783,2026-10-09,no_digital_report
556081-4039,2026-10-09,no_digital_report
556081-4518,2026-10-09,not_real_estate
556081-5143,2026-10-09,no_digital_report
556081-5341,2026-10-09,not_real_estate
556081-5572,2026-10-09,no_digital_report
556081-7149,2026-10-09,no_digital_report
556081-7271,2026-10-09,no_digital_report
556081-8261,2026-10-09,not_real_estate
556081-8592,2026-10-09,not_real_estate
556081-9251,2026-10-09,not_real_estate
556081-9418,2026-10-09,no_digital_report
556082-0044,2026-10-09,no_digital_report
556082-0937,2026-10-09,below_threshold
556082-0952,2026-10-09,below_threshold
556082-1018,2026-10-09,not_real_estate
556082-1489,2026-10-09,below_threshold
556082-1752,2026-10-09,no_digital_report
556082-2628,2026-10-09,not_real_estate
556082-3295,2026-10-09,not_real_estate
556082-4426,2026-10-09,below_threshold
556082-4897,2026-10-09,no_digital_report
556082-6199,2026-10-09,not_real_estate
556082-6629,2026-10-09,not_real_estate
556082-8369,2026-10-09,not_real_estate
556082-8468,2026-10-09,below_threshold
556083-0589,2026-10-09,below_threshold
556083-0894,2026-10-09,no_digital_report
556083-0928,2026-10-09,below_threshold
556083-2155,2026-10-09,no_digital_report
556083-2379,2026-10-09,not_real_estate
556083-2577,2026-10-09,not_real_estate
556083-2650,2026-10-09,not_real_estate
556083-2700,2026-10-09,below_threshold
556083-4151,2026-10-09,not_real_estate
556083-5364,2026-10-09,no_digital_report
556083-5646,2026-10-09,no_digital_report
556083-7212,2026-10-09,not_real_estate
556083-7519,2026-10-09,not_real_estate
556083-8012,2026-10-09,below_threshold
556083-8939,2026-10-09,no_digital_report
556084-0265,2026-10-09,no_digital_report
556084-0315,2026-10-09,not_real_estate
556084-0448,2026-10-09,not_real_estate
556084-0463,2026-10-09,no_digital_report
556084-0869,2026-10-09,not_real_estate
556084-1628,2026-10-09,not_real_estate
556084-1917,2026-10-09,no_digital_report
556084-3392,2026-10-09,no_digital_report
556084-3665,2026-10-09,no_digital_report
556084-4713,2026-10-09,below_threshold
556084-4812,2026-10-09,not_real_estate
556084-4994,2026-10-09,not_real_estate
556084-5199,2026-10-09,below_threshold
556084-5496,2026-10-09,not_real_estate
556084-7187,2026-10-09,not_real_estate
556084-9373,2026-10-09,below_threshold
556085-0462,2026-10-09,below_threshold
556085-0496,2026-10-09,below_threshold
556085-3136,2026-10-09,below_threshold
556085-3458,2026-10-09,not_real_estate
556085-3938,2026-10-09,kept
556085-4258,2026-10-09,kept
556085-4449,2026-10-09,not_real_estate
556085-4498,2026-10-09,not_real_estate
556085-4605,2026-10-09,not_real_estate
556085-4662,2026-10-09,not_real_estate
556085-4910,2026-10-09,not_real_estate
556085-5438,2026-10-09,below_threshold
556085-5537,2026-10-09,not_real_estate
556085-5693,2026-10-09,no_digital_report
556085-5784,2026-10-09,no_digital_report
556085-6741,2026-10-09,not_real_estate
556085-6907,2026-10-09,no_digital_report
556085-7418,2026-10-09,not_real_estate
556085-7608,2026-10-09,not_real_estate
556085-9562,2026-10-09,below_threshold
556086-0206,2026-10-09,below_threshold
556086-0578,2026-10-09,not_real_estate
556086-1741,2026-10-09,not_real_estate
556086-3135,2026-10-09,no_digital_report
556086-3630,2026-10-09,not_real_estate
556086-5536,2026-10-09,no_digital_report
556086-6393,2026-10-09,not_real_estate
556086-6880,2026-10-09,not_real_estate
556086-6898,2026-10-09,below_threshold
556086-7797,2026-10-09,not_real_estate
556087-0213,2026-10-09,not_real_estate
556087-0221,2026-10-09,below_threshold
556087-0437,2026-10-09,not_real_estate
556087-0601,2026-10-09,not_real_estate
556087-0742,2026-10-09,no_digital_report
556087-1716,2026-10-09,not_real_estate
556087-3274,2026-10-09,not_real_estate
556087-3795,2026-10-09,not_real_estate
556087-4561,2026-10-09,not_real_estate
556087-5014,2026-10-09,no_digital_report
556087-5956,2026-10-09,below_threshold
556087-6038,2026-10-09,no_digital_report
556087-6681,2026-10-09,not_real_estate
556087-6871,2026-10-09,below_threshold
556087-8703,2026-10-09,no_digital_report
556087-8919,2026-10-09,not_real_estate
556087-9099,2026-10-09,not_real_estate
556088-0535,2026-10-09,no_digital_report
556088-2879,2026-10-09,not_real_estate
556088-5484,2026-10-09,not_real_estate
556088-5963,2026-10-09,not_real_estate
556088-6623,2026-10-09,below_threshold
556088-7050,2026-10-09,not_real_estate
556088-7704,2026-10-09,not_real_estate
556088-7787,2026-10-09,below_threshold
556088-9601,2026-10-09,kept
556088-9825,2026-10-09,below_threshold
556089-1185,2026-10-09,not_real_estate
556089-1854,2026-10-09,not_real_estate
556089-2704,2026-10-09,below_threshold
556089-3488,2026-10-09,not_real_estate
556089-4197,2026-10-09,no_digital_report
556089-4601,2026-10-09,no_digital_report
556089-4924,2026-10-09,not_real_estate
556089-5368,2026-10-09,not_real_estate
556089-5533,2026-10-09,no_digital_report
556089-5632,2026-10-09,not_real_estate
556089-5764,2026-10-09,kept
556089-5889,2026-10-09,no_digital_report
556089-6960,2026-10-09,not_real_estate
556089-7943,2026-10-09,below_threshold
556089-8685,2026-10-09,no_digital_report
556089-8701,2026-10-09,not_real_estate
556089-9584,2026-10-09,no_digital_report
556090-0044,2026-10-09,not_real_estate
556090-0556,2026-10-09,no_digital_report
556090-2784,2026-10-09,not_real_estate
556090-2875,2026-10-09,no_digital_report
556090-5332,2026-10-09,not_real_estate
556090-5514,2026-10-09,not_real_estate
556090-5621,2026-10-09,no_digital_report
556090-7023,2026-10-09,not_real_estate
556090-7197,2026-10-09,not_real_estate
556090-8807,2026-10-09,no_digital_report
556090-8815,2026-10-09,below_threshold
556090-8989,2026-10-09,below_threshold
556090-9219,2026-10-09,no_digital_report
556091-0118,2026-10-09,no_digital_report
556091-1835,2026-10-09,no_digital_report
556091-4367,2026-10-09,not_real_estate
556091-5448,2026-10-09,not_real_estate
556091-6289,2026-10-09,not_real_estate
556091-6628,2026-10-09,not_real_estate
556091-7576,2026-10-09,not_real_estate
556091-8244,2026-10-09,not_real_estate
556091-8723,2026-10-09,not_real_estate
556091-9408,2026-10-09,not_real_estate
556092-3616,2026-10-09,kept
556092-3764,2026-10-09,not_real_estate
556092-3905,2026-10-09,below_threshold
556092-4051,2026-10-09,not_real_estate
556092-4465,2026-10-09,no_digital_report
556092-4689,2026-10-09,no_digital_report
556092-7096,2026-10-09,no_digital_report
556092-7138,2026-10-09,no_digital_report
556092-7591,2026-10-09,not_real_estate
556092-7625,2026-10-09,below_threshold
556092-8243,2026-10-09,not_real_estate
556092-8375,2026-10-09,below_threshold
556092-9670,2026-10-09,not_real_estate
556093-1601,2026-10-09,below_threshold
556093-1973,2026-10-09,not_real_estate
556093-2161,2026-10-09,no_digital_report
556093-2260,2026-10-09,not_real_estate
556093-2328,2026-10-09,kept
556093-3581,2026-10-09,no_digital_report
556093-4944,2026-10-09,no_digital_report
556093-6022,2026-10-09,no_digital_report
556093-6279,2026-10-09,no_digital_report
556093-7186,2026-10-09,no_digital_report
556093-7285,2026-10-09,not_real_estate
556093-7624,2026-10-09,below_threshold
556093-8432,2026-10-09,not_real_estate
556093-8648,2026-10-09,below_threshold
556093-9505,2026-10-09,not_real_estate
556093-9570,2026-10-09,below_threshold
556093-9885,2026-10-09,not_real_estate
556094-0164,2026-10-09,not_real_estate
556094-1972,2026-10-09,no_digital_report
556094-4232,2026-10-09,no_digital_report
556094-5437,2026-10-09,not_real_estate
556094-5627,2026-10-09,no_digital_report
556094-6153,2026-10-09,below_threshold
556094-6807,2026-10-09,not_real_estate
556094-6971,2026-10-09,not_real_estate
556094-7375,2026-10-09,not_real_estate
556094-7631,2026-10-09,below_threshold
556094-7920,2026-10-09,not_real_estate
556094-7953,2026-10-09,not_real_estate
556094-8522,2026-10-09,not_real_estate
556094-8761,2026-10-09,not_real_estate
556094-9488,2026-10-09,not_real_estate
556094-9728,2026-10-09,below_threshold
556094-9835,2026-10-09,not_real_estate
556095-1179,2026-10-09,no_digital_report
556095-1245,2026-10-09,no_digital_report
556095-1385,2026-10-09,not_real_estate
556095-1443,2026-10-09,no_digital_report
556095-2391,2026-10-09,no_digital_report
556095-4017,2026-10-09,kept
556095-5162,2026-10-09,below_threshold
556095-6111,2026-10-09,not_real_estate
556095-6160,2026-10-09,no_digital_report
556095-6194,2026-10-09,no_digital_report
556095-7507,2026-10-09,not_real_estate
556095-7671,2026-10-09,no_digital_report
556095-8414,2026-10-09,not_real_estate
556095-8570,2026-10-09,not_real_estate
556095-8588,2026-10-09,no_digital_report
556095-9107,2026-10-09,below_threshold
556096-0188,2026-10-09,not_real_estate
556096-0253,2026-10-09,not_real_estate
556096-0840,2026-10-09,no_digital_report
556096-1244,2026-10-09,below_threshold
556096-2697,2026-10-09,not_real_estate
556096-2945,2026-10-09,no_digital_report
556096-3299,2026-10-09,kept
556096-3364,2026-10-09,not_real_estate
556096-4818,2026-10-09,not_real_estate
556096-5427,2026-10-09,no_digital_report
556096-5682,2026-10-09,no_digital_report
556096-5989,2026-10-09,below_threshold
556096-6144,2026-10-09,below_threshold
556096-6938,2026-10-09,no_digital_report
556096-7258,2026-10-09,no_digital_report
556096-8876,2026-10-09,not_real_estate
556096-9916,2026-10-09,below_threshold
556097-2506,2026-10-09,not_real_estate
556097-3074,2026-10-09,not_real_estate
556097-3223,2026-10-09,not_real_estate
556097-4320,2026-10-09,not_real_estate
556097-4650,2026-10-09,not_real_estate
556097-4841,2026-10-09,not_real_estate
556097-4981,2026-10-09,below_threshold
556097-5434,2026-10-09,below_threshold
556097-6036,2026-10-09,not_real_estate
556097-6655,2026-10-09,not_real_estate
556097-7307,2026-10-09,not_real_estate
556097-7315,2026-10-09,below_threshold
556097-7661,2026-10-09,not_real_estate
556097-7901,2026-10-09,no_digital_report
556097-9634,2026-10-09,not_real_estate
556097-9907,2026-10-09,not_real_estate
556098-0608,2026-10-09,below_threshold
556098-0731,2026-10-09,below_threshold
556098-0749,2026-10-09,no_digital_report
556098-1663,2026-10-09,not_real_estate
556098-1952,2026-10-09,below_threshold
556098-2349,2026-10-09,below_threshold
556098-3453,2026-10-09,no_digital_report
556098-3594,2026-10-09,not_real_estate
556098-4360,2026-10-09,not_real_estate
556098-5086,2026-10-09,no_digital_report
556098-5599,2026-10-09,not_real_estate
556098-5672,2026-10-09,not_real_estate
556098-6076,2026-10-09,no_digital_report
556098-6845,2026-10-09,below_threshold
556098-7157,2026-10-09,not_real_estate
556098-7876,2026-10-09,not_real_estate
556098-8445,2026-10-09,no_digital_report
556098-9526,2026-10-09,not_real_estate
556099-0177,2026-10-09,not_real_estate
556099-0193,2026-10-09,not_real_estate
556099-0565,2026-10-09,not_real_estate
556099-0805,2026-10-09,below_threshold
556099-1498,2026-10-09,below_threshold
556099-3098,2026-10-09,below_threshold
556099-4823,2026-10-09,not_real_estate
556099-5051,2026-10-09,not_real_estate
556099-5408,2026-10-09,no_digital_report
556099-7354,2026-10-09,no_digital_report
556099-7461,2026-10-09,not_real_estate
556099-8832,2026-10-09,kept
556099-9392,2026-10-09,not_real_estate
556099-9483,2026-10-09,below_threshold
556099-9764,2026-10-09,not_real_estate
556100-0075,2026-10-09,not_real_estate
556100-0844,2026-10-09,below_threshold
556100-0943,2026-10-09,no_digital_report
556100-1123,2026-10-09,not_real_estate
556100-1255,2026-10-09,no_digital_report
556100-1263,2026-10-09,no_digital_report
556100-1271,2026-10-09,below_threshold
556100-2089,2026-10-09,no_digital_report
556100-2337,2026-10-09,not_real_estate
556100-3483,2026-10-09,no_digital_report
556100-3533,2026-10-09,not_real_estate
556100-3897,2026-10-09,not_real_estate
556100-5231,2026-10-09,not_real_estate
556100-5447,2026-10-09,not_real_estate
556100-5793,2026-10-09,not_real_estate
556100-5900,2026-10-09,no_digital_report
556100-7161,2026-10-09,kept
556100-8417,2026-10-09,no_digital_report
556101-0439,2026-10-09,no_digital_report
556101-0520,2026-10-09,not_real_estate
556101-0603,2026-10-09,not_real_estate
556101-1783,2026-10-09,below_threshold
556101-2195,2026-10-09,below_threshold
556101-2369,2026-10-09,not_real_estate
556101-4118,2026-10-09,no_digital_report
556101-4332,2026-10-09,not_real_estate
556101-4563,2026-10-09,not_real_estate
556101-5461,2026-10-09,no_digital_report
556101-5495,2026-10-09,no_digital_report
556101-5586,2026-10-09,not_real_estate
556101-6105,2026-10-09,not_real_estate
556101-6295,2026-10-09,no_digital_report
556101-6980,2026-10-09,no_digital_report
556101-7384,2026-10-09,not_real_estate
556101-7533,2026-10-09,no_digital_report
556101-8630,2026-10-09,not_real_estate
556101-8804,2026-10-09,not_real_estate
556101-9729,2026-10-09,no_digital_report
556102-0313,2026-10-09,not_real_estate
556102-0339,2026-10-09,not_real_estate
556102-2442,2026-10-09,no_digital_report
556102-3077,2026-10-09,not_real_estate
556102-3234,2026-10-09,not_real_estate
556102-4323,2026-10-09,below_threshold
556102-5304,2026-10-09,no_digital_report
556102-5643,2026-10-09,not_real_estate
556102-5692,2026-10-09,no_digital_report
556102-5809,2026-10-09,below_threshold
556102-5940,2026-10-09,below_threshold
556102-6203,2026-10-09,below_threshold
556102-6625,2026-10-09,no_digital_report
556102-7060,2026-10-09,not_real_estate
556102-7524,2026-10-09,no_digital_report
556102-7789,2026-10-09,not_real_estate
556102-8993,2026-10-09,not_real_estate
556102-9108,2026-10-09,no_digital_report
556102-9884,2026-10-09,not_real_estate
556103-0551,2026-10-09,below_threshold
556103-0577,2026-10-09,not_real_estate
556103-0890,2026-10-09,not_real_estate
556103-1591,2026-10-09,kept
556103-1658,2026-10-09,no_digital_report
556103-2458,2026-10-09,not_real_estate
556103-5741,2026-10-09,not_real_estate
556103-5766,2026-10-09,below_threshold
556103-7077,2026-10-09,not_real_estate
556103-8349,2026-10-09,not_real_estate
556103-9057,2026-10-09,no_digital_report
556104-0865,2026-10-09,not_real_estate
556104-1061,2026-10-09,below_threshold
556104-1368,2026-10-09,not_real_estate
556104-3117,2026-10-09,no_digital_report
556104-4040,2026-10-09,below_threshold
556104-5294,2026-10-09,no_digital_report
556104-6003,2026-10-09,not_real_estate
556104-6433,2026-10-09,not_real_estate
556104-7282,2026-10-09,no_digital_report
556104-7563,2026-10-09,below_threshold
556104-7605,2026-10-09,not_real_estate
556104-7886,2026-10-09,below_threshold
556104-7902,2026-10-09,no_digital_report
556104-8264,2026-10-09,not_real_estate
556104-8397,2026-10-09,not_real_estate
556104-8710,2026-10-09,no_digital_report
556105-2191,2026-10-09,no_digital_report
556105-2407,2026-10-09,no_digital_report
556105-2910,2026-10-09,no_digital_report
556105-4957,2026-10-09,not_real_estate
556105-5293,2026-10-09,not_real_estate
556105-6986,2026-10-09,not_real_estate
556105-7158,2026-10-09,no_digital_report
556105-8768,2026-10-09,not_real_estate
556105-8909,2026-10-09,below_threshold
556105-9188,2026-10-09,no_digital_report
556106-0400,2026-10-09,no_digital_report
556106-0632,2026-10-09,not_real_estate
556106-1069,2026-10-09,not_real_estate
556106-1317,2026-10-09,no_digital_report
556106-1549,2026-10-09,not_real_estate
556106-2323,2026-10-09,no_digital_report
556106-2794,2026-10-09,not_real_estate
556106-3305,2026-10-09,not_real_estate
556106-3404,2026-10-09,not_real_estate
556106-3719,2026-10-09,not_real_estate
556106-3834,2026-10-09,not_real_estate
556106-4113,2026-10-09,not_real_estate
556106-4857,2026-10-09,not_real_estate
556106-6225,2026-10-09,not_real_estate
556106-7215,2026-10-09,no_digital_report
556106-7512,2026-10-09,not_real_estate
556106-8528,2026-10-09,no_digital_report
556106-8817,2026-10-09,no_digital_report
556106-9112,2026-10-09,not_real_estate
556106-9757,2026-10-09,not_real_estate
556107-2058,2026-10-09,not_real_estate
556107-2280,2026-10-09,below_threshold
556107-3510,2026-10-09,no_digital_report
556107-4823,2026-10-09,no_digital_report
556107-5267,2026-10-09,below_threshold
556107-5648,2026-10-09,no_digital_report
556107-5887,2026-10-09,not_real_estate
556107-5978,2026-10-09,not_real_estate
556107-6224,2026-10-09,not_real_estate
556107-6372,2026-10-09,no_digital_report
556107-6539,2026-10-09,not_real_estate
556107-7248,2026-10-09,not_real_estate
556107-7412,2026-10-09,not_real_estate
556107-9145,2026-10-09,not_real_estate
556107-9418,2026-10-09,below_threshold
556107-9749,2026-10-09,no_digital_report
556107-9871,2026-10-09,below_threshold
556107-9996,2026-10-09,no_digital_report
556108-0226,2026-10-09,not_real_estate
556108-0283,2026-10-09,not_real_estate
556108-0796,2026-10-09,not_real_estate
556108-1059,2026-10-09,no_digital_report
556108-1471,2026-10-09,not_real_estate
556108-2487,2026-10-09,not_real_estate
556108-3378,2026-10-09,not_real_estate
556108-3477,2026-10-09,not_real_estate
556108-4152,2026-10-09,no_digital_report
556108-4996,2026-10-09,no_digital_report
556108-6033,2026-10-09,no_digital_report
556108-6405,2026-10-09,not_real_estate
556108-6819,2026-10-09,no_digital_report
556108-6967,2026-10-09,not_real_estate
556108-7403,2026-10-09,not_real_estate
556108-7965,2026-10-09,no_digital_report
556108-8120,2026-10-09,below_threshold
556108-8617,2026-10-09,no_digital_report
556108-8666,2026-10-09,not_real_estate
556108-9284,2026-10-09,not_real_estate
556108-9573,2026-10-09,not_real_estate
556109-0324,2026-10-09,no_digital_report
556109-4409,2026-10-09,no_digital_report
556109-4821,2026-10-09,not_real_estate
556109-5190,2026-10-09,no_digital_report
556109-6537,2026-10-09,not_real_estate
556109-7055,2026-10-09,no_digital_report
556109-7170,2026-10-09,below_threshold
556109-7857,2026-10-09,not_real_estate
556109-9648,2026-10-09,not_real_estate
556110-0982,2026-10-09,not_real_estate
556110-2020,2026-10-09,no_digital_report
556110-3507,2026-10-09,not_real_estate
556110-4588,2026-10-09,not_real_estate
556110-5650,2026-10-09,below_threshold
556110-6450,2026-10-09,below_threshold
556110-7201,2026-10-09,not_real_estate
556110-9199,2026-10-09,below_threshold
556110-9553,2026-10-09,not_real_estate
556111-0312,2026-10-09,below_threshold
556111-0510,2026-10-09,no_digital_report
556111-0999,2026-10-09,no_digital_report
556111-1930,2026-10-09,no_digital_report
556111-1948,2026-10-09,not_real_estate
556111-1963,2026-10-09,not_real_estate
556111-3258,2026-10-09,below_threshold
556111-3324,2026-10-09,no_digital_report
556111-4231,2026-10-09,below_threshold
556111-5659,2026-10-09,no_digital_report
556111-7747,2026-10-09,below_threshold
556111-7754,2026-10-09,below_threshold
556111-8182,2026-10-09,below_threshold
556111-9248,2026-10-09,not_real_estate
556111-9511,2026-10-09,not_real_estate
556112-0345,2026-10-09,no_digital_report
556112-1103,2026-10-09,below_threshold
556112-1582,2026-10-09,not_real_estate
556112-2325,2026-10-09,below_threshold
556112-2846,2026-10-09,below_threshold
556112-3208,2026-10-09,not_real_estate
556112-3877,2026-10-09,no_digital_report
556112-4776,2026-10-09,not_real_estate
556112-4925,2026-10-09,below_threshold
556112-7357,2026-10-09,not_real_estate
556112-7407,2026-10-09,not_real_estate
556112-7431,2026-10-09,not_real_estate
556112-7571,2026-10-09,no_digital_report
556112-7894,2026-10-09,below_threshold
556112-8264,2026-10-09,not_real_estate
556112-8694,2026-10-09,no_digital_report
556112-8710,2026-10-09,below_threshold
556113-0773,2026-10-09,not_real_estate
556113-1003,2026-10-09,no_digital_report
556113-2191,2026-10-09,no_digital_report
556113-2613,2026-10-09,not_real_estate
556113-2654,2026-10-09,no_digital_report
556113-3025,2026-10-09,no_digital_report
556113-6275,2026-10-09,not_real_estate
556113-6945,2026-10-09,not_real_estate
556113-7000,2026-10-09,not_real_estate
556113-9477,2026-10-09,not_real_estate
556113-9543,2026-10-09,no_digital_report
556113-9642,2026-10-09,not_real_estate
556114-0194,2026-10-09,not_real_estate
556114-0798,2026-10-09,not_real_estate
556114-4246,2026-10-09,no_digital_report
556114-5185,2026-10-09,not_real_estate
556114-5334,2026-10-09,not_real_estate
556114-5763,2026-10-09,not_real_estate
556114-6449,2026-10-09,no_digital_report
556114-6555,2026-10-09,no_digital_report
556114-6563,2026-10-09,not_real_estate
556114-7348,2026-10-09,not_real_estate
556114-8908,2026-10-09,not_real_estate
556114-9401,2026-10-09,not_real_estate
556115-1282,2026-10-09,below_threshold
556115-3395,2026-10-09,below_threshold
556115-3809,2026-10-09,not_real_estate
556115-4484,2026-10-09,not_real_estate
556115-5275,2026-10-09,not_real_estate
556115-6042,2026-10-09,not_real_estate
556115-6075,2026-10-09,not_real_estate
556115-6786,2026-10-09,not_real_estate
556115-8543,2026-10-09,no_digital_report
556115-8758,2026-10-09,not_real_estate
556115-8907,2026-10-09,not_real_estate
556115-9483,2026-10-09,no_digital_report
556116-1406,2026-10-09,below_threshold
556116-4376,2026-10-09,no_digital_report
556116-5472,2026-10-09,no_digital_report
556116-5522,2026-10-09,no_digital_report
556116-5696,2026-10-09,not_real_estate
556116-8492,2026-10-09,below_threshold
556116-9565,2026-10-09,not_real_estate
556117-0027,2026-10-09,not_real_estate
556117-2098,2026-10-09,not_real_estate
556117-2577,2026-10-09,not_real_estate
556117-3955,2026-10-09,below_threshold
556117-4359,2026-10-09,no_digital_report
556117-6230,2026-10-09,not_real_estate
556117-8863,2026-10-09,below_threshold
556118-0075,2026-10-09,not_real_estate
556118-1594,2026-10-09,kept
556118-1982,2026-10-09,not_real_estate
556118-2113,2026-10-09,not_real_estate
556118-2139,2026-10-09,not_real_estate
556118-2477,2026-10-09,below_threshold
556118-3525,2026-10-09,no_digital_report
556118-3665,2026-10-09,no_digital_report
556118-3822,2026-10-09,below_threshold
556118-4309,2026-10-09,not_real_estate
556118-4879,2026-10-09,not_real_estate
556118-5215,2026-10-09,not_real_estate
556118-5710,2026-10-09,not_real_estate
556118-6734,2026-10-09,not_real_estate
556118-8144,2026-10-09,no_digital_report
556118-8722,2026-10-09,no_digital_report
556118-8961,2026-10-09,not_real_estate
556118-9431,2026-10-09,no_digital_report
556118-9472,2026-10-09,not_real_estate
556118-9480,2026-10-09,not_real_estate
556118-9548,2026-10-09,not_real_estate
556119-0330,2026-10-09,below_threshold
556119-1031,2026-10-09,below_threshold
556119-1486,2026-10-09,no_digital_report
556119-1726,2026-10-09,no_digital_report
556119-2393,2026-10-09,below_threshold
556119-3284,2026-10-09,no_digital_report
556119-3599,2026-10-09,not_real_estate
556119-4183,2026-10-09,not_real_estate
556119-4365,2026-10-09,no_digital_report
556119-4936,2026-10-09,below_threshold
556119-5537,2026-10-09,not_real_estate
556119-5743,2026-10-09,no_digital_report
556119-6030,2026-10-09,no_digital_report
556119-6626,2026-10-09,not_real_estate
556119-6824,2026-10-09,not_real_estate
556119-7061,2026-10-09,below_threshold
556119-7129,2026-10-09,not_real_estate
556119-7251,2026-10-09,not_real_estate
556119-8002,2026-10-09,below_threshold
556119-8051,2026-10-09,not_real_estate
556119-8465,2026-10-09,not_real_estate
556120-2838,2026-10-09,below_threshold
556120-3000,2026-10-09,not_real_estate
556120-4263,2026-10-09,no_digital_report
556120-5773,2026-10-09,no_digital_report
556120-7019,2026-10-09,no_digital_report
556120-7605,2026-10-09,not_real_estate
556120-7829,2026-10-09,no_digital_report
556120-8868,2026-10-09,not_real_estate
556120-9759,2026-10-09,no_digital_report
556121-0088,2026-10-09,not_real_estate
556121-0955,2026-10-09,not_real_estate
556121-1243,2026-10-09,below_threshold
556121-4197,2026-10-09,not_real_estate
556121-4510,2026-10-09,no_digital_report
556121-4585,2026-10-09,not_real_estate
556121-4619,2026-10-09,not_real_estate
556121-4817,2026-10-09,kept
556121-5038,2026-10-09,below_threshold
556121-5285,2026-10-09,not_real_estate
556121-5384,2026-10-09,no_digital_report
556121-5467,2026-10-09,no_digital_report
556121-5699,2026-10-09,no_digital_report
556121-6473,2026-10-09,not_real_estate
556121-6846,2026-10-09,below_threshold
556121-7844,2026-10-09,not_real_estate
556121-8057,2026-10-09,not_real_estate
556121-8784,2026-10-09,no_digital_report
556121-9089,2026-10-09,no_digital_report
556121-9212,2026-10-09,not_real_estate
556121-9303,2026-10-09,not_real_estate
556121-9386,2026-10-09,no_digital_report
556121-9501,2026-10-09,no_digital_report
556122-0046,2026-10-09,not_real_estate
556122-0723,2026-10-09,not_real_estate
556122-1879,2026-10-09,not_real_estate
556122-2299,2026-10-09,not_real_estate
556122-2448,2026-10-09,not_real_estate
556122-2893,2026-10-09,below_threshold
556122-3271,2026-10-09,not_real_estate
556122-3768,2026-10-09,no_digital_report
556122-4774,2026-10-09,below_threshold
556122-7413,2026-10-09,not_real_estate
556122-7942,2026-10-09,not_real_estate
556122-7967,2026-10-09,below_threshold
556122-8890,2026-10-09,no_digital_report
556122-9005,2026-10-09,not_real_estate
556122-9328,2026-10-09,not_real_estate
556122-9443,2026-10-09,below_threshold
556122-9633,2026-10-09,not_real_estate
556123-0516,2026-10-09,below_threshold
556123-1175,2026-10-09,not_real_estate
556123-2678,2026-10-09,not_real_estate
556123-2835,2026-10-09,not_real_estate
556123-3338,2026-10-09,no_digital_report
556123-3775,2026-10-09,below_threshold
556123-3791,2026-10-09,below_threshold
556123-3841,2026-10-09,not_real_estate
556123-4039,2026-10-09,kept
556123-5127,2026-10-09,not_real_estate
556123-5473,2026-10-09,not_real_estate
556123-6596,2026-10-09,no_digital_report
556123-7974,2026-10-09,not_real_estate
556124-0028,2026-10-09,not_real_estate
556124-1596,2026-10-09,below_threshold
556124-2222,2026-10-09,below_threshold
556124-2271,2026-10-09,not_real_estate
556124-2768,2026-10-09,not_real_estate
556124-3238,2026-10-09,not_real_estate
556124-4731,2026-10-09,not_real_estate
556124-6413,2026-10-09,no_digital_report
556124-7007,2026-10-09,no_digital_report
556124-8690,2026-10-09,not_real_estate
556125-0233,2026-10-09,below_threshold
556125-0241,2026-10-09,not_real_estate
556125-1611,2026-10-09,not_real_estate
556125-1678,2026-10-09,below_threshold
556125-5547,2026-10-09,no_digital_report
556125-9820,2026-10-09,no_digital_report
556126-1552,2026-10-09,not_real_estate
556126-4176,2026-10-09,no_digital_report
556126-5975,2026-10-09,not_real_estate
556126-6999,2026-10-09,not_real_estate
556126-7229,2026-10-09,not_real_estate
556126-7658,2026-10-09,kept
556127-0231,2026-10-09,no_digital_report
556127-1882,2026-10-09,not_real_estate
556127-2633,2026-10-09,not_real_estate
556127-3177,2026-10-09,not_real_estate
556127-3722,2026-10-09,no_digital_report
556127-4084,2026-10-09,not_real_estate
556127-4787,2026-10-09,not_real_estate
556127-5347,2026-10-09,not_real_estate
556127-6402,2026-10-09,not_real_estate
556127-6857,2026-10-09,no_digital_report
556127-7251,2026-10-09,not_real_estate
556127-7491,2026-10-09,not_real_estate
556127-7517,2026-10-09,below_threshold
556127-9307,2026-10-09,not_real_estate
556128-0396,2026-10-09,not_real_estate
556128-0917,2026-10-09,no_digital_report
556128-2806,2026-10-09,not_real_estate
556128-4695,2026-10-09,not_real_estate
556128-5106,2026-10-09,no_digital_report
556128-5320,2026-10-09,not_real_estate
556128-5403,2026-10-09,no_digital_report
556128-6310,2026-10-09,not_real_estate
556128-7284,2026-10-09,not_real_estate
556128-8563,2026-10-09,not_real_estate
556128-9108,2026-10-09,no_digital_report
556128-9173,2026-10-09,not_real_estate
556128-9363,2026-10-09,not_real_estate
556129-1559,2026-10-09,not_real_estate
556129-1690,2026-10-09,below_threshold
556129-3795,2026-10-09,not_real_estate
556129-3985,2026-10-09,below_threshold
556129-4991,2026-10-09,not_real_estate
556129-5824,2026-10-09,no_digital_report
556129-5931,2026-10-09,below_threshold
556129-6202,2026-10-09,not_real_estate
556129-6426,2026-10-09,no_digital_report
556129-8885,2026-10-09,no_digital_report
556129-9420,2026-10-09,no_digital_report
556130-0178,2026-10-09,below_threshold
556130-1234,2026-10-09,not_real_estate
556130-1390,2026-10-09,no_digital_report
556130-3743,2026-10-09,not_real_estate
556130-4725,2026-10-09,not_real_estate
556130-5664,2026-10-09,not_real_estate
556130-5706,2026-10-09,not_real_estate
556130-6589,2026-10-09,no_digital_report
556130-7439,2026-10-09,not_real_estate
556130-8007,2026-10-09,no_digital_report
556130-8429,2026-10-09,no_digital_report
556130-9039,2026-10-09,no_digital_report
556130-9443,2026-10-09,below_threshold
556130-9500,2026-10-09,not_real_estate
556131-0573,2026-10-09,not_real_estate
556131-1076,2026-10-09,below_threshold
556131-2124,2026-10-09,not_real_estate
556131-2272,2026-10-09,no_digital_report
556131-2488,2026-10-09,no_digital_report
556131-2595,2026-10-09,not_real_estate
556131-2835,2026-10-09,not_real_estate
556131-3460,2026-10-09,below_threshold
556131-4302,2026-10-09,not_real_estate
556131-4658,2026-10-09,not_real_estate
556131-4831,2026-10-09,no_digital_report
556131-5820,2026-10-09,no_digital_report
556131-5838,2026-10-09,not_real_estate
556131-5879,2026-10-09,not_real_estate
556131-9194,2026-10-09,not_real_estate
556131-9293,2026-10-09,not_real_estate
556131-9434,2026-10-09,not_real_estate
556132-0309,2026-10-09,below_threshold
556132-1752,2026-10-09,not_real_estate
556132-2065,2026-10-09,not_real_estate
556132-2222,2026-10-09,not_real_estate
556132-4046,2026-10-09,not_real_estate
556132-4558,2026-10-09,not_real_estate
556132-5027,2026-10-09,no_digital_report
556132-5233,2026-10-09,not_real_estate
556132-5845,2026-10-09,below_threshold
556132-7221,2026-10-09,not_real_estate
556132-8278,2026-10-09,below_threshold
556132-9102,2026-10-09,not_real_estate
556132-9300,2026-10-09,below_threshold
556133-0639,2026-10-09,no_digital_report
556133-2239,2026-10-09,not_real_estate
556133-2460,2026-10-09,not_real_estate
556133-4532,2026-10-09,no_digital_report
556133-4649,2026-10-09,no_digital_report
556133-4821,2026-10-09,no_digital_report
556133-5885,2026-10-09,no_digital_report
556133-6024,2026-10-09,not_real_estate
556133-8798,2026-10-09,no_digital_report
556134-1941,2026-10-09,not_real_estate
556134-2949,2026-10-09,not_real_estate
556134-2998,2026-10-09,not_real_estate
556134-4416,2026-10-09,not_real_estate
556134-4754,2026-10-09,not_real_estate
556134-6031,2026-10-09,not_real_estate
556134-6155,2026-10-09,not_real_estate
556134-6965,2026-10-09,not_real_estate
556134-8417,2026-10-09,not_real_estate
556134-8458,2026-10-09,not_real_estate
556134-8854,2026-10-09,not_real_estate
556134-9365,2026-10-09,no_digital_report
556134-9589,2026-10-09,not_real_estate
556135-1353,2026-10-09,no_digital_report
556135-1627,2026-10-09,not_real_estate
556135-1817,2026-10-09,below_threshold
556135-3466,2026-10-09,not_real_estate
556135-3680,2026-10-09,below_threshold
556135-4696,2026-10-09,no_digital_report
556135-6246,2026-10-09,below_threshold
556135-7509,2026-10-09,below_threshold
556135-9554,2026-10-09,not_real_estate
556135-9950,2026-10-09,below_threshold
556136-0784,2026-10-09,no_digital_report
556136-1329,2026-10-09,below_threshold
556136-1519,2026-10-09,not_real_estate
556136-2764,2026-10-09,not_real_estate
556136-4554,2026-10-09,no_digital_report
556136-4778,2026-10-09,below_threshold
556136-4885,2026-10-09,below_threshold
556136-4943,2026-10-09,not_real_estate
556136-5106,2026-10-09,below_threshold
556136-5353,2026-10-09,not_real_estate
556136-5783,2026-10-09,not_real_estate
556136-6161,2026-10-09,not_real_estate
556136-6443,2026-10-09,not_real_estate
556136-7805,2026-10-09,no_digital_report
556136-8035,2026-10-09,not_real_estate
556136-8100,2026-10-09,not_real_estate
556136-8555,2026-10-09,not_real_estate
556136-9157,2026-10-09,no_digital_report
556137-1542,2026-10-09,not_real_estate
556137-3076,2026-10-09,not_real_estate
556137-3092,2026-10-09,not_real_estate
556137-3373,2026-10-09,no_digital_report
556137-3381,2026-10-09,no_digital_report
556137-3589,2026-10-09,no_digital_report
556137-4074,2026-10-09,below_threshold
556137-4447,2026-10-09,no_digital_report
556137-4983,2026-10-09,not_real_estate
556137-5923,2026-10-09,not_real_estate
556137-6699,2026-10-09,not_real_estate
556137-7085,2026-10-09,below_threshold
556137-7358,2026-10-09,no_digital_report
556137-8562,2026-10-09,no_digital_report
556137-8778,2026-10-09,below_threshold
556137-8828,2026-10-09,no_digital_report
556137-9024,2026-10-09,not_real_estate
556137-9248,2026-10-09,no_digital_report
556137-9610,2026-10-09,below_threshold
556138-0758,2026-10-09,not_real_estate
556138-1269,2026-10-09,no_digital_report
556138-1335,2026-10-09,below_threshold
556138-4115,2026-10-09,not_real_estate
556138-4560,2026-10-09,not_real_estate
556138-4636,2026-10-09,not_real_estate
556138-6565,2026-10-09,below_threshold
556138-6995,2026-10-09,no_digital_report
556138-7811,2026-10-09,not_real_estate
556138-8975,2026-10-09,below_threshold
556138-9270,2026-10-09,not_real_estate
556139-0963,2026-10-09,not_real_estate
556139-1722,2026-10-09,no_digital_report
556139-2241,2026-10-09,not_real_estate
556139-2712,2026-10-09,not_real_estate
556139-3066,2026-10-09,below_threshold
556139-3355,2026-10-09,not_real_estate
556139-5178,2026-10-09,below_threshold
556139-5897,2026-10-09,not_real_estate
556139-7299,2026-10-09,below_threshold
556139-8230,2026-10-09,not_real_estate
556139-8388,2026-10-09,below_threshold
556139-9147,2026-10-09,not_real_estate
556139-9519,2026-10-09,below_threshold
556139-9956,2026-10-09,not_real_estate
556140-1257,2026-10-09,below_threshold
556140-2081,2026-10-09,not_real_estate
556140-4012,2026-10-09,no_digital_report
556140-4665,2026-10-09,not_real_estate
556140-4715,2026-10-09,below_threshold
556140-5381,2026-10-09,not_real_estate
556140-6173,2026-10-09,not_real_estate
556140-6330,2026-10-09,not_real_estate
556140-6991,2026-10-09,not_real_estate
556140-8021,2026-10-09,not_real_estate
556140-8955,2026-10-09,no_digital_report
556140-9466,2026-10-09,not_real_estate
556141-0340,2026-10-09,not_real_estate
556141-1827,2026-10-09,no_digital_report
556141-2569,2026-10-09,no_digital_report
556141-3070,2026-10-09,not_real_estate
556141-3799,2026-10-09,no_digital_report
556141-5323,2026-10-09,no_digital_report
556141-5786,2026-10-09,no_digital_report
556141-6115,2026-10-09,kept
556141-6651,2026-10-09,not_real_estate
556141-6933,2026-10-09,not_real_estate
556141-7980,2026-10-09,no_digital_report
556142-0984,2026-10-09,below_threshold
556142-1404,2026-10-09,no_digital_report
556142-2006,2026-10-09,below_threshold
556142-2493,2026-10-09,not_real_estate
556142-2659,2026-10-09,below_threshold
556142-3251,2026-10-09,no_digital_report
556142-3822,2026-10-09,not_real_estate
556142-5157,2026-10-09,not_real_estate
556142-5322,2026-10-09,not_real_estate
556142-5736,2026-10-09,below_threshold
556142-6387,2026-10-09,no_digital_report
556142-8672,2026-10-09,not_real_estate
556143-0124,2026-10-09,not_real_estate
556143-1205,2026-10-09,not_real_estate
556143-1361,2026-10-09,below_threshold
556143-2112,2026-10-09,not_real_estate
556143-3540,2026-10-09,not_real_estate
556143-5065,2026-10-09,below_threshold
556143-5495,2026-10-09,not_real_estate
556143-6543,2026-10-09,not_real_estate
556143-7293,2026-10-09,no_digital_report
556143-8366,2026-10-09,not_real_estate
556143-8879,2026-10-09,not_real_estate
556143-8994,2026-10-09,not_real_estate
556143-9760,2026-10-09,not_real_estate
556144-0842,2026-10-09,not_real_estate
556144-1550,2026-10-09,not_real_estate
556144-1600,2026-10-09,no_digital_report
556144-1840,2026-10-09,below_threshold
556144-3929,2026-10-09,not_real_estate
556144-5114,2026-10-09,not_real_estate
556144-7870,2026-10-09,not_real_estate
556144-8050,2026-10-09,no_digital_report
556144-8399,2026-10-09,not_real_estate
556144-8977,2026-10-09,no_digital_report
556144-9876,2026-10-09,below_threshold
556145-0346,2026-10-09,not_real_estate
556145-0353,2026-10-09,not_real_estate
556145-1146,2026-10-09,no_digital_report
556145-1369,2026-10-09,not_real_estate
556145-1542,2026-10-09,not_real_estate
556145-2011,2026-10-09,not_real_estate
556145-2466,2026-10-09,below_threshold
556145-5576,2026-10-09,not_real_estate
556145-6194,2026-10-09,not_real_estate
556145-6582,2026-10-09,not_real_estate
556145-6681,2026-10-09,kept
556145-6798,2026-10-09,no_digital_report
556145-7358,2026-10-09,below_threshold
556145-7978,2026-10-09,not_real_estate
556145-9198,2026-10-09,no_digital_report
556146-1137,2026-10-09,not_real_estate
556146-1491,2026-10-09,below_threshold
556146-1608,2026-10-09,not_real_estate
556146-1822,2026-10-09,not_real_estate
556146-2010,2026-10-09,not_real_estate
556146-2473,2026-10-09,below_threshold
556146-3455,2026-10-09,below_threshold
556146-3679,2026-10-09,below_threshold
556146-4065,2026-10-09,not_real_estate
556146-4255,2026-10-09,not_real_estate
556146-4818,2026-10-09,no_digital_report
556146-4990,2026-10-09,no_digital_report
556146-5120,2026-10-09,kept
556146-5971,2026-10-09,below_threshold
556146-6540,2026-10-09,not_real_estate
556146-8090,2026-10-09,not_real_estate
556146-9163,2026-10-09,below_threshold
556146-9395,2026-10-09,not_real_estate
556146-9627,2026-10-09,below_threshold
556147-0989,2026-10-09,not_real_estate
556147-1177,2026-10-09,not_real_estate
556147-1995,2026-10-09,not_real_estate
556147-3371,2026-10-09,no_digital_report
556147-4536,2026-10-09,not_real_estate
556147-4866,2026-10-09,not_real_estate
556147-5871,2026-10-09,not_real_estate
556147-7075,2026-10-09,not_real_estate
556147-8214,2026-10-09,no_digital_report
556147-9162,2026-10-09,no_digital_report
556148-0087,2026-10-09,below_threshold
556148-0780,2026-10-09,below_threshold
556148-1168,2026-10-09,below_threshold
556148-1952,2026-10-09,no_digital_report
556148-2372,2026-10-09,no_digital_report
556148-4865,2026-10-09,not_real_estate
556148-5128,2026-10-09,not_real_estate
556148-9948,2026-10-09,not_real_estate
556148-9989,2026-10-09,no_digital_report
556149-0169,2026-10-09,not_real_estate
556149-0177,2026-10-09,no_digital_report
556149-0318,2026-10-09,below_threshold
556149-0656,2026-10-09,not_real_estate
556149-2298,2026-10-09,no_digital_report
556149-2660,2026-10-09,not_real_estate
556149-3866,2026-10-09,not_real_estate
556149-5465,2026-10-09,no_digital_report
556149-6133,2026-10-09,not_real_estate
556149-8287,2026-10-09,not_real_estate
556149-9533,2026-10-09,not_real_estate
556150-0744,2026-10-09,not_real_estate
556150-1221,2026-10-09,not_real_estate
556150-1395,2026-10-09,not_real_estate
556150-2559,2026-10-09,not_real_estate
556150-4100,2026-10-09,not_real_estate
556150-4563,2026-10-09,not_real_estate
556150-5388,2026-10-09,no_digital_report
556150-5511,2026-10-09,no_digital_report
556150-6196,2026-10-09,not_real_estate
556150-6832,2026-10-09,not_real_estate
556150-7590,2026-10-09,below_threshold
556150-7970,2026-10-09,not_real_estate
556150-8192,2026-10-09,below_threshold
556150-8317,2026-10-09,not_real_estate
556151-0065,2026-10-09,not_real_estate
556151-2111,2026-10-09,below_threshold
556151-2376,2026-10-09,not_real_estate
556151-3853,2026-10-09,not_real_estate
556151-4356,2026-10-09,not_real_estate
556151-4828,2026-10-09,not_real_estate
556151-6385,2026-10-09,no_digital_report
556151-6823,2026-10-09,not_real_estate
556151-7391,2026-10-09,no_digital_report
556151-7508,2026-10-09,no_digital_report
556151-8944,2026-10-09,no_digital_report
556151-9447,2026-10-09,not_real_estate
556152-1468,2026-10-09,no_digital_report
556152-5592,2026-10-09,no_digital_report
556152-7564,2026-10-09,not_real_estate
556152-7820,2026-10-09,no_digital_report
556152-8893,2026-10-09,no_digital_report
556153-1152,2026-10-09,not_real_estate
556153-1517,2026-10-09,below_threshold
556153-2341,2026-10-09,below_threshold
556153-2960,2026-10-09,not_real_estate
556153-4024,2026-10-09,not_real_estate
556153-4131,2026-10-09,not_real_estate
556153-4438,2026-10-09,no_digital_report
556153-6326,2026-10-09,no_digital_report
556153-7480,2026-10-09,no_digital_report
556153-8363,2026-10-09,below_threshold
556153-8611,2026-10-09,below_threshold
556153-9155,2026-10-09,below_threshold
556153-9791,2026-10-09,no_digital_report
556154-2548,2026-10-09,below_threshold
556154-3827,2026-10-09,below_threshold
556154-3843,2026-10-09,not_real_estate
556154-3983,2026-10-09,not_real_estate
556154-4007,2026-10-09,not_real_estate
556154-6044,2026-10-09,not_real_estate
556154-6721,2026-10-09,not_real_estate
556154-7356,2026-10-09,not_real_estate
556154-9113,2026-10-09,no_digital_report
556154-9634,2026-10-09,no_digital_report
556155-0178,2026-10-09,not_real_estate
556155-0640,2026-10-09,not_real_estate
556155-2133,2026-10-09,below_threshold
556155-2273,2026-10-09,not_real_estate
556155-2703,2026-10-09,not_real_estate
556155-4147,2026-10-09,not_real_estate
556155-4543,2026-10-09,not_real_estate
556155-4873,2026-10-09,no_digital_report
556155-6043,2026-10-09,below_threshold
556155-6985,2026-10-09,not_real_estate
556155-8510,2026-10-09,below_threshold
556155-8890,2026-10-09,not_real_estate
556156-0250,2026-10-09,not_real_estate
556156-0904,2026-10-09,not_real_estate
556156-1027,2026-10-09,not_real_estate
556156-2801,2026-10-09,not_real_estate
556156-3379,2026-10-09,no_digital_report
556156-4047,2026-10-09,not_real_estate
556156-4211,2026-10-09,not_real_estate
556156-4864,2026-10-09,no_digital_report
556156-5168,2026-10-09,not_real_estate
556156-5424,2026-10-09,not_real_estate
556156-6059,2026-10-09,not_real_estate
556156-6521,2026-10-09,not_real_estate
556156-7511,2026-10-09,no_digital_report
556156-8147,2026-10-09,not_real_estate
556156-8220,2026-10-09,not_real_estate
556156-9673,2026-10-09,not_real_estate
556157-0911,2026-10-09,below_threshold
556157-2479,2026-10-09,not_real_estate
556157-2966,2026-10-09,not_real_estate
556157-3725,2026-10-09,not_real_estate
556157-5019,2026-10-09,no_digital_report
556157-5456,2026-10-09,no_digital_report
556157-6074,2026-10-09,not_real_estate
556157-6538,2026-10-09,not_real_estate
556157-6850,2026-10-09,not_real_estate
556157-7361,2026-10-09,no_digital_report
556157-7494,2026-10-09,below_threshold
556157-9565,2026-10-09,not_real_estate
556158-0431,2026-10-09,not_real_estate
556158-0498,2026-10-09,below_threshold
556158-1249,2026-10-09,not_real_estate
556158-1348,2026-10-09,below_threshold
556158-1512,2026-10-09,not_real_estate
556158-4078,2026-10-09,no_digital_report
556158-4318,2026-10-09,not_real_estate
556158-6420,2026-10-09,below_threshold
556158-6800,2026-10-09,not_real_estate
556158-7014,2026-10-09,not_real_estate
556158-8632,2026-10-09,not_real_estate
556158-8772,2026-10-09,no_digital_report
556158-8822,2026-10-09,below_threshold
556158-9408,2026-10-09,not_real_estate
556158-9507,2026-10-09,no_digital_report
556158-9960,2026-10-09,below_threshold
556159-0208,2026-10-09,not_real_estate
556159-3384,2026-10-09,not_real_estate
556159-3863,2026-10-09,not_real_estate
556159-4168,2026-10-09,no_digital_report
556159-4465,2026-10-09,not_real_estate
556159-5090,2026-10-09,below_threshold
556159-5991,2026-10-09,not_real_estate
556159-6080,2026-10-09,not_real_estate
556159-6098,2026-10-09,no_digital_report
556159-6411,2026-10-09,no_digital_report
556159-7039,2026-10-09,not_real_estate
556159-7963,2026-10-09,not_real_estate
556160-1047,2026-10-09,no_digital_report
556160-1575,2026-10-09,not_real_estate
556160-1740,2026-10-09,no_digital_report
556160-2128,2026-10-09,kept
556160-2730,2026-10-09,not_real_estate
556160-3829,2026-10-09,no_digital_report
556160-5618,2026-10-09,no_digital_report
556160-6400,2026-10-09,not_real_estate
556160-6616,2026-10-09,not_real_estate
556160-7549,2026-10-09,no_digital_report
556160-8273,2026-10-09,below_threshold
556160-8430,2026-10-09,no_digital_report
556160-9792,2026-10-09,not_real_estate
556161-0329,2026-10-09,not_real_estate
556161-1418,2026-10-09,not_real_estate
556161-1509,2026-10-09,no_digital_report
556161-1921,2026-10-09,not_real_estate
556161-2861,2026-10-09,no_digital_report
556161-5898,2026-10-09,not_real_estate
556161-6011,2026-10-09,below_threshold
556161-6110,2026-10-09,not_real_estate
556161-7290,2026-10-09,not_real_estate
556161-7779,2026-10-09,not_real_estate
556161-8132,2026-10-09,no_digital_report
556161-9346,2026-10-09,not_real_estate
556161-9924,2026-10-09,no_digital_report
556162-0393,2026-10-09,no_digital_report
556162-1961,2026-10-09,below_threshold
556162-3132,2026-10-09,not_real_estate
556162-3439,2026-10-09,not_real_estate
556162-4080,2026-10-09,not_real_estate
556162-5624,2026-10-09,below_threshold
556162-5764,2026-10-09,no_digital_report
556162-6838,2026-10-09,not_real_estate
556162-6945,2026-10-09,no_digital_report
556162-7422,2026-10-09,not_real_estate
556162-7661,2026-10-09,below_threshold
556162-8446,2026-10-09,below_threshold
556163-1945,2026-10-09,not_real_estate
556163-2703,2026-10-09,below_threshold
556163-4626,2026-10-09,not_real_estate
556163-5383,2026-10-09,not_real_estate
556163-5805,2026-10-09,no_digital_report
556163-6563,2026-10-09,below_threshold
556163-8288,2026-10-09,not_real_estate
556163-9161,2026-10-09,not_real_estate
556163-9708,2026-10-09,no_digital_report
556164-1902,2026-10-09,below_threshold
556164-2710,2026-10-09,no_digital_report
556164-3312,2026-10-09,not_real_estate
556164-4930,2026-10-09,not_real_estate
556164-6729,2026-10-09,not_real_estate
556164-8022,2026-10-09,not_real_estate
556164-9384,2026-10-09,below_threshold
556165-0143,2026-10-09,not_real_estate
556165-0408,2026-10-09,no_digital_report
556165-0762,2026-10-09,not_real_estate
556165-1174,2026-10-09,no_digital_report
556165-1265,2026-10-09,not_real_estate
556165-1356,2026-10-09,not_real_estate
556165-1406,2026-10-09,not_real_estate
556165-1463,2026-10-09,not_real_estate
556165-1729,2026-10-09,no_digital_report
556165-1950,2026-10-09,not_real_estate
556165-3428,2026-10-09,not_real_estate
556165-4079,2026-10-09,not_real_estate
556165-6132,2026-10-09,not_real_estate
556165-6751,2026-10-09,not_real_estate
556165-7841,2026-10-09,not_real_estate
556165-9078,2026-10-09,not_real_estate
556165-9359,2026-10-09,no_digital_report
556165-9888,2026-10-09,not_real_estate
556165-9920,2026-10-09,not_real_estate
556166-0167,2026-10-09,below_threshold
556166-0654,2026-10-09,no_digital_report
556166-0852,2026-10-09,no_digital_report
556166-0886,2026-10-09,kept
556166-1405,2026-10-09,not_real_estate
556166-3369,2026-10-09,not_real_estate
556166-3443,2026-10-09,below_threshold
556166-5968,2026-10-09,not_real_estate
556166-6206,2026-10-09,no_digital_report
556166-6669,2026-10-09,not_real_estate
556166-8012,2026-10-09,no_digital_report
556166-9481,2026-10-09,no_digital_report
556167-0646,2026-10-09,not_real_estate
556167-1008,2026-10-09,not_real_estate
556167-1404,2026-10-09,below_threshold
556167-1925,2026-10-09,below_threshold
556167-1982,2026-10-09,not_real_estate
556167-2154,2026-10-09,not_real_estate
556167-3095,2026-10-09,no_digital_report
556167-3715,2026-10-09,not_real_estate
556167-4606,2026-10-09,no_digital_report
556167-4721,2026-10-09,no_digital_report
556167-5686,2026-10-09,not_real_estate
556167-6015,2026-10-09,no_digital_report
556167-8789,2026-10-09,below_threshold
556167-8896,2026-10-09,not_real_estate
556167-9464,2026-10-09,no_digital_report
556168-0512,2026-10-09,no_digital_report
556168-1353,2026-10-09,not_real_estate
556168-1650,2026-10-09,not_real_estate
556168-4381,2026-10-09,not_real_estate
556168-6592,2026-10-09,not_real_estate
556168-7269,2026-10-09,no_digital_report
556168-7970,2026-10-09,below_threshold
556168-8853,2026-10-09,below_threshold
556168-9232,2026-10-09,below_threshold
556168-9331,2026-10-09,not_real_estate
556168-9588,2026-10-09,below_threshold
556168-9737,2026-10-09,below_threshold
556168-9984,2026-10-09,not_real_estate
556169-0446,2026-10-09,below_threshold
556169-0693,2026-10-09,below_threshold
556169-0867,2026-10-09,below_threshold
556169-1550,2026-10-09,not_real_estate
556169-2756,2026-10-09,not_real_estate
556169-3606,2026-10-09,not_real_estate
556169-5973,2026-10-09,below_threshold
556169-6138,2026-10-09,not_real_estate
556169-6773,2026-10-09,not_real_estate
556169-6807,2026-10-09,not_real_estate
556169-7581,2026-10-09,not_real_estate
556169-8936,2026-10-09,below_threshold
556169-9546,2026-10-09,no_digital_report
556169-9819,2026-10-09,not_real_estate
556170-0062,2026-10-09,not_real_estate
556170-0757,2026-10-09,not_real_estate
556170-0823,2026-10-09,not_real_estate
556170-0864,2026-10-09,not_real_estate
556170-1326,2026-10-09,not_real_estate
556170-1631,2026-10-09,not_real_estate
556170-1730,2026-10-09,not_real_estate
556170-2167,2026-10-09,not_real_estate
556170-3314,2026-10-09,not_real_estate
556170-3561,2026-10-09,not_real_estate
556170-4288,2026-10-09,below_threshold
556170-4940,2026-10-09,not_real_estate
556170-7109,2026-10-09,not_real_estate
556170-7554,2026-10-09,no_digital_report
556170-7984,2026-10-09,not_real_estate
556170-8057,2026-10-09,no_digital_report
556170-9758,2026-10-09,below_threshold
556170-9816,2026-10-09,not_real_estate
556171-3156,2026-10-09,no_digital_report
556171-3180,2026-10-09,not_real_estate
556171-3446,2026-10-09,no_digital_report
556171-4774,2026-10-09,not_real_estate
556171-5359,2026-10-09,not_real_estate
556171-5763,2026-10-09,below_threshold
556171-5888,2026-10-09,not_real_estate
556171-7041,2026-10-09,no_digital_report
556172-1159,2026-10-09,not_real_estate
556172-1399,2026-10-09,not_real_estate
556172-1571,2026-10-09,below_threshold
556172-1845,2026-10-09,not_real_estate
556172-2462,2026-10-09,no_digital_report
556172-3015,2026-10-09,not_real_estate
556172-3114,2026-10-09,not_real_estate
556172-3569,2026-10-09,below_threshold
556172-3619,2026-10-09,not_real_estate
556172-5747,2026-10-09,below_threshold
556172-5952,2026-10-09,not_real_estate
556172-6075,2026-10-09,below_threshold
556172-6521,2026-10-09,below_threshold
556172-7743,2026-10-09,below_threshold
556172-7941,2026-10-09,no_digital_report
556172-9715,2026-10-09,not_real_estate
556172-9905,2026-10-09,not_real_estate
556173-0358,2026-10-09,below_threshold
556173-0663,2026-10-09,kept
556173-2552,2026-10-09,not_real_estate
556173-3147,2026-10-09,not_real_estate
556173-3758,2026-10-09,not_real_estate
556173-3972,2026-10-09,below_threshold
556173-4434,2026-10-09,not_real_estate
556173-4707,2026-10-09,not_real_estate
556173-8914,2026-10-09,no_digital_report
556173-9227,2026-10-09,no_digital_report
556173-9417,2026-10-09,not_real_estate
556173-9789,2026-10-09,not_real_estate
556173-9847,2026-10-09,no_digital_report
556174-0480,2026-10-09,below_threshold
556174-0514,2026-10-09,no_digital_report
556174-2767,2026-10-09,below_threshold
556174-3922,2026-10-09,no_digital_report
556174-5356,2026-10-09,not_real_estate
556174-6388,2026-10-09,not_real_estate
556174-6719,2026-10-09,not_real_estate
556174-7071,2026-10-09,below_threshold
556174-7246,2026-10-09,not_real_estate
556174-8541,2026-10-09,not_real_estate
556174-9150,2026-10-09,no_digital_report
556174-9614,2026-10-09,not_real_estate
556174-9879,2026-10-09,not_real_estate
556175-1545,2026-10-09,no_digital_report
556175-2154,2026-10-09,not_real_estate
556175-2287,2026-10-09,not_real_estate
556175-2550,2026-10-09,below_threshold
556175-6114,2026-10-09,not_real_estate
556175-6916,2026-10-09,not_real_estate
556175-7104,2026-10-09,kept
556175-8318,2026-10-09,not_real_estate
556175-8763,2026-10-09,no_digital_report
556176-1957,2026-10-09,not_real_estate
556176-2914,2026-10-09,below_threshold
556176-3128,2026-10-09,no_digital_report
556176-5073,2026-10-09,below_threshold
556176-5354,2026-10-09,not_real_estate
556176-5503,2026-10-09,not_real_estate
556176-5727,2026-10-09,no_digital_report
556176-6725,2026-10-09,not_real_estate
556176-7301,2026-10-09,below_threshold
556176-7863,2026-10-09,below_threshold
556176-7996,2026-10-09,not_real_estate
556176-8200,2026-10-09,not_real_estate
556176-8291,2026-10-09,not_real_estate
556176-8838,2026-10-09,not_real_estate
556176-9521,2026-10-09,no_digital_report
556177-0099,2026-10-09,not_real_estate
556177-0271,2026-10-09,not_real_estate
556177-2244,2026-10-09,not_real_estate
556177-2905,2026-10-09,no_digital_report
556177-4711,2026-10-09,not_real_estate
556177-4802,2026-10-09,not_real_estate
556177-6583,2026-10-09,below_threshold
556177-7458,2026-10-09,no_digital_report
556177-7722,2026-10-09,not_real_estate
556177-8480,2026-10-09,below_threshold
556177-8571,2026-10-09,not_real_estate
556178-1195,2026-10-09,below_threshold
556178-1765,2026-10-09,not_real_estate
556178-2052,2026-10-09,below_threshold
556178-2334,2026-10-09,below_threshold
556178-3258,2026-10-09,not_real_estate
556178-3282,2026-10-09,no_digital_report
556178-4199,2026-10-09,not_real_estate
556178-4496,2026-10-09,no_digital_report
556178-4553,2026-10-09,no_digital_report
556178-5923,2026-10-09,not_real_estate
556178-6103,2026-10-09,not_real_estate
556178-7663,2026-10-09,not_real_estate
556178-7820,2026-10-09,not_real_estate
556178-8687,2026-10-09,not_real_estate
556178-8968,2026-10-09,no_digital_report
556178-9750,2026-10-09,below_threshold
556178-9909,2026-10-09,not_real_estate
556179-1624,2026-10-09,not_real_estate
556179-2960,2026-10-09,below_threshold
556179-3927,2026-10-09,below_threshold
556179-5203,2026-10-09,no_digital_report
556179-5526,2026-10-09,not_real_estate
556179-7407,2026-10-09,not_real_estate
556179-8074,2026-10-09,no_digital_report
556179-8652,2026-10-09,not_real_estate
556179-9874,2026-10-09,no_digital_report
556180-0268,2026-10-09,below_threshold
556180-1738,2026-10-09,not_real_estate
556180-2983,2026-10-09,not_real_estate
556180-3338,2026-10-09,not_real_estate
556180-3726,2026-10-09,no_digital_report
556180-4252,2026-10-09,no_digital_report
556180-5499,2026-10-09,no_digital_report
556180-6554,2026-10-09,not_real_estate
556180-6687,2026-10-09,kept
556180-7545,2026-10-09,not_real_estate
556180-7800,2026-10-09,not_real_estate
556180-7958,2026-10-09,below_threshold
556180-9293,2026-10-09,no_digital_report
556181-0036,2026-10-09,not_real_estate
556181-1372,2026-10-09,not_real_estate
556181-2297,2026-10-09,not_real_estate
556181-2370,2026-10-09,not_real_estate
556181-4103,2026-10-09,not_real_estate
556181-4848,2026-10-09,not_real_estate
556181-6298,2026-10-09,not_real_estate
556182-0563,2026-10-09,not_real_estate
556182-1595,2026-10-09,not_real_estate
556182-3906,2026-10-09,no_digital_report
556182-3989,2026-10-09,not_real_estate
556182-4045,2026-10-09,below_threshold
556182-4409,2026-10-09,below_threshold
556182-5851,2026-10-09,kept
556182-9390,2026-10-09,not_real_estate
556183-0554,2026-10-09,below_threshold
556183-0679,2026-10-09,not_real_estate
556183-1453,2026-10-09,no_digital_report
556183-1495,2026-10-09,not_real_estate
556183-1529,2026-10-09,not_real_estate
556183-1784,2026-10-09,below_threshold
556183-1875,2026-10-09,below_threshold
556183-2436,2026-10-09,not_real_estate
556183-2550,2026-10-09,not_real_estate
556183-4804,2026-10-09,below_threshold
556183-5124,2026-10-09,not_real_estate
556183-5348,2026-10-09,below_threshold
556183-6106,2026-10-09,not_real_estate
556183-6130,2026-10-09,below_threshold
556183-7161,2026-10-09,no_digital_report
556183-8441,2026-10-09,no_digital_report
556183-8888,2026-10-09,below_threshold
556183-9498,2026-10-09,not_real_estate
556184-0587,2026-10-09,not_real_estate
556184-1049,2026-10-09,below_threshold
556184-2468,2026-10-09,not_real_estate
556184-2724,2026-10-09,not_real_estate
556184-4084,2026-10-09,below_threshold
556184-4415,2026-10-09,below_threshold
556184-4548,2026-10-09,not_real_estate
556184-6253,2026-10-09,not_real_estate
556184-6535,2026-10-09,not_real_estate
556184-6766,2026-10-09,no_digital_report
556184-6840,2026-10-09,no_digital_report
556184-8085,2026-10-09,below_threshold
556184-8150,2026-10-09,not_real_estate
556184-8341,2026-10-09,not_real_estate
556184-8853,2026-10-09,below_threshold
556184-8911,2026-10-09,kept
556184-9125,2026-10-09,not_real_estate
556184-9463,2026-10-09,not_real_estate
556185-1063,2026-10-09,not_real_estate
556185-1832,2026-10-09,not_real_estate
556185-2525,2026-10-09,no_digital_report
556185-4281,2026-10-09,no_digital_report
556185-5197,2026-10-09,no_digital_report
556185-5502,2026-10-09,not_real_estate
556185-6559,2026-10-09,not_real_estate
556185-7375,2026-10-09,no_digital_report
556185-7524,2026-10-09,not_real_estate
556185-7714,2026-10-09,not_real_estate
556185-9835,2026-10-09,no_digital_report
556185-9967,2026-10-09,below_threshold
556186-0361,2026-10-09,not_real_estate
556186-0577,2026-10-09,no_digital_report
556186-1567,2026-10-09,no_digital_report
556186-4652,2026-10-09,not_real_estate
556186-4801,2026-10-09,not_real_estate
556186-5527,2026-10-09,below_threshold
556186-5659,2026-10-09,not_real_estate
556186-5766,2026-10-09,not_real_estate
556186-6061,2026-10-09,not_real_estate
556186-6434,2026-10-09,not_real_estate
556186-7374,2026-10-09,no_digital_report
556186-7754,2026-10-09,not_real_estate
556186-7804,2026-10-09,no_digital_report
556186-8281,2026-10-09,not_real_estate
556186-9479,2026-10-09,not_real_estate
556187-0006,2026-10-09,not_real_estate
556187-1327,2026-10-09,not_real_estate
556187-2614,2026-10-09,not_real_estate
556187-3422,2026-10-09,not_real_estate
556187-3570,2026-10-09,not_real_estate
556187-3935,2026-10-09,not_real_estate
556187-4073,2026-10-09,not_real_estate
556187-4099,2026-10-09,below_threshold
556187-4156,2026-10-09,not_real_estate
556187-4180,2026-10-09,below_threshold
556187-4891,2026-10-09,not_real_estate
556187-5039,2026-10-09,not_real_estate
556187-5096,2026-10-09,below_threshold
556187-5526,2026-10-09,not_real_estate
556187-6136,2026-10-09,not_real_estate
556187-6979,2026-10-09,not_real_estate
556187-8967,2026-10-09,below_threshold
556187-9403,2026-10-09,not_real_estate
556188-1011,2026-10-09,no_digital_report
556188-2787,2026-10-09,not_real_estate
556188-2878,2026-10-09,not_real_estate
556188-2944,2026-10-09,no_digital_report
556188-3223,2026-10-09,no_digital_report
556188-3892,2026-10-09,not_real_estate
556188-4833,2026-10-09,below_threshold
556188-4981,2026-10-09,not_real_estate
556188-5673,2026-10-09,not_real_estate
556188-5780,2026-10-09,no_digital_report
556188-5889,2026-10-09,no_digital_report
556188-6127,2026-10-09,no_digital_report
556188-6382,2026-10-09,not_real_estate
556188-6457,2026-10-09,not_real_estate
556188-8289,2026-10-09,kept
556188-8446,2026-10-09,not_real_estate
556188-8453,2026-10-09,not_real_estate
556188-8701,2026-10-09,not_real_estate
556188-9394,2026-10-09,not_real_estate
556188-9667,2026-10-09,below_threshold
556188-9725,2026-10-09,not_real_estate
556188-9972,2026-10-09,not_real_estate
556189-0632,2026-10-09,not_real_estate
556189-1283,2026-10-09,not_real_estate
556189-2570,2026-10-09,not_real_estate
556189-3222,2026-10-09,below_threshold
556189-3453,2026-10-09,below_threshold
556189-3685,2026-10-09,no_digital_report
556189-4303,2026-10-09,below_threshold
556189-5433,2026-10-09,not_real_estate
556189-6290,2026-10-09,below_threshold
556189-7348,2026-10-09,below_threshold
556189-8262,2026-10-09,below_threshold
556189-9674,2026-10-09,below_threshold
556189-9948,2026-10-09,not_real_estate
556190-0340,2026-10-09,below_threshold
556190-2783,2026-10-09,no_digital_report
556190-3047,2026-10-09,not_real_estate
556190-3484,2026-10-09,not_real_estate
556190-3492,2026-10-09,not_real_estate
556190-3542,2026-10-09,not_real_estate
556190-5190,2026-10-09,not_real_estate
556190-5513,2026-10-09,not_real_estate
556190-5554,2026-10-09,below_threshold
556190-6081,2026-10-09,not_real_estate
556190-6933,2026-10-09,not_real_estate
556190-7709,2026-10-09,not_real_estate
556190-7824,2026-10-09,no_digital_report
556190-8152,2026-10-09,not_real_estate
556190-8194,2026-10-09,not_real_estate
556190-8368,2026-10-09,no_digital_report
556190-8772,2026-10-09,no_digital_report
556190-9259,2026-10-09,below_threshold
556190-9325,2026-10-09,not_real_estate
556191-1255,2026-10-09,not_real_estate
556191-1263,2026-10-09,no_digital_report
556191-1271,2026-10-09,not_real_estate
556191-1297,2026-10-09,not_real_estate
556191-1735,2026-10-09,not_real_estate
556191-2055,2026-10-09,not_real_estate
556191-3178,2026-10-09,no_digital_report
556191-3715,2026-10-09,no_digital_report
556191-3830,2026-10-09,below_threshold
556191-4820,2026-10-09,below_threshold
556191-5892,2026-10-09,not_real_estate
556191-7120,2026-10-09,not_real_estate
556191-9688,2026-10-09,not_real_estate
556192-0587,2026-10-09,not_real_estate
556192-1056,2026-10-09,no_digital_report
556192-3227,2026-10-09,below_threshold
556192-6204,2026-10-09,no_digital_report
556192-6600,2026-10-09,not_real_estate
556192-6626,2026-10-09,below_threshold
556192-7178,2026-10-09,not_real_estate
556192-9232,2026-10-09,not_real_estate
556192-9331,2026-10-09,not_real_estate
556192-9398,2026-10-09,not_real_estate
556192-9760,2026-10-09,not_real_estate
556192-9869,2026-10-09,below_threshold
556193-0123,2026-10-09,not_real_estate
556193-0636,2026-10-09,not_real_estate
556193-2103,2026-10-09,not_real_estate
556193-2145,2026-10-09,no_digital_report
556193-2178,2026-10-09,below_threshold
556193-2905,2026-10-09,not_real_estate
556193-3614,2026-10-09,below_threshold
556193-3994,2026-10-09,not_real_estate
556193-4281,2026-10-09,not_real_estate
556193-4307,2026-10-09,no_digital_report
556193-4885,2026-10-09,below_threshold
556193-5080,2026-10-09,no_digital_report
556193-6872,2026-10-09,below_threshold
556193-7698,2026-10-09,below_threshold
556193-7797,2026-10-09,not_real_estate
556193-8068,2026-10-09,no_digital_report
556193-9827,2026-10-09,no_digital_report
556194-2953,2026-10-09,not_real_estate
556194-4066,2026-10-09,not_real_estate
556194-4785,2026-10-09,not_real_estate
556194-4900,2026-10-09,not_real_estate
556194-5782,2026-10-09,not_real_estate
556194-6053,2026-10-09,no_digital_report
556194-7432,2026-10-09,not_real_estate
556194-8539,2026-10-09,not_real_estate
556194-9297,2026-10-09,no_digital_report
556194-9461,2026-10-09,not_real_estate
556195-0014,2026-10-09,below_threshold
556195-0584,2026-10-09,below_threshold
556195-0808,2026-10-09,no_digital_report
556195-0824,2026-10-09,not_real_estate
556195-1673,2026-10-09,not_real_estate
556195-2770,2026-10-09,not_real_estate
556195-3091,2026-10-09,not_real_estate
556195-3125,2026-10-09,not_real_estate
556195-3356,2026-10-09,not_real_estate
556195-4784,2026-10-09,not_real_estate
556195-5138,2026-10-09,not_real_estate
556195-5211,2026-10-09,no_digital_report
556195-5450,2026-10-09,below_threshold
556195-5682,2026-10-09,not_real_estate
556195-6086,2026-10-09,no_digital_report
556195-8215,2026-10-09,not_real_estate
556195-8462,2026-10-09,not_real_estate
556195-9171,2026-10-09,below_threshold
556195-9452,2026-10-09,below_threshold
556196-0013,2026-10-09,not_real_estate
556196-0773,2026-10-09,not_real_estate
556196-1219,2026-10-09,not_real_estate
556196-1508,2026-10-09,not_real_estate
556196-2647,2026-10-09,not_real_estate
556196-3009,2026-10-09,not_real_estate
556196-4411,2026-10-09,not_real_estate
556196-4858,2026-10-09,not_real_estate
556196-4981,2026-10-09,not_real_estate
556196-5061,2026-10-09,no_digital_report
556196-6044,2026-10-09,below_threshold
556196-6259,2026-10-09,kept
556196-6390,2026-10-09,not_real_estate
556196-6416,2026-10-09,not_real_estate
556196-6754,2026-10-09,not_real_estate
556196-7760,2026-10-09,not_real_estate
556196-8305,2026-10-09,not_real_estate
556196-9972,2026-10-09,kept
556197-1069,2026-10-09,not_real_estate
556197-1135,2026-10-09,not_real_estate
556197-1275,2026-10-09,no_digital_report
556197-2380,2026-10-09,not_real_estate
556197-3479,2026-10-09,not_real_estate
556197-3735,2026-10-09,not_real_estate
556197-3958,2026-10-09,not_real_estate
556197-4436,2026-10-09,not_real_estate
556197-4477,2026-10-09,below_threshold
556197-4568,2026-10-09,no_digital_report
556197-6688,2026-10-09,below_threshold
556197-6738,2026-10-09,no_digital_report
556197-7587,2026-10-09,not_real_estate
556197-8635,2026-10-09,no_digital_report
556197-8734,2026-10-09,no_digital_report
556197-8825,2026-10-09,not_real_estate
556197-8890,2026-10-09,no_digital_report
556197-9468,2026-10-09,not_real_estate
556197-9948,2026-10-09,below_threshold
556198-0177,2026-10-09,not_real_estate
556198-0219,2026-10-09,below_threshold
556198-0904,2026-10-09,not_real_estate
556198-1399,2026-10-09,no_digital_report
556198-1522,2026-10-09,below_threshold
556198-1944,2026-10-09,not_real_estate
556198-2074,2026-10-09,not_real_estate
556198-2769,2026-10-09,not_real_estate
556198-3635,2026-10-09,not_real_estate
556198-3643,2026-10-09,not_real_estate
556198-3908,2026-10-09,not_real_estate
556198-3940,2026-10-09,not_real_estate
556198-4815,2026-10-09,not_real_estate
556198-5267,2026-10-09,no_digital_report
556198-5358,2026-10-09,not_real_estate
556198-6182,2026-10-09,no_digital_report
556198-6349,2026-10-09,below_threshold
556198-6885,2026-10-09,below_threshold
556198-7107,2026-10-09,not_real_estate
556198-7560,2026-10-09,not_real_estate
556198-7719,2026-10-09,not_real_estate
556198-9053,2026-10-09,not_real_estate
556198-9731,2026-10-09,not_real_estate
556199-0713,2026-10-09,kept
556199-0895,2026-10-09,not_real_estate
556199-1257,2026-10-09,no_digital_report
556199-1273,2026-10-09,no_digital_report
556199-1687,2026-10-09,no_digital_report
556199-2263,2026-10-09,not_real_estate
556199-2586,2026-10-09,below_threshold
556199-2982,2026-10-09,not_real_estate
556199-3204,2026-10-09,below_threshold
556199-3295,2026-10-09,not_real_estate
556199-3352,2026-10-09,not_real_estate
556199-3600,2026-10-09,not_real_estate
556199-5035,2026-10-09,below_threshold
556199-5480,2026-10-09,below_threshold
556199-6611,2026-10-09,no_digital_report
556199-6975,2026-10-09,not_real_estate
556199-8120,2026-10-09,no_digital_report
556199-8146,2026-10-09,no_digital_report
556199-8252,2026-10-09,not_real_estate
556199-9755,2026-10-09,not_real_estate
556200-0223,2026-10-09,no_digital_report
556200-0686,2026-10-09,not_real_estate
556200-0736,2026-10-09,not_real_estate
556200-0835,2026-10-09,not_real_estate
556200-1122,2026-10-09,not_real_estate
556200-2070,2026-10-09,below_threshold
556200-2468,2026-10-09,below_threshold
556200-2575,2026-10-09,no_digital_report
556200-3045,2026-10-09,below_threshold
556200-4340,2026-10-09,below_threshold
556200-4860,2026-10-09,not_real_estate
556200-5321,2026-10-09,no_digital_report
556200-5354,2026-10-09,below_threshold
556200-7582,2026-10-09,no_digital_report
556200-7608,2026-10-09,not_real_estate
556200-8424,2026-10-09,not_real_estate
556200-9141,2026-10-09,no_digital_report
556200-9257,2026-10-09,not_real_estate
556200-9661,2026-10-09,no_digital_report
556200-9778,2026-10-09,not_real_estate
556201-0032,2026-10-09,below_threshold
556201-1766,2026-10-09,no_digital_report
556201-1873,2026-10-09,below_threshold
556201-2079,2026-10-09,not_real_estate
556201-2426,2026-10-09,not_real_estate
556201-2517,2026-10-09,no_digital_report
556201-3085,2026-10-09,not_real_estate
556201-3572,2026-10-09,not_real_estate
556201-4208,2026-10-09,not_real_estate
556201-4711,2026-10-09,not_real_estate
556201-5106,2026-10-09,no_digital_report
556201-5403,2026-10-09,not_real_estate
556201-6567,2026-10-09,not_real_estate
556201-6666,2026-10-09,below_threshold
556201-6872,2026-10-09,not_real_estate
556201-7169,2026-10-09,not_real_estate
556201-7243,2026-10-09,not_real_estate
556201-8498,2026-10-09,below_threshold
556202-0023,2026-10-09,below_threshold
556202-1237,2026-10-09,no_digital_report
556202-1294,2026-10-09,no_digital_report
556202-1963,2026-10-09,no_digital_report
556202-1989,2026-10-09,below_threshold
556202-2268,2026-10-09,not_real_estate
556202-2847,2026-10-09,below_threshold
556202-3191,2026-10-09,not_real_estate
556202-3449,2026-10-09,no_digital_report
556202-3530,2026-10-09,not_real_estate
556202-3597,2026-10-09,no_digital_report
556202-3696,2026-10-09,below_threshold
556202-3738,2026-10-09,below_threshold
556202-3894,2026-10-09,no_digital_report
556202-3928,2026-10-09,not_real_estate
556202-4256,2026-10-09,not_real_estate
556202-4728,2026-10-09,no_digital_report
556202-5725,2026-10-09,not_real_estate
556202-5907,2026-10-09,not_real_estate
556202-6871,2026-10-09,below_threshold
556202-7465,2026-10-09,not_real_estate
556203-0006,2026-10-09,not_real_estate
556203-0618,2026-10-09,below_threshold
556203-1384,2026-10-09,below_threshold
556203-1582,2026-10-09,not_real_estate
556203-2093,2026-10-09,no_digital_report
556203-2218,2026-10-09,not_real_estate
556203-2671,2026-10-09,no_digital_report
556203-2721,2026-10-09,not_real_estate
556203-4123,2026-10-09,no_digital_report
556203-5559,2026-10-09,not_real_estate
556203-5732,2026-10-09,no_digital_report
556203-7217,2026-10-09,below_threshold
556203-7431,2026-10-09,below_threshold
556203-7852,2026-10-09,kept
556203-7977,2026-10-09,below_threshold
556203-8025,2026-10-09,no_digital_report
556203-9544,2026-10-09,not_real_estate
556204-0153,2026-10-09,not_real_estate
556204-0351,2026-10-09,not_real_estate
556204-1045,2026-10-09,no_digital_report
556204-1177,2026-10-09,no_digital_report
556204-1565,2026-10-09,not_real_estate
556204-1888,2026-10-09,no_digital_report
556204-3306,2026-10-09,not_real_estate
556204-3595,2026-10-09,below_threshold
556204-3835,2026-10-09,not_real_estate
556204-4031,2026-10-09,not_real_estate
556204-4221,2026-10-09,not_real_estate
556204-4288,2026-10-09,no_digital_report
556204-4338,2026-10-09,not_real_estate
556204-5178,2026-10-09,no_digital_report
556204-5483,2026-10-09,not_real_estate
556204-6143,2026-10-09,below_threshold
556204-6747,2026-10-09,no_digital_report
556204-7166,2026-10-09,not_real_estate
556204-7844,2026-10-09,not_real_estate
556204-8339,2026-10-09,not_real_estate
556204-8974,2026-10-09,not_real_estate
556204-9097,2026-10-09,below_threshold
556204-9782,2026-10-09,no_digital_report
556205-0699,2026-10-09,below_threshold
556205-1465,2026-10-09,no_digital_report
556205-1739,2026-10-09,not_real_estate
556205-3008,2026-10-09,below_threshold
556205-3123,2026-10-09,below_threshold
556205-4014,2026-10-09,no_digital_report
556205-4352,2026-10-09,below_threshold
556205-4824,2026-10-09,not_real_estate
556205-5169,2026-10-09,below_threshold
556205-5599,2026-10-09,not_real_estate
556205-5631,2026-10-09,no_digital_report
556205-6126,2026-10-09,not_real_estate
556205-6654,2026-10-09,below_threshold
556205-6894,2026-10-09,kept
556205-7041,2026-10-09,no_digital_report
556205-7389,2026-10-09,not_real_estate
556205-7702,2026-10-09,not_real_estate
556205-8353,2026-10-09,not_real_estate
556205-8486,2026-10-09,not_real_estate
556205-8643,2026-10-09,not_real_estate
556205-9492,2026-10-09,not_real_estate
556205-9542,2026-10-09,not_real_estate
556206-0177,2026-10-09,no_digital_report
556206-0888,2026-10-09,not_real_estate
556206-1274,2026-10-09,below_threshold
556206-2082,2026-10-09,no_digital_report
556206-2660,2026-10-09,no_digital_report
556206-3874,2026-10-09,not_real_estate
556206-4070,2026-10-09,below_threshold
556206-4278,2026-10-09,not_real_estate
556206-4534,2026-10-09,no_digital_report
556206-4963,2026-10-09,no_digital_report
556206-5549,2026-10-09,not_real_estate
556206-6117,2026-10-09,no_digital_report
556206-6273,2026-10-09,not_real_estate
556206-6836,2026-10-09,not_real_estate
556206-7149,2026-10-09,not_real_estate
556206-7255,2026-10-09,no_digital_report
556206-7289,2026-10-09,not_real_estate
556206-7404,2026-10-09,below_threshold
556206-7495,2026-10-09,not_real_estate
556206-8147,2026-10-09,not_real_estate
556206-8154,2026-10-09,not_real_estate
556206-9186,2026-10-09,not_real_estate
556206-9285,2026-10-09,below_threshold
556206-9624,2026-10-09,kept
556206-9749,2026-10-09,not_real_estate
556207-0135,2026-10-09,not_real_estate
556207-0606,2026-10-09,not_real_estate
556207-0655,2026-10-09,not_real_estate
556207-0986,2026-10-09,not_real_estate
556207-1315,2026-10-09,not_real_estate
556207-1893,2026-10-09,not_real_estate
556207-2222,2026-10-09,no_digital_report
556207-3105,2026-10-09,not_real_estate
556207-3477,2026-10-09,not_real_estate
556207-3618,2026-10-09,not_real_estate
556207-3899,2026-10-09,not_real_estate
556207-4202,2026-10-09,no_digital_report
556207-4392,2026-10-09,no_digital_report
556207-4426,2026-10-09,not_real_estate
556207-5159,2026-10-09,not_real_estate
556207-5555,2026-10-09,not_real_estate
556207-5654,2026-10-09,below_threshold
556207-5852,2026-10-09,not_real_estate
556207-6124,2026-10-09,not_real_estate
556207-6256,2026-10-09,not_real_estate
556207-6371,2026-10-09,no_digital_report
556207-6769,2026-10-09,no_digital_report
556207-6926,2026-10-09,not_real_estate
556207-6967,2026-10-09,not_real_estate
556207-7676,2026-10-09,not_real_estate
556207-8278,2026-10-09,no_digital_report
556207-8534,2026-10-09,not_real_estate
556207-8575,2026-10-09,not_real_estate
556207-9516,2026-10-09,no_digital_report
556207-9755,2026-10-09,below_threshold
556207-9987,2026-10-09,not_real_estate
556208-0852,2026-10-09,no_digital_report
556208-1603,2026-10-09,below_threshold
556208-1983,2026-10-09,not_real_estate
556208-2072,2026-10-09,below_threshold
556208-2486,2026-10-09,not_real_estate
556208-3476,2026-10-09,below_threshold
556208-4250,2026-10-09,no_digital_report
556208-4482,2026-10-09,no_digital_report
556208-5679,2026-10-09,not_real_estate
556208-6313,2026-10-09,not_real_estate
556208-8285,2026-10-09,below_threshold
556208-8756,2026-10-09,no_digital_report
556208-8947,2026-10-09,not_real_estate
556208-8954,2026-10-09,below_threshold
556208-9853,2026-10-09,not_real_estate
556208-9986,2026-10-09,no_digital_report
556209-0455,2026-10-09,not_real_estate
556209-2873,2026-10-09,below_threshold
556209-3517,2026-10-09,not_real_estate
556209-3848,2026-10-09,no_digital_report
556209-4069,2026-10-09,no_digital_report
556209-4325,2026-10-09,not_real_estate
556209-4432,2026-10-09,no_digital_report
556209-4614,2026-10-09,no_digital_report
556209-6361,2026-10-09,not_real_estate
556209-6411,2026-10-09,not_real_estate
556209-7179,2026-10-09,below_threshold
556209-7757,2026-10-09,not_real_estate
556209-8532,2026-10-09,not_real_estate
556209-9175,2026-10-09,below_threshold
556209-9548,2026-10-09,below_threshold
556210-0114,2026-10-09,no_digital_report
556210-1351,2026-10-09,no_digital_report
556210-1526,2026-10-09,no_digital_report
556210-1963,2026-10-09,not_real_estate
556210-2144,2026-10-09,not_real_estate
556210-2185,2026-10-09,no_digital_report
556210-3969,2026-10-09,not_real_estate
556210-4967,2026-10-09,below_threshold
556210-6483,2026-10-09,not_real_estate
556210-6673,2026-10-09,not_real_estate
556210-6699,2026-10-09,below_threshold
556210-6772,2026-10-09,not_real_estate
556210-8422,2026-10-09,not_real_estate
556210-8562,2026-10-09,below_threshold
556210-9321,2026-10-09,not_real_estate
556210-9495,2026-10-09,below_threshold
556210-9651,2026-10-09,not_real_estate
556211-0717,2026-10-09,not_real_estate
556211-0774,2026-10-09,not_real_estate
556211-0832,2026-10-09,no_digital_report
556211-1012,2026-10-09,not_real_estate
556211-1186,2026-10-09,no_digital_report
556211-1194,2026-10-09,not_real_estate
556211-2275,2026-10-09,below_threshold
556211-2754,2026-10-09,not_real_estate
556211-3224,2026-10-09,not_real_estate
556211-4040,2026-10-09,not_real_estate
556211-4966,2026-10-09,no_digital_report
556211-5443,2026-10-09,not_real_estate
556211-6201,2026-10-09,below_threshold
556211-8462,2026-10-09,not_real_estate
556211-9072,2026-10-09,not_real_estate
556211-9551,2026-10-09,not_real_estate
556211-9791,2026-10-09,not_real_estate
556212-0039,2026-10-09,not_real_estate
556212-0179,2026-10-09,not_real_estate
556212-0294,2026-10-09,not_real_estate
556212-0310,2026-10-09,not_real_estate
556212-0427,2026-10-09,not_real_estate
556212-0815,2026-10-09,no_digital_report
556212-1367,2026-10-09,not_real_estate
556212-2589,2026-10-09,not_real_estate
556212-3629,2026-10-09,not_real_estate
556212-4023,2026-10-09,not_real_estate
556212-4809,2026-10-09,not_real_estate
556212-5137,2026-10-09,not_real_estate
556212-5798,2026-10-09,not_real_estate
556212-7430,2026-10-09,not_real_estate
556212-7497,2026-10-09,not_real_estate
556212-7943,2026-10-09,not_real_estate
556212-8289,2026-10-09,not_real_estate
556212-8347,2026-10-09,not_real_estate
556212-9550,2026-10-09,no_digital_report
556212-9683,2026-10-09,not_real_estate
556213-0004,2026-10-09,below_threshold
556213-0228,2026-10-09,no_digital_report
556213-2695,2026-10-09,no_digital_report
556213-2893,2026-10-09,below_threshold
556213-3057,2026-10-09,no_digital_report
556213-3768,2026-10-09,not_real_estate
556213-4030,2026-10-09,below_threshold
556213-6266,2026-10-09,not_real_estate
556213-6886,2026-10-09,not_real_estate
556213-7678,2026-10-09,no_digital_report
556213-8353,2026-10-09,below_threshold
556213-8486,2026-10-09,not_real_estate
556213-8502,2026-10-09,not_real_estate
556213-9021,2026-10-09,not_real_estate
556213-9062,2026-10-09,below_threshold
556213-9203,2026-10-09,not_real_estate
556213-9666,2026-10-09,not_real_estate
556213-9740,2026-10-09,below_threshold
556214-0136,2026-10-09,below_threshold
556214-0318,2026-10-09,not_real_estate
556214-0482,2026-10-09,not_real_estate
556214-1183,2026-10-09,no_digital_report
556214-1969,2026-10-09,not_real_estate
556214-2165,2026-10-09,not_real_estate
556214-2710,2026-10-09,not_real_estate
556214-2785,2026-10-09,not_real_estate
556214-3445,2026-10-09,not_real_estate
556214-3957,2026-10-09,below_threshold
556214-4161,2026-10-09,not_real_estate
556214-5275,2026-10-09,not_real_estate
556214-5580,2026-10-09,no_digital_report
556214-5747,2026-10-09,no_digital_report
556214-6067,2026-10-09,not_real_estate
556214-6745,2026-10-09,not_real_estate
556214-6786,2026-10-09,not_real_estate
556214-7313,2026-10-09,no_digital_report
556214-8931,2026-10-09,below_threshold
556214-9533,2026-10-09,not_real_estate
556215-1422,2026-10-09,not_real_estate
556215-2271,2026-10-09,not_real_estate
556215-2545,2026-10-09,not_real_estate
556215-2958,2026-10-09,no_digital_report
556215-4442,2026-10-09,not_real_estate
556215-5910,2026-10-09,not_real_estate
556215-6439,2026-10-09,not_real_estate
556215-6868,2026-10-09,not_real_estate
556215-7924,2026-10-09,no_digital_report
556215-8310,2026-10-09,below_threshold
556215-8492,2026-10-09,no_digital_report
556215-8708,2026-10-09,kept
556215-9003,2026-10-09,below_threshold
556215-9318,2026-10-09,no_digital_report
556215-9508,2026-10-09,below_threshold
556215-9565,2026-10-09,no_digital_report
556215-9623,2026-10-09,below_threshold
556216-0399,2026-10-09,below_threshold
556216-1108,2026-10-09,not_real_estate
556216-1801,2026-10-09,not_real_estate
556216-2189,2026-10-09,below_threshold
556216-2403,2026-10-09,not_real_estate
556216-2809,2026-10-09,not_real_estate
556216-4243,2026-10-09,not_real_estate
556216-4383,2026-10-09,not_real_estate
556216-4805,2026-10-09,not_real_estate
556216-5083,2026-10-09,not_real_estate
556216-5091,2026-10-09,below_threshold
556216-5323,2026-10-09,no_digital_report
556216-5968,2026-10-09,not_real_estate
556216-6206,2026-10-09,no_digital_report
556216-6347,2026-10-09,no_digital_report
556216-7022,2026-10-09,not_real_estate
556216-8160,2026-10-09,below_threshold
556216-9291,2026-10-09,not_real_estate
556216-9465,2026-10-09,not_real_estate
556216-9978,2026-10-09,kept
556217-0513,2026-10-09,not_real_estate
556217-1016,2026-10-09,below_threshold
556217-1370,2026-10-09,below_threshold
556217-1917,2026-10-09,no_digital_report
556217-2584,2026-10-09,not_real_estate
556217-2667,2026-10-09,not_real_estate
556217-3657,2026-10-09,not_real_estate
556217-4168,2026-10-09,not_real_estate
556217-4341,2026-10-09,no_digital_report
556217-4515,2026-10-09,not_real_estate
556217-5025,2026-10-09,not_real_estate
556217-5421,2026-10-09,not_real_estate
556217-5843,2026-10-09,not_real_estate
556217-6577,2026-10-09,not_real_estate
556217-6585,2026-10-09,not_real_estate
556217-6825,2026-10-09,not_real_estate
556217-6841,2026-10-09,not_real_estate
556217-6874,2026-10-09,no_digital_report
556217-7377,2026-10-09,no_digital_report
556217-7567,2026-10-09,not_real_estate
556217-8185,2026-10-09,not_real_estate
556217-8235,2026-10-09,not_real_estate
556217-8508,2026-10-09,no_digital_report
556217-9589,2026-10-09,not_real_estate
556217-9670,2026-10-09,below_threshold
556218-0041,2026-10-09,no_digital_report
556218-0066,2026-10-09,not_real_estate
556218-0090,2026-10-09,not_real_estate
556218-0363,2026-10-09,not_real_estate
556218-0785,2026-10-09,no_digital_report
556218-2252,2026-10-09,not_real_estate
556218-2294,2026-10-09,below_threshold
556218-2658,2026-10-09,not_real_estate
556218-2989,2026-10-09,no_digital_report
556218-3219,2026-10-09,no_digital_report
556218-4175,2026-10-09,no_digital_report
556218-4431,2026-10-09,no_digital_report
556218-4639,2026-10-09,not_real_estate
556218-5024,2026-10-09,not_real_estate
556218-5644,2026-10-09,not_real_estate
556218-6600,2026-10-09,below_threshold
556218-7285,2026-10-09,not_real_estate
556218-8549,2026-10-09,no_digital_report
556218-8804,2026-10-09,not_real_estate
556218-9752,2026-10-09,not_real_estate
556219-2061,2026-10-09,not_real_estate
556219-3333,2026-10-09,not_real_estate
556219-3713,2026-10-09,not_real_estate
556219-4331,2026-10-09,kept
556219-5551,2026-10-09,not_real_estate
556219-6401,2026-10-09,not_real_estate
556219-7086,2026-10-09,not_real_estate
556219-8415,2026-10-09,no_digital_report
556219-8639,2026-10-09,not_real_estate
556219-9215,2026-10-09,no_digital_report
556219-9363,2026-10-09,not_real_estate
556219-9728,2026-10-09,no_digital_report
556219-9884,2026-10-09,below_threshold
556220-0195,2026-10-09,no_digital_report
556220-0989,2026-10-09,no_digital_report
556220-1326,2026-10-09,not_real_estate
556220-1946,2026-10-09,not_real_estate
556220-2035,2026-10-09,no_digital_report
556220-3363,2026-10-09,not_real_estate
556220-3488,2026-10-09,not_real_estate
556220-3793,2026-10-09,below_threshold
556220-4049,2026-10-09,not_real_estate
556220-4361,2026-10-09,not_real_estate
556220-4437,2026-10-09,not_real_estate
556220-4890,2026-10-09,not_real_estate
556220-5392,2026-10-09,no_digital_report
556220-6531,2026-10-09,not_real_estate
556220-6564,2026-10-09,not_real_estate
556220-6622,2026-10-09,not_real_estate
556220-9295,2026-10-09,not_real_estate
556220-9782,2026-10-09,no_digital_report
556221-0285,2026-10-09,below_threshold
556221-0509,2026-10-09,not_real_estate
556221-0699,2026-10-09,no_digital_report
556221-1184,2026-10-09,no_digital_report
556221-2331,2026-10-09,below_threshold
556221-2778,2026-10-09,below_threshold
556221-4162,2026-10-09,not_real_estate
556221-5615,2026-10-09,not_real_estate
556221-6514,2026-10-09,not_real_estate
556221-6779,2026-10-09,below_threshold
556221-6977,2026-10-09,no_digital_report
556221-8189,2026-10-09,not_real_estate
556221-8486,2026-10-09,not_real_estate
556221-9021,2026-10-09,no_digital_report
556221-9096,2026-10-09,below_threshold
556221-9104,2026-10-09,not_real_estate
556221-9435,2026-10-09,not_real_estate
556221-9617,2026-10-09,below_threshold
556221-9682,2026-10-09,no_digital_report
556222-0458,2026-10-09,not_real_estate
556222-2231,2026-10-09,not_real_estate
556222-2389,2026-10-09,not_real_estate
556222-3221,2026-10-09,no_digital_report
556222-3874,2026-10-09,not_real_estate
556222-4047,2026-10-09,not_real_estate
556222-5127,2026-10-09,not_real_estate
556222-5499,2026-10-09,no_digital_report
556222-5549,2026-10-09,not_real_estate
556222-5929,2026-10-09,no_digital_report
556222-7313,2026-10-09,not_real_estate
556222-7867,2026-10-09,no_digital_report
556222-8071,2026-10-09,no_digital_report
556222-8329,2026-10-09,not_real_estate
556222-8519,2026-10-09,not_real_estate
556222-9178,2026-10-09,not_real_estate
556222-9970,2026-10-09,not_real_estate
556223-0069,2026-10-09,below_threshold
556223-1224,2026-10-09,below_threshold
556223-1836,2026-10-09,not_real_estate
556223-2370,2026-10-09,not_real_estate
556223-2727,2026-10-09,not_real_estate
556223-2917,2026-10-09,not_real_estate
556223-3535,2026-10-09,no_digital_report
556223-4103,2026-10-09,not_real_estate
556223-4350,2026-10-09,not_real_estate
556223-4467,2026-10-09,not_real_estate
556223-4541,2026-10-09,no_digital_report
556223-5704,2026-10-09,no_digital_report
556223-5753,2026-10-09,below_threshold
556223-6959,2026-10-09,not_real_estate
556223-7692,2026-10-09,not_real_estate
556223-8633,2026-10-09,below_threshold
556223-8765,2026-10-09,not_real_estate
556223-8864,2026-10-09,no_digital_report
556224-0621,2026-10-09,not_real_estate
556224-0696,2026-10-09,not_real_estate
556224-0761,2026-10-09,not_real_estate
556224-0936,2026-10-09,not_real_estate
556224-0977,2026-10-09,below_threshold
556224-1470,2026-10-09,no_digital_report
556224-1603,2026-10-09,not_real_estate
556224-2536,2026-10-09,below_threshold
556224-2981,2026-10-09,no_digital_report
556224-3039,2026-10-09,not_real_estate
556224-4136,2026-10-09,no_digital_report
556224-4250,2026-10-09,no_digital_report
556224-5745,2026-10-09,below_threshold
556224-6172,2026-10-09,not_real_estate
556224-6214,2026-10-09,not_real_estate
556224-6446,2026-10-09,not_real_estate
556224-6818,2026-10-09,not_real_estate
556224-7782,2026-10-09,below_threshold
556224-9291,2026-10-09,not_real_estate
556225-0646,2026-10-09,not_real_estate
556225-1230,2026-10-09,no_digital_report
556225-1347,2026-10-09,below_threshold
556225-1370,2026-10-09,not_real_estate
556225-1420,2026-10-09,not_real_estate
556225-3004,2026-10-09,no_digital_report
556225-3038,2026-10-09,below_threshold
556225-4127,2026-10-09,below_threshold
556225-4614,2026-10-09,below_threshold
556225-4986,2026-10-09,no_digital_report
556225-5587,2026-10-09,not_real_estate
556225-5652,2026-10-09,below_threshold
556225-6239,2026-10-09,not_real_estate
556225-6502,2026-10-09,no_digital_report
556225-7229,2026-10-09,below_threshold
556225-7419,2026-10-09,not_real_estate
556225-7468,2026-10-09,below_threshold
556225-7815,2026-10-09,below_threshold
556225-8201,2026-10-09,no_digital_report
556225-9522,2026-10-09,below_threshold
556225-9829,2026-10-09,not_real_estate
556226-0538,2026-10-09,not_real_estate
556226-2021,2026-10-09,not_real_estate
556226-2799,2026-10-09,below_threshold
556226-3011,2026-10-09,below_threshold
556226-3920,2026-10-09,not_real_estate
556226-4019,2026-10-09,not_real_estate
556226-4654,2026-10-09,not_real_estate
556226-4860,2026-10-09,no_digital_report
556226-5230,2026-10-09,no_digital_report
556226-5669,2026-10-09,not_real_estate
556226-5800,2026-10-09,not_real_estate
556226-5990,2026-10-09,not_real_estate
556226-6337,2026-10-09,no_digital_report
556226-6527,2026-10-09,no_digital_report
556226-6535,2026-10-09,not_real_estate
556226-6949,2026-10-09,below_threshold
556226-6964,2026-10-09,not_real_estate
556226-6998,2026-10-09,not_real_estate
556226-7293,2026-10-09,not_real_estate
556226-7566,2026-10-09,not_real_estate
556226-7921,2026-10-09,no_digital_report
556226-8135,2026-10-09,not_real_estate
556226-9067,2026-10-09,no_digital_report
556226-9554,2026-10-09,not_real_estate
556226-9745,2026-10-09,not_real_estate
556227-0024,2026-10-09,no_digital_report
556227-0057,2026-10-09,not_real_estate
556227-0362,2026-10-09,below_threshold
556227-0388,2026-10-09,not_real_estate
556227-1170,2026-10-09,not_real_estate
556227-1618,2026-10-09,no_digital_report
556227-2731,2026-10-09,not_real_estate
556227-3705,2026-10-09,no_digital_report
556227-3960,2026-10-09,not_real_estate
556227-4273,2026-10-09,not_real_estate
556227-4406,2026-10-09,not_real_estate
556227-4695,2026-10-09,not_real_estate
556227-5684,2026-10-09,not_real_estate
556227-5825,2026-10-09,below_threshold
556227-6419,2026-10-09,no_digital_report
556227-6492,2026-10-09,not_real_estate
556227-7888,2026-10-09,no_digital_report
556227-8506,2026-10-09,not_real_estate
556227-8910,2026-10-09,not_real_estate
556227-9025,2026-10-09,not_real_estate
556227-9587,2026-10-09,no_digital_report
556227-9637,2026-10-09,not_real_estate
556228-0668,2026-10-09,not_real_estate
556228-0882,2026-10-09,not_real_estate
556228-1294,2026-10-09,not_real_estate
556228-1468,2026-10-09,below_threshold
556228-1500,2026-10-09,not_real_estate
556228-2235,2026-10-09,below_threshold
556228-2649,2026-10-09,not_real_estate
556228-3993,2026-10-09,not_real_estate
556228-5824,2026-10-09,not_real_estate
556228-6020,2026-10-09,no_digital_report
556228-6350,2026-10-09,not_real_estate
556228-6459,2026-10-09,not_real_estate
556228-8653,2026-10-09,not_real_estate
556228-9131,2026-10-09,below_threshold
556228-9404,2026-10-09,not_real_estate
556228-9503,2026-10-09,below_threshold
556228-9743,2026-10-09,below_threshold
556229-0451,2026-10-09,not_real_estate
556229-0477,2026-10-09,not_real_estate
556229-0840,2026-10-09,not_real_estate
556229-1004,2026-10-09,not_real_estate
556229-1350,2026-10-09,below_threshold
556229-1913,2026-10-09,not_real_estate
556229-2002,2026-10-09,below_threshold
556229-2143,2026-10-09,no_digital_report
556229-2366,2026-10-09,not_real_estate
556229-2531,2026-10-09,not_real_estate
556229-4149,2026-10-09,not_real_estate
556229-4875,2026-10-09,not_real_estate
556229-5153,2026-10-09,below_threshold
556229-5328,2026-10-09,not_real_estate
556229-5500,2026-10-09,not_real_estate
556229-5708,2026-10-09,not_real_estate
556229-5732,2026-10-09,below_threshold
556229-5849,2026-10-09,not_real_estate
556229-5856,2026-10-09,not_real_estate
556229-6094,2026-10-09,not_real_estate
556229-6227,2026-10-09,below_threshold
556229-6367,2026-10-09,not_real_estate
556229-6532,2026-10-09,not_real_estate
556229-7563,2026-10-09,not_real_estate
556229-8090,2026-10-09,not_real_estate
556229-8447,2026-10-09,no_digital_report
556229-8520,2026-10-09,not_real_estate
556229-8538,2026-10-09,not_real_estate
556229-9395,2026-10-09,not_real_estate
556229-9577,2026-10-09,not_real_estate
556229-9858,2026-10-09,no_digital_report
556229-9866,2026-10-09,not_real_estate
556230-0946,2026-10-09,below_threshold
556230-2116,2026-10-09,below_threshold
556230-3551,2026-10-09,below_threshold
556230-3718,2026-10-09,not_real_estate
556230-3957,2026-10-09,not_real_estate
556230-4518,2026-10-09,below_threshold
556230-4724,2026-10-09,not_real_estate
556230-5564,2026-10-09,no_digital_report
556230-5879,2026-10-09,below_threshold
556230-6836,2026-10-09,not_real_estate
556230-7461,2026-10-09,no_digital_report
556230-7529,2026-10-09,below_threshold
556230-7545,2026-10-09,not_real_estate
556230-7644,2026-10-09,not_real_estate
556231-0283,2026-10-09,below_threshold
556231-0861,2026-10-09,not_real_estate
556231-1166,2026-10-09,not_real_estate
556231-1315,2026-10-09,not_real_estate
556231-1562,2026-10-09,not_real_estate
556231-2156,2026-10-09,no_digital_report
556231-3139,2026-10-09,below_threshold
556231-3253,2026-10-09,not_real_estate
556231-3923,2026-10-09,not_real_estate
556231-4400,2026-10-09,no_digital_report
556231-4970,2026-10-09,below_threshold
556231-5456,2026-10-09,not_real_estate
556231-5563,2026-10-09,not_real_estate
556231-5902,2026-10-09,no_digital_report
556231-6595,2026-10-09,not_real_estate
556231-8997,2026-10-09,not_real_estate
556231-9029,2026-10-09,not_real_estate
556231-9037,2026-10-09,not_real_estate
556231-9052,2026-10-09,below_threshold
556232-0308,2026-10-09,below_threshold
556232-0571,2026-10-09,not_real_estate
556232-0696,2026-10-09,no_digital_report
556232-0761,2026-10-09,not_real_estate
556232-0878,2026-10-09,below_threshold
556232-1074,2026-10-09,not_real_estate
556232-1686,2026-10-09,no_digital_report
556232-2304,2026-10-09,not_real_estate
556232-2627,2026-10-09,below_threshold
556232-4102,2026-10-09,below_threshold
556232-4144,2026-10-09,not_real_estate
556232-4599,2026-10-09,not_real_estate
556232-5448,2026-10-09,not_real_estate
556232-5612,2026-10-09,not_real_estate
556232-5919,2026-10-09,no_digital_report
556232-6255,2026-10-09,below_threshold
556232-7402,2026-10-09,not_real_estate
556232-8095,2026-10-09,not_real_estate
556233-0976,2026-10-09,not_real_estate
556233-1032,2026-10-09,not_real_estate
556233-2006,2026-10-09,not_real_estate
556233-2378,2026-10-09,not_real_estate
556233-2402,2026-10-09,no_digital_report
556233-2477,2026-10-09,below_threshold
556233-2493,2026-10-09,below_threshold
556233-2808,2026-10-09,not_real_estate
556233-2964,2026-10-09,not_real_estate
556233-3970,2026-10-09,not_real_estate
556233-5140,2026-10-09,not_real_estate
556233-5447,2026-10-09,not_real_estate
556233-5686,2026-10-09,not_real_estate
556233-6767,2026-10-09,below_threshold
556233-6866,2026-10-09,no_digital_report
556233-7013,2026-10-09,not_real_estate
556233-7450,2026-10-09,below_threshold
556233-7765,2026-10-09,no_digital_report
556233-8243,2026-10-09,below_threshold
556233-8862,2026-10-09,not_real_estate
556233-9027,2026-10-09,below_threshold
556233-9134,2026-10-09,not_real_estate
556233-9928,2026-10-09,below_threshold
556234-0959,2026-10-09,not_real_estate
556234-1452,2026-10-09,no_digital_report
556234-2039,2026-10-09,not_real_estate
556234-2518,2026-10-09,no_digital_report
556234-3763,2026-10-09,not_real_estate
556234-4266,2026-10-09,not_real_estate
556234-4399,2026-10-09,no_digital_report
556234-4753,2026-10-09,no_digital_report
556234-5313,2026-10-09,below_threshold
556234-6295,2026-10-09,no_digital_report
556234-6303,2026-10-09,not_real_estate
556234-6634,2026-10-09,not_real_estate
556234-7962,2026-10-09,not_real_estate
556234-8473,2026-10-09,no_digital_report
556234-8580,2026-10-09,not_real_estate
556234-9182,2026-10-09,not_real_estate
556235-0883,2026-10-09,not_real_estate
556235-0958,2026-10-09,not_real_estate
556235-1188,2026-10-09,below_threshold
556235-2830,2026-10-09,not_real_estate
556235-2947,2026-10-09,no_digital_report
556235-2954,2026-10-09,no_digital_report
556235-3036,2026-10-09,below_threshold
556235-3267,2026-10-09,below_threshold
556235-3515,2026-10-09,not_real_estate
556235-3655,2026-10-09,not_real_estate
556235-3804,2026-10-09,not_real_estate
556235-4240,2026-10-09,not_real_estate
556235-4901,2026-10-09,no_digital_report
556235-4943,2026-10-09,not_real_estate
556235-4976,2026-10-09,no_digital_report
556235-5551,2026-10-09,not_real_estate
556235-7441,2026-10-09,not_real_estate
556235-7821,2026-10-09,no_digital_report
556235-7912,2026-10-09,not_real_estate
556235-8324,2026-10-09,no_digital_report
556235-8787,2026-10-09,kept
556235-9447,2026-10-09,not_real_estate
556235-9454,2026-10-09,not_real_estate
556235-9686,2026-10-09,no_digital_report
556236-0031,2026-10-09,not_real_estate
556236-0288,2026-10-09,not_real_estate
556236-0478,2026-10-09,not_real_estate
556236-1252,2026-10-09,no_digital_report
556236-1328,2026-10-09,not_real_estate
556236-1344,2026-10-09,below_threshold
556236-1567,2026-10-09,below_threshold
556236-2417,2026-10-09,not_real_estate
556236-2854,2026-10-09,not_real_estate
556236-2904,2026-10-09,below_threshold
556236-2961,2026-10-09,below_threshold
556236-3522,2026-10-09,not_real_estate
556236-3563,2026-10-09,not_real_estate
556236-3639,2026-10-09,not_real_estate
556236-4249,2026-10-09,not_real_estate
556236-6608,2026-10-09,below_threshold
556236-6863,2026-10-09,no_digital_report
556236-7259,2026-10-09,not_real_estate
556236-8083,2026-10-09,not_real_estate
556236-8372,2026-10-09,not_real_estate
556236-8935,2026-10-09,not_real_estate
556237-0303,2026-10-09,not_real_estate
556237-0345,2026-10-09,no_digital_report
556237-0527,2026-10-09,no_digital_report
556237-0824,2026-10-09,no_digital_report
556237-2671,2026-10-09,no_digital_report
556237-3398,2026-10-09,not_real_estate
556237-4248,2026-10-09,kept
556237-6268,2026-10-09,no_digital_report
556237-6607,2026-10-09,not_real_estate
556237-6771,2026-10-09,not_real_estate
556237-7225,2026-10-09,no_digital_report
556237-7787,2026-10-09,below_threshold
556237-7837,2026-10-09,not_real_estate
556237-7852,2026-10-09,not_real_estate
556237-8496,2026-10-09,no_digital_report
556237-8868,2026-10-09,not_real_estate
556237-9262,2026-10-09,not_real_estate
556237-9304,2026-10-09,not_real_estate
556237-9551,2026-10-09,not_real_estate
556237-9569,2026-10-09,no_digital_report
556237-9601,2026-10-09,not_real_estate
556237-9619,2026-10-09,not_real_estate
556238-1284,2026-10-09,not_real_estate
556238-1433,2026-10-09,below_threshold
556238-2191,2026-10-09,not_real_estate
556238-2639,2026-10-09,not_real_estate
556238-2829,2026-10-09,no_digital_report
556238-3066,2026-10-09,no_digital_report
556238-3389,2026-10-09,not_real_estate
556238-3405,2026-10-09,not_real_estate
556238-3421,2026-10-09,no_digital_report
556238-3439,2026-10-09,not_real_estate
556238-3678,2026-10-09,not_real_estate
556238-4437,2026-10-09,not_real_estate
556238-5079,2026-10-09,not_real_estate
556238-5657,2026-10-09,not_real_estate
556238-5962,2026-10-09,not_real_estate
556238-6366,2026-10-09,no_digital_report
556238-6887,2026-10-09,not_real_estate
556238-7307,2026-10-09,not_real_estate
556238-7604,2026-10-09,below_threshold
556238-8206,2026-10-09,no_digital_report
556238-9121,2026-10-09,not_real_estate
556239-0178,2026-10-09,not_real_estate
556239-0384,2026-10-09,not_real_estate
556239-0681,2026-10-09,no_digital_report
556239-0772,2026-10-09,not_real_estate
556239-0905,2026-10-09,not_real_estate
556239-0939,2026-10-09,not_real_estate
556239-1614,2026-10-09,no_digital_report
556239-1622,2026-10-09,no_digital_report
556239-1804,2026-10-09,not_real_estate
556239-3230,2026-10-09,not_real_estate
556239-3248,2026-10-09,below_threshold
556239-4048,2026-10-09,not_real_estate
556239-4469,2026-10-09,not_real_estate
556239-4550,2026-10-09,not_real_estate
556239-5243,2026-10-09,no_digital_report
556239-5342,2026-10-09,no_digital_report
556239-5359,2026-10-09,no_digital_report
556239-5953,2026-10-09,no_digital_report
556239-6035,2026-10-09,not_real_estate
556239-6050,2026-10-09,no_digital_report
556239-6290,2026-10-09,not_real_estate
556239-6589,2026-10-09,not_real_estate
556239-6753,2026-10-09,no_digital_report
556239-7777,2026-10-09,no_digital_report
556239-7850,2026-10-09,not_real_estate
556239-8155,2026-10-09,no_digital_report
556239-8262,2026-10-09,not_real_estate
556239-8718,2026-10-09,no_digital_report
556239-9450,2026-10-09,kept
556239-9526,2026-10-09,no_digital_report
556239-9682,2026-10-09,below_threshold
556240-0621,2026-10-09,not_real_estate
556240-1009,2026-10-09,not_real_estate
556240-1538,2026-10-09,not_real_estate
556240-1579,2026-10-09,no_digital_report
556240-1876,2026-10-09,not_real_estate
556240-3799,2026-10-09,not_real_estate
556240-4748,2026-10-09,not_real_estate
556240-4896,2026-10-09,not_real_estate
556240-5380,2026-10-09,below_threshold
556240-5703,2026-10-09,no_digital_report
556240-5760,2026-10-09,not_real_estate
556240-6735,2026-10-09,not_real_estate
556240-7022,2026-10-09,below_threshold
556240-8285,2026-10-09,not_real_estate
556240-8293,2026-10-09,not_real_estate
556240-8533,2026-10-09,no_digital_report
556240-9093,2026-10-09,below_threshold
556240-9168,2026-10-09,below_threshold
556241-0489,2026-10-09,not_real_estate
556241-0869,2026-10-09,below_threshold
556241-3657,2026-10-09,not_real_estate
556241-3681,2026-10-09,not_real_estate
556241-4028,2026-10-09,not_real_estate
556241-4218,2026-10-09,not_real_estate
556241-4861,2026-10-09,not_real_estate
556241-5140,2026-10-09,no_digital_report
556241-5538,2026-10-09,not_real_estate
556241-5587,2026-10-09,not_real_estate
556241-5637,2026-10-09,no_digital_report
556241-6932,2026-10-09,not_real_estate
556241-6965,2026-10-09,not_real_estate
556241-7021,2026-10-09,no_digital_report
556241-7955,2026-10-09,not_real_estate
556241-9332,2026-10-09,no_digital_report
556242-0173,2026-10-09,not_real_estate
556242-1320,2026-10-09,below_threshold
556242-1890,2026-10-09,below_threshold
556242-2799,2026-10-09,not_real_estate
556242-4225,2026-10-09,not_real_estate
556242-4852,2026-10-09,below_threshold
556242-5347,2026-10-09,not_real_estate
556242-5883,2026-10-09,not_real_estate
556242-6816,2026-10-09,not_real_estate
556242-6824,2026-10-09,below_threshold
556242-7376,2026-10-09,not_real_estate
556242-7400,2026-10-09,not_real_estate
556242-7954,2026-10-09,no_digital_report
556242-8515,2026-10-09,not_real_estate
556242-8812,2026-10-09,no_digital_report
556242-9919,2026-10-09,not_real_estate
556243-0479,2026-10-09,not_real_estate
556243-0693,2026-10-09,below_threshold
556243-1196,2026-10-09,below_threshold
556243-1360,2026-10-09,not_real_estate
556243-1717,2026-10-09,no_digital_report
556243-1873,2026-10-09,not_real_estate
556243-2053,2026-10-09,no_digital_report
556243-2335,2026-10-09,below_threshold
556243-2558,2026-10-09,not_real_estate
556243-2673,2026-10-09,not_real_estate
556243-3622,2026-10-09,no_digital_report
556243-4570,2026-10-09,below_threshold
556243-4737,2026-10-09,no_digital_report
556243-4794,2026-10-09,no_digital_report
556243-4851,2026-10-09,not_real_estate
556243-5072,2026-10-09,no_digital_report
556243-5676,2026-10-09,no_digital_report
556243-6591,2026-10-09,below_threshold
556243-6666,2026-10-09,below_threshold
556243-8316,2026-10-09,not_real_estate
556243-8936,2026-10-09,below_threshold
556243-9413,2026-10-09,not_real_estate
556243-9488,2026-10-09,below_threshold
556243-9843,2026-10-09,not_real_estate
556244-0429,2026-10-09,below_threshold
556244-2177,2026-10-09,not_real_estate
556244-3928,2026-10-09,not_real_estate
556244-4660,2026-10-09,not_real_estate
556244-4884,2026-10-09,not_real_estate
556244-5766,2026-10-09,not_real_estate
556244-6905,2026-10-09,not_real_estate
556244-8737,2026-10-09,not_real_estate
556244-8810,2026-10-09,not_real_estate
556244-8844,2026-10-09,not_real_estate
556244-9313,2026-10-09,no_digital_report
556245-0196,2026-10-09,below_threshold
556245-0733,2026-10-09,below_threshold
556245-0816,2026-10-09,not_real_estate
556245-1012,2026-10-09,below_threshold
556245-2036,2026-10-09,below_threshold
556245-2150,2026-10-09,below_threshold
556245-2614,2026-10-09,no_digital_report
556245-4149,2026-10-09,not_real_estate
556245-4446,2026-10-09,not_real_estate
556245-5740,2026-10-09,not_real_estate
556245-7423,2026-10-09,not_real_estate
556245-7688,2026-10-09,below_threshold
556245-7837,2026-10-09,not_real_estate
556245-8355,2026-10-09,not_real_estate
556245-8405,2026-10-09,below_threshold
556245-8785,2026-10-09,not_real_estate
556245-9973,2026-10-09,not_real_estate
556246-0047,2026-10-09,no_digital_report
556246-1888,2026-10-09,no_digital_report
556246-2324,2026-10-09,not_real_estate
556246-2431,2026-10-09,not_real_estate
556246-3181,2026-10-09,below_threshold
556246-3256,2026-10-09,below_threshold
556246-5202,2026-10-09,not_real_estate
556246-6044,2026-10-09,not_real_estate
556246-6606,2026-10-09,not_real_estate
556246-6671,2026-10-09,below_threshold
556246-7489,2026-10-09,no_digital_report
556246-8099,2026-10-09,not_real_estate
556246-8727,2026-10-09,not_real_estate
556246-9691,2026-10-09,no_digital_report
556246-9709,2026-10-09,not_real_estate
556246-9972,2026-10-09,not_real_estate
556247-0079,2026-10-09,not_real_estate
556247-0228,2026-10-09,below_threshold
556247-1317,2026-10-09,not_real_estate
556247-1812,2026-10-09,no_digital_report
556247-2273,2026-10-09,not_real_estate
556247-2422,2026-10-09,not_real_estate
556247-2562,2026-10-09,not_real_estate
556247-2844,2026-10-09,below_threshold
556247-2927,2026-10-09,below_threshold
556247-3248,2026-10-09,not_real_estate
556247-3727,2026-10-09,not_real_estate
556247-4097,2026-10-09,not_real_estate
556247-4873,2026-10-09,not_real_estate
556247-4956,2026-10-09,not_real_estate
556247-5177,2026-10-09,no_digital_report
556247-5359,2026-10-09,not_real_estate
556247-6118,2026-10-09,not_real_estate
556247-6241,2026-10-09,not_real_estate
556247-6514,2026-10-09,not_real_estate
556247-7686,2026-10-09,not_real_estate
556247-8460,2026-10-09,not_real_estate
556247-8593,2026-10-09,not_real_estate
556247-8643,2026-10-09,below_threshold
556247-9732,2026-10-09,not_real_estate
556248-0573,2026-10-09,not_real_estate
556248-0755,2026-10-09,not_real_estate
556248-0912,2026-10-09,not_real_estate
556248-1373,2026-10-09,not_real_estate
556248-1431,2026-10-09,not_real_estate
556248-2132,2026-10-09,not_real_estate
556248-2777,2026-10-09,below_threshold
556248-2793,2026-10-09,no_digital_report
556248-3536,2026-10-09,below_threshold
556248-4013,2026-10-09,no_digital_report
556248-4195,2026-10-09,not_real_estate
556248-4302,2026-10-09,not_real_estate
556248-4344,2026-10-09,no_digital_report
556248-5135,2026-10-09,no_digital_report
556248-5333,2026-10-09,not_real_estate
556248-5747,2026-10-09,no_digital_report
556248-6380,2026-10-09,below_threshold
556248-9053,2026-10-09,not_real_estate
556248-9244,2026-10-09,below_threshold
556248-9368,2026-10-09,not_real_estate
556248-9657,2026-10-09,not_real_estate
556248-9731,2026-10-09,no_digital_report
556249-0127,2026-10-09,not_real_estate
556249-2255,2026-10-09,below_threshold
556249-3345,2026-10-09,no_digital_report
556249-3865,2026-10-09,no_digital_report
556249-4616,2026-10-09,no_digital_report
556249-4640,2026-10-09,not_real_estate
556249-5571,2026-10-09,below_threshold
556249-5761,2026-10-09,not_real_estate
556249-5852,2026-10-09,not_real_estate
556249-8229,2026-10-09,not_real_estate
556249-8724,2026-10-09,below_threshold
556249-8807,2026-10-09,no_digital_report
556249-9029,2026-10-09,not_real_estate
556249-9383,2026-10-09,not_real_estate
556249-9391,2026-10-09,not_real_estate
556250-0396,2026-10-09,not_real_estate
556250-0529,2026-10-09,not_real_estate
556250-0743,2026-10-09,not_real_estate
556250-2913,2026-10-09,not_real_estate
556250-3978,2026-10-09,not_real_estate
556250-4182,2026-10-09,not_real_estate
556250-4190,2026-10-09,not_real_estate
556250-4414,2026-10-09,not_real_estate
556250-4588,2026-10-09,below_threshold
556250-5163,2026-10-09,not_real_estate
556250-5221,2026-10-09,not_real_estate
556250-6047,2026-10-09,not_real_estate
556250-7359,2026-10-09,not_real_estate
556250-8274,2026-10-09,not_real_estate
556250-8407,2026-10-09,not_real_estate
556250-9223,2026-10-09,below_threshold
556250-9553,2026-10-09,not_real_estate
556250-9876,2026-10-09,no_digital_report
556250-9900,2026-10-09,not_real_estate
556251-0072,2026-10-09,not_real_estate
556251-0783,2026-10-09,no_digital_report
556251-1286,2026-10-09,not_real_estate
556251-1583,2026-10-09,no_digital_report
556251-1625,2026-10-09,below_threshold
556251-2128,2026-10-09,below_threshold
556251-2771,2026-10-09,below_threshold
556251-3456,2026-10-09,not_real_estate
556251-4819,2026-10-09,not_real_estate
556251-5295,2026-10-09,not_real_estate
556251-5303,2026-10-09,no_digital_report
556251-5345,2026-10-09,below_threshold
556251-5485,2026-10-09,not_real_estate
556251-6152,2026-10-09,not_real_estate
556251-6749,2026-10-09,not_real_estate
556251-7291,2026-10-09,not_real_estate
556251-7556,2026-10-09,not_real_estate
556251-7960,2026-10-09,below_threshold
556251-8752,2026-10-09,not_real_estate
556251-9354,2026-10-09,not_real_estate
556251-9651,2026-10-09,not_real_estate
556251-9933,2026-10-09,not_real_estate
556252-1616,2026-10-09,no_digital_report
556252-2135,2026-10-09,not_real_estate
556252-2317,2026-10-09,not_real_estate
556252-2648,2026-10-09,no_digital_report
556252-3430,2026-10-09,not_real_estate
556252-3471,2026-10-09,no_digital_report
556252-3778,2026-10-09,not_real_estate
556252-5385,2026-10-09,not_real_estate
556252-5559,2026-10-09,not_real_estate
556252-6045,2026-10-09,not_real_estate
556252-6250,2026-10-09,no_digital_report
556252-6425,2026-10-09,not_real_estate
556252-6466,2026-10-09,kept
556252-6722,2026-10-09,no_digital_report
556252-6789,2026-10-09,not_real_estate
556252-7274,2026-10-09,not_real_estate
556252-7688,2026-10-09,below_threshold
556252-7803,2026-10-09,not_real_estate
556252-8868,2026-10-09,not_real_estate
556252-9486,2026-10-09,not_real_estate
556252-9932,2026-10-09,not_real_estate
556253-1219,2026-10-09,not_real_estate
556253-2860,2026-10-09,below_threshold
556253-3124,2026-10-09,no_digital_report
556253-3678,2026-10-09,no_digital_report
556253-3728,2026-10-09,below_threshold
556253-3884,2026-10-09,no_digital_report
556253-5137,2026-10-09,not_real_estate
556253-5400,2026-10-09,not_real_estate
556253-5483,2026-10-09,not_real_estate
556253-6143,2026-10-09,not_real_estate
556253-6663,2026-10-09,kept
556253-8271,2026-10-09,not_real_estate
556253-8354,2026-10-09,no_digital_report
556253-8909,2026-10-09,not_real_estate
556253-8925,2026-10-09,not_real_estate
556253-9469,2026-10-09,below_threshold
556253-9543,2026-10-09,not_real_estate
556253-9634,2026-10-09,not_real_estate
556253-9840,2026-10-09,below_threshold
556254-0434,2026-10-09,not_real_estate
556254-0624,2026-10-09,not_real_estate
556254-4998,2026-10-09,not_real_estate
556254-6605,2026-10-09,below_threshold
556255-1043,2026-10-09,not_real_estate
556255-1241,2026-10-09,below_threshold
556255-2330,2026-10-09,no_digital_report
556255-3197,2026-10-09,below_threshold
556255-4427,2026-10-09,not_real_estate
556255-4666,2026-10-09,not_real_estate
556255-5077,2026-10-09,not_real_estate
556255-5416,2026-10-09,not_real_estate
556255-5655,2026-10-09,below_threshold
556255-6869,2026-10-09,not_real_estate
556255-6935,2026-10-09,no_digital_report
556255-7065,2026-10-09,not_real_estate
556255-7321,2026-10-09,not_real_estate
556255-7362,2026-10-09,not_real_estate
556255-7883,2026-10-09,not_real_estate
556255-8006,2026-10-09,below_threshold
556255-8873,2026-10-09,not_real_estate
556255-9418,2026-10-09,not_real_estate
556255-9699,2026-10-09,no_digital_report
556256-2396,2026-10-09,not_real_estate
556256-2909,2026-10-09,not_real_estate
556256-3006,2026-10-09,not_real_estate
556256-3758,2026-10-09,no_digital_report
556256-4095,2026-10-09,not_real_estate
556256-4210,2026-10-09,below_threshold
556256-4509,2026-10-09,no_digital_report
556256-4657,2026-10-09,not_real_estate
556256-4913,2026-10-09,not_real_estate
556256-6330,2026-10-09,below_threshold
556256-6371,2026-10-09,no_digital_report
556256-6736,2026-10-09,not_real_estate
556256-7064,2026-10-09,not_real_estate
556256-7932,2026-10-09,not_real_estate
556256-8732,2026-10-09,not_real_estate
556256-8955,2026-10-09,below_threshold
556256-9078,2026-10-09,no_digital_report
556256-9086,2026-10-09,not_real_estate
556256-9888,2026-10-09,below_threshold
556256-9961,2026-10-09,not_real_estate
556257-0068,2026-10-09,not_real_estate
556257-0282,2026-10-09,no_digital_report
556257-1942,2026-10-09,no_digital_report
556257-2056,2026-10-09,no_digital_report
556257-2304,2026-10-09,no_digital_report
556257-2692,2026-10-09,not_real_estate
556257-2775,2026-10-09,not_real_estate
556257-3039,2026-10-09,not_real_estate
556257-4151,2026-10-09,below_threshold
556257-4391,2026-10-09,not_real_estate
556257-4938,2026-10-09,not_real_estate
556257-5612,2026-10-09,not_real_estate
556257-5786,2026-10-09,not_real_estate
556257-6560,2026-10-09,not_real_estate
556257-7089,2026-10-09,not_real_estate
556257-7154,2026-10-09,below_threshold
556257-7386,2026-10-09,not_real_estate
556257-7402,2026-10-09,below_threshold
556257-7691,2026-10-09,not_real_estate
556257-7766,2026-10-09,no_digital_report
556257-8202,2026-10-09,below_threshold
556257-8517,2026-10-09,not_real_estate
556257-8913,2026-10-09,not_real_estate
556257-9523,2026-10-09,not_real_estate
556257-9861,2026-10-09,not_real_estate
556258-0182,2026-10-09,not_real_estate
556258-0232,2026-10-09,no_digital_report
556258-0547,2026-10-09,below_threshold
556258-1610,2026-10-09,not_real_estate
556258-1693,2026-10-09,below_threshold
556258-1891,2026-10-09,not_real_estate
556258-2410,2026-10-09,not_real_estate
556258-2428,2026-10-09,not_real_estate
556258-2824,2026-10-09,not_real_estate
556258-3939,2026-10-09,not_real_estate
556258-4101,2026-10-09,not_real_estate
556258-4119,2026-10-09,no_digital_report
556258-4622,2026-10-09,not_real_estate
556258-4747,2026-10-09,not_real_estate
556258-4937,2026-10-09,below_threshold
556258-5389,2026-10-09,below_threshold
556258-5421,2026-10-09,below_threshold
556258-5710,2026-10-09,below_threshold
556258-5769,2026-10-09,not_real_estate
556258-5959,2026-10-09,below_threshold
556258-6171,2026-10-09,not_real_estate
556258-6817,2026-10-09,kept
556258-6908,2026-10-09,not_real_estate
556258-7906,2026-10-09,not_real_estate
556258-9142,2026-10-09,no_digital_report
556258-9670,2026-10-09,not_real_estate
556259-2617,2026-10-09,not_real_estate
556259-2633,2026-10-09,not_real_estate
556259-2757,2026-10-09,not_real_estate
556259-2815,2026-10-09,no_digital_report
556259-3060,2026-10-09,no_digital_report
556259-3086,2026-10-09,not_real_estate
556259-4514,2026-10-09,not_real_estate
556259-4811,2026-10-09,not_real_estate
556259-4969,2026-10-09,below_threshold
556259-5222,2026-10-09,kept
556259-5917,2026-10-09,no_digital_report
556259-6162,2026-10-09,below_threshold
556259-6303,2026-10-09,not_real_estate
556259-6709,2026-10-09,not_real_estate
556259-7830,2026-10-09,no_digital_report
556259-8283,2026-10-09,not_real_estate
556259-8432,2026-10-09,no_digital_report
556259-9026,2026-10-09,below_threshold
556259-9166,2026-10-09,not_real_estate
556259-9281,2026-10-09,not_real_estate
556259-9604,2026-10-09,not_real_estate
556260-0279,2026-10-09,not_real_estate
556260-2275,2026-10-09,below_threshold
556260-2432,2026-10-09,no_digital_report
556260-4610,2026-10-09,not_real_estate
556260-5260,2026-10-09,below_threshold
556260-5526,2026-10-09,not_real_estate
556260-5641,2026-10-09,not_real_estate
556260-7308,2026-10-09,not_real_estate
556260-7621,2026-10-09,below_threshold
556260-7688,2026-10-09,below_threshold
556260-7852,2026-10-09,not_real_estate
556260-8298,2026-10-09,no_digital_report
556260-8637,2026-10-09,not_real_estate
556260-8694,2026-10-09,not_real_estate
556260-9064,2026-10-09,no_digital_report
556260-9692,2026-10-09,below_threshold
556261-0195,2026-10-09,not_real_estate
556261-0328,2026-10-09,below_threshold
556261-0419,2026-10-09,not_real_estate
556261-1045,2026-10-09,not_real_estate
556261-1433,2026-10-09,no_digital_report
556261-1763,2026-10-09,not_real_estate
556261-2399,2026-10-09,below_threshold
556261-2779,2026-10-09,no_digital_report
556261-2795,2026-10-09,not_real_estate
556261-3165,2026-10-09,not_real_estate
556261-3264,2026-10-09,not_real_estate
556261-3330,2026-10-09,below_threshold
556261-4478,2026-10-09,not_real_estate
556261-4510,2026-10-09,no_digital_report
556261-4544,2026-10-09,below_threshold
556261-4551,2026-10-09,not_real_estate
556261-5517,2026-10-09,below_threshold
556261-5723,2026-10-09,not_real_estate
556261-5871,2026-10-09,not_real_estate
556261-6754,2026-10-09,not_real_estate
556261-7414,2026-10-09,no_digital_report
556261-7539,2026-10-09,not_real_estate
556261-8552,2026-10-09,not_real_estate
556261-9402,2026-10-09,not_real_estate
556261-9527,2026-10-09,not_real_estate
556261-9535,2026-10-09,not_real_estate
556261-9675,2026-10-09,no_digital_report
556262-1358,2026-10-09,below_threshold
556262-1697,2026-10-09,not_real_estate
556262-1853,2026-10-09,no_digital_report
556262-2729,2026-10-09,not_real_estate
556262-2950,2026-10-09,below_threshold
556262-4519,2026-10-09,not_real_estate
556262-4683,2026-10-09,not_real_estate
556262-5276,2026-10-09,not_real_estate
556262-5334,2026-10-09,no_digital_report
556262-5409,2026-10-09,not_real_estate
556262-5490,2026-10-09,no_digital_report
556262-5524,2026-10-09,no_digital_report
556262-5672,2026-10-09,not_real_estate
556262-6159,2026-10-09,not_real_estate
556262-6449,2026-10-09,not_real_estate
556262-6704,2026-10-09,not_real_estate
556262-7074,2026-10-09,kept
556262-7934,2026-10-09,not_real_estate
556262-8007,2026-10-09,not_real_estate
556262-8460,2026-10-09,not_real_estate
556262-8684,2026-10-09,below_threshold
556262-8718,2026-10-09,no_digital_report
556262-9963,2026-10-09,no_digital_report
556263-0813,2026-10-09,not_real_estate
556263-1100,2026-10-09,not_real_estate
556263-1522,2026-10-09,not_real_estate
556263-3486,2026-10-09,not_real_estate
556263-3825,2026-10-09,not_real_estate
556263-3908,2026-10-09,below_threshold
556263-3999,2026-10-09,not_real_estate
556263-4583,2026-10-09,not_real_estate
556263-6125,2026-10-09,below_threshold
556263-6182,2026-10-09,not_real_estate
556263-7826,2026-10-09,below_threshold
556263-7933,2026-10-09,no_digital_report
556263-8022,2026-10-09,not_real_estate
556263-8246,2026-10-09,not_real_estate
556263-8360,2026-10-09,not_real_estate
556263-8485,2026-10-09,not_real_estate
556263-8634,2026-10-09,not_real_estate
556263-8998,2026-10-09,not_real_estate
556263-9145,2026-10-09,below_threshold
556263-9483,2026-10-09,not_real_estate
556263-9491,2026-10-09,not_real_estate
556263-9814,2026-10-09,not_real_estate
556264-1216,2026-10-09,not_real_estate
556264-1257,2026-10-09,not_real_estate
556264-1679,2026-10-09,no_digital_report
556264-3048,2026-10-09,not_real_estate
556264-3113,2026-10-09,no_digital_report
556264-3477,2026-10-09,not_real_estate
556264-3667,2026-10-09,not_real_estate
556264-4129,2026-10-09,not_real_estate
556264-4988,2026-10-09,not_real_estate
556264-5621,2026-10-09,not_real_estate
556264-5944,2026-10-09,not_real_estate
556264-6116,2026-10-09,not_real_estate
556264-6710,2026-10-09,no_digital_report
556264-7007,2026-10-09,not_real_estate
556264-7650,2026-10-09,not_real_estate
556264-8112,2026-10-09,not_real_estate
556264-8252,2026-10-09,kept
556264-8674,2026-10-09,not_real_estate
556264-9094,2026-10-09,not_real_estate
556264-9243,2026-10-09,not_real_estate
556264-9391,2026-10-09,not_real_estate
556264-9920,2026-10-09,not_real_estate
556265-1348,2026-10-09,below_threshold
556265-2239,2026-10-09,below_threshold
556265-2676,2026-10-09,kept
556265-2916,2026-10-09,not_real_estate
556265-2999,2026-10-09,not_real_estate
556265-3047,2026-10-09,below_threshold
556265-4516,2026-10-09,not_real_estate
556265-4888,2026-10-09,below_threshold
556265-5315,2026-10-09,not_real_estate
556265-5406,2026-10-09,not_real_estate
556265-5836,2026-10-09,no_digital_report
556265-6040,2026-10-09,not_real_estate
556265-6131,2026-10-09,not_real_estate
556265-6248,2026-10-09,no_digital_report
556265-6362,2026-10-09,no_digital_report
556265-7469,2026-10-09,not_real_estate
556265-8756,2026-10-09,no_digital_report
556265-8913,2026-10-09,not_real_estate
556265-9317,2026-10-09,below_threshold
556265-9325,2026-10-09,not_real_estate
556265-9622,2026-10-09,below_threshold
556265-9663,2026-10-09,not_real_estate
556266-1289,2026-10-09,below_threshold
556266-2113,2026-10-09,not_real_estate
556266-3103,2026-10-09,below_threshold
556266-3178,2026-10-09,no_digital_report
556266-3251,2026-10-09,no_digital_report
556266-3384,2026-10-09,below_threshold
556266-3392,2026-10-09,not_real_estate
556266-3954,2026-10-09,below_threshold
556266-3970,2026-10-09,no_digital_report
556266-4325,2026-10-09,not_real_estate
556266-4812,2026-10-09,below_threshold
556266-4853,2026-10-09,no_digital_report
556266-4960,2026-10-09,not_real_estate
556266-5132,2026-10-09,below_threshold
556266-5165,2026-10-09,no_digital_report
556266-6163,2026-10-09,not_real_estate
556266-6171,2026-10-09,not_real_estate
556266-6387,2026-10-09,not_real_estate
556266-7062,2026-10-09,not_real_estate
556266-7344,2026-10-09,no_digital_report
556266-7807,2026-10-09,not_real_estate
556266-8193,2026-10-09,not_real_estate
556266-8581,2026-10-09,not_real_estate
556266-9084,2026-10-09,not_real_estate
556266-9597,2026-10-09,not_real_estate
556266-9712,2026-10-09,not_real_estate
556267-0645,2026-10-09,not_real_estate
556267-1676,2026-10-09,not_real_estate
556267-1908,2026-10-09,not_real_estate
556267-2740,2026-10-09,not_real_estate
556267-2856,2026-10-09,not_real_estate
556267-3342,2026-10-09,no_digital_report
556267-3375,2026-10-09,not_real_estate
556267-3383,2026-10-09,not_real_estate
556267-3532,2026-10-09,not_real_estate
556267-4092,2026-10-09,no_digital_report
556267-4159,2026-10-09,below_threshold
556267-4332,2026-10-09,not_real_estate
556267-4514,2026-10-09,no_digital_report
556267-6238,2026-10-09,below_threshold
556267-6774,2026-10-09,no_digital_report
556267-9109,2026-10-09,not_real_estate
556267-9802,2026-10-09,not_real_estate
556268-0768,2026-10-09,below_threshold
556268-0800,2026-10-09,not_real_estate
556268-1063,2026-10-09,not_real_estate
556268-1956,2026-10-09,not_real_estate
556268-2392,2026-10-09,not_real_estate
556268-2491,2026-10-09,not_real_estate
556268-2590,2026-10-09,not_real_estate
556268-2699,2026-10-09,not_real_estate
556268-3408,2026-10-09,not_real_estate
556268-3820,2026-10-09,not_real_estate
556268-3861,2026-10-09,not_real_estate
556268-4000,2026-10-09,not_real_estate
556268-4612,2026-10-09,not_real_estate
556268-4935,2026-10-09,below_threshold
556268-5049,2026-10-09,no_digital_report
556268-6542,2026-10-09,below_threshold
556268-6625,2026-10-09,below_threshold
556268-8746,2026-10-09,not_real_estate
556268-8761,2026-10-09,kept
556268-9181,2026-10-09,not_real_estate
556268-9736,2026-10-09,not_real_estate
556268-9793,2026-10-09,not_real_estate
556269-0254,2026-10-09,not_real_estate
556269-1344,2026-10-09,not_real_estate
556269-2292,2026-10-09,not_real_estate
556269-3993,2026-10-09,not_real_estate
556269-4215,2026-10-09,not_real_estate
556269-5733,2026-10-09,not_real_estate
556269-6012,2026-10-09,not_real_estate
556269-6095,2026-10-09,not_real_estate
556269-6335,2026-10-09,not_real_estate
556269-7044,2026-10-09,not_real_estate
556269-7234,2026-10-09,not_real_estate
556269-8869,2026-10-09,not_real_estate
556270-0236,2026-10-09,no_digital_report
556270-0376,2026-10-09,below_threshold
556270-0426,2026-10-09,not_real_estate
556270-1044,2026-10-09,not_real_estate
556270-1119,2026-10-09,not_real_estate
556270-1622,2026-10-09,below_threshold
556270-2711,2026-10-09,below_threshold
556270-3164,2026-10-09,not_real_estate
556270-3412,2026-10-09,not_real_estate
556270-3966,2026-10-09,not_real_estate
556270-4154,2026-10-09,no_digital_report
556270-5375,2026-10-09,below_threshold
556270-5979,2026-10-09,not_real_estate
556270-6092,2026-10-09,not_real_estate
556270-6936,2026-10-09,not_real_estate
556270-7595,2026-10-09,no_digital_report
556270-7686,2026-10-09,not_real_estate
556270-9021,2026-10-09,not_real_estate
556271-0078,2026-10-09,not_real_estate
556271-0086,2026-10-09,not_real_estate
556271-0557,2026-10-09,below_threshold
556271-1043,2026-10-09,not_real_estate
556271-1142,2026-10-09,not_real_estate
556271-1498,2026-10-09,not_real_estate
556271-1654,2026-10-09,not_real_estate
556271-2207,2026-10-09,not_real_estate
556271-2280,2026-10-09,below_threshold
556271-2413,2026-10-09,not_real_estate
556271-2645,2026-10-09,not_real_estate
556271-2835,2026-10-09,not_real_estate
556271-2876,2026-10-09,below_threshold
556271-3049,2026-10-09,not_real_estate
556271-3924,2026-10-09,no_digital_report
556271-4245,2026-10-09,not_real_estate
556271-5101,2026-10-09,not_real_estate
556271-6869,2026-10-09,not_real_estate
556271-6943,2026-10-09,not_real_estate
556271-8758,2026-10-09,not_real_estate
556271-8816,2026-10-09,not_real_estate
556271-9491,2026-10-09,not_real_estate
556271-9749,2026-10-09,not_real_estate
556271-9954,2026-10-09,not_real_estate
556272-0127,2026-10-09,no_digital_report
556272-0549,2026-10-09,no_digital_report
556272-1463,2026-10-09,not_real_estate
556272-1604,2026-10-09,not_real_estate
556272-1745,2026-10-09,not_real_estate
556272-2214,2026-10-09,no_digital_report
556272-2636,2026-10-09,not_real_estate
556272-3808,2026-10-09,not_real_estate
556272-5613,2026-10-09,below_threshold
556272-5704,2026-10-09,not_real_estate
556272-6538,2026-10-09,not_real_estate
556272-6579,2026-10-09,no_digital_report
556272-7536,2026-10-09,not_real_estate
556272-7668,2026-10-09,not_real_estate
556272-7809,2026-10-09,not_real_estate
556272-9169,2026-10-09,not_real_estate
556272-9375,2026-10-09,not_real_estate
556272-9599,2026-10-09,not_real_estate
556273-0084,2026-10-09,not_real_estate
556273-0407,2026-10-09,no_digital_report
556273-1033,2026-10-09,not_real_estate
556273-1835,2026-10-09,no_digital_report
556273-2585,2026-10-09,not_real_estate
556273-3377,2026-10-09,not_real_estate
556273-3609,2026-10-09,not_real_estate
556273-3872,2026-10-09,not_real_estate
556273-3906,2026-10-09,not_real_estate
556273-3930,2026-10-09,not_real_estate
556273-5794,2026-10-09,not_real_estate
556273-5901,2026-10-09,below_threshold
556273-5943,2026-10-09,not_real_estate
556273-6172,2026-10-09,no_digital_report
556273-6412,2026-10-09,no_digital_report
556273-6420,2026-10-09,not_real_estate
556273-6651,2026-10-09,not_real_estate
556273-7030,2026-10-09,not_real_estate
556273-8442,2026-10-09,no_digital_report
556274-0364,2026-10-09,not_real_estate
556274-0448,2026-10-09,not_real_estate
556274-0620,2026-10-09,not_real_estate
556274-0836,2026-10-09,no_digital_report
556274-2337,2026-10-09,below_threshold
556274-3939,2026-10-09,below_threshold
556274-4630,2026-10-09,not_real_estate
556274-5579,2026-10-09,below_threshold
556274-6098,2026-10-09,no_digital_report
556274-7005,2026-10-09,not_real_estate
556274-7377,2026-10-09,below_threshold
556274-7716,2026-10-09,not_real_estate
556274-7922,2026-10-09,below_threshold
556274-8136,2026-10-09,below_threshold
556274-8201,2026-10-09,not_real_estate
556274-8540,2026-10-09,not_real_estate
556274-9837,2026-10-09,below_threshold
556275-0082,2026-10-09,no_digital_report
556275-0249,2026-10-09,not_real_estate
556275-0298,2026-10-09,not_real_estate
556275-1064,2026-10-09,not_real_estate
556275-1312,2026-10-09,below_threshold
556275-1445,2026-10-09,no_digital_report
556275-1627,2026-10-09,not_real_estate
556275-1973,2026-10-09,not_real_estate
556275-3144,2026-10-09,not_real_estate
556275-4100,2026-10-09,not_real_estate
556275-4340,2026-10-09,not_real_estate
556275-4852,2026-10-09,no_digital_report
556275-5040,2026-10-09,below_threshold
556275-5545,2026-10-09,not_real_estate
556275-5560,2026-10-09,not_real_estate
556275-6212,2026-10-09,no_digital_report
556275-6832,2026-10-09,not_real_estate
556275-7095,2026-10-09,not_real_estate
556275-8002,2026-10-09,not_real_estate
556275-8234,2026-10-09,no_digital_report
556275-8341,2026-10-09,not_real_estate
556275-8598,2026-10-09,no_digital_report
556275-8622,2026-10-09,below_threshold
556275-8747,2026-10-09,below_threshold
556275-9869,2026-10-09,not_real_estate
556276-0065,2026-10-09,not_real_estate
556276-0115,2026-10-09,below_threshold
556276-1220,2026-10-09,no_digital_report
556276-1287,2026-10-09,not_real_estate
556276-1295,2026-10-09,not_real_estate
556276-1659,2026-10-09,not_real_estate
556276-2582,2026-10-09,not_real_estate
556276-2632,2026-10-09,no_digital_report
556276-2996,2026-10-09,no_digital_report
556276-3283,2026-10-09,not_real_estate
556276-3457,2026-10-09,no_digital_report
556276-4521,2026-10-09,below_threshold
556276-5460,2026-10-09,not_real_estate
556276-6997,2026-10-09,not_real_estate
556276-7045,2026-10-09,not_real_estate
556276-7185,2026-10-09,not_real_estate
556276-7763,2026-10-09,below_threshold
556276-7771,2026-10-09,kept
556276-8225,2026-10-09,not_real_estate
556276-8571,2026-10-09,not_real_estate
556276-9389,2026-10-09,not_real_estate
556276-9561,2026-10-09,not_real_estate
556276-9744,2026-10-09,not_real_estate
556276-9868,2026-10-09,no_digital_report
556277-0411,2026-10-09,below_threshold
556277-0957,2026-10-09,not_real_estate
556277-4694,2026-10-09,no_digital_report
556277-5097,2026-10-09,no_digital_report
556277-5436,2026-10-09,not_real_estate
556277-7358,2026-10-09,not_real_estate
556277-7374,2026-10-09,not_real_estate
556277-7986,2026-10-09,not_real_estate
556277-7994,2026-10-09,not_real_estate
556277-8893,2026-10-09,not_real_estate
556277-9438,2026-10-09,not_real_estate
556278-0311,2026-10-09,not_real_estate
556278-1186,2026-10-09,not_real_estate
556278-1939,2026-10-09,no_digital_report
556278-2127,2026-10-09,not_real_estate
556278-2150,2026-10-09,not_real_estate
556278-2242,2026-10-09,not_real_estate
556278-2499,2026-10-09,no_digital_report
556278-2598,2026-10-09,no_digital_report
556278-3117,2026-10-09,below_threshold
556278-3174,2026-10-09,below_threshold
556278-4297,2026-10-09,not_real_estate
556278-4453,2026-10-09,below_threshold
556278-4495,2026-10-09,not_real_estate
556278-4610,2026-10-09,not_real_estate
556278-5120,2026-10-09,not_real_estate
556278-5245,2026-10-09,not_real_estate
556278-6144,2026-10-09,not_real_estate
556278-6367,2026-10-09,not_real_estate
556278-6755,2026-10-09,not_real_estate
556278-8231,2026-10-09,no_digital_report
556278-8330,2026-10-09,below_threshold
556278-8603,2026-10-09,not_real_estate
556278-8694,2026-10-09,not_real_estate
556278-9155,2026-10-09,below_threshold
556278-9403,2026-10-09,below_threshold
556278-9767,2026-10-09,no_digital_report
556278-9932,2026-10-09,no_digital_report
556279-2142,2026-10-09,not_real_estate
556279-2266,2026-10-09,not_real_estate
556279-3397,2026-10-09,below_threshold
556279-4031,2026-10-09,not_real_estate
556279-4296,2026-10-09,not_real_estate
556279-4403,2026-10-09,not_real_estate
556279-4775,2026-10-09,not_real_estate
556279-5145,2026-10-09,not_real_estate
556279-5491,2026-10-09,not_real_estate
556279-5640,2026-10-09,below_threshold
556279-6655,2026-10-09,not_real_estate
556279-6689,2026-10-09,below_threshold
556279-6820,2026-10-09,not_real_estate
556279-6838,2026-10-09,not_real_estate
556279-7513,2026-10-09,no_digital_report
556279-8032,2026-10-09,below_threshold
556279-8362,2026-10-09,below_threshold
556279-9931,2026-10-09,no_digital_report
556280-0556,2026-10-09,not_real_estate
556280-0838,2026-10-09,no_digital_report
556280-1174,2026-10-09,not_real_estate
556280-1208,2026-10-09,not_real_estate
556280-1521,2026-10-09,not_real_estate
556280-1703,2026-10-09,not_real_estate
556280-2206,2026-10-09,not_real_estate
556280-3014,2026-10-09,no_digital_report
556280-3311,2026-10-09,not_real_estate
556280-3618,2026-10-09,no_digital_report
556280-4079,2026-10-09,not_real_estate
556280-4814,2026-10-09,no_digital_report
556280-4921,2026-10-09,not_real_estate
556280-5134,2026-10-09,not_real_estate
556280-5316,2026-10-09,below_threshold
556280-5399,2026-10-09,not_real_estate
556280-7304,2026-10-09,not_real_estate
556280-8872,2026-10-09,not_real_estate
556280-8948,2026-10-09,not_real_estate
556280-9805,2026-10-09,not_real_estate
556280-9987,2026-10-09,not_real_estate
556281-0316,2026-10-09,not_real_estate
556281-0530,2026-10-09,not_real_estate
556281-2080,2026-10-09,no_digital_report
556281-2858,2026-10-09,not_real_estate
556281-3518,2026-10-09,not_real_estate
556281-4557,2026-10-09,below_threshold
556281-5992,2026-10-09,below_threshold
556281-6156,2026-10-09,not_real_estate
556281-7006,2026-10-09,not_real_estate
556281-7055,2026-10-09,not_real_estate
556281-8194,2026-10-09,not_real_estate
556281-9424,2026-10-09,below_threshold
556281-9986,2026-10-09,not_real_estate
556282-0703,2026-10-09,not_real_estate
556282-0752,2026-10-09,no_digital_report
556282-1354,2026-10-09,not_real_estate
556282-1461,2026-10-09,not_real_estate
556282-1610,2026-10-09,not_real_estate
556282-2022,2026-10-09,not_real_estate
556282-2261,2026-10-09,not_real_estate
556282-2980,2026-10-09,not_real_estate
556282-3251,2026-10-09,no_digital_report
556282-3350,2026-10-09,no_digital_report
556282-4044,2026-10-09,not_real_estate
556282-4622,2026-10-09,not_real_estate
556282-5660,2026-10-09,not_real_estate
556282-6015,2026-10-09,not_real_estate
556282-6072,2026-10-09,below_threshold
556282-6452,2026-10-09,below_threshold
556282-6486,2026-10-09,no_digital_report
556282-6866,2026-10-09,below_threshold
556282-7088,2026-10-09,not_real_estate
556282-8300,2026-10-09,no_digital_report
556282-8714,2026-10-09,not_real_estate
556282-8938,2026-10-09,below_threshold
556282-9076,2026-10-09,not_real_estate
556282-9647,2026-10-09,not_real_estate
556283-0264,2026-10-09,not_real_estate
556283-0322,2026-10-09,not_real_estate
556283-0694,2026-10-09,no_digital_report
556283-2468,2026-10-09,below_threshold
556283-2823,2026-10-09,not_real_estate
556283-3326,2026-10-09,not_real_estate
556283-3706,2026-10-09,no_digital_report
556283-4068,2026-10-09,not_real_estate
556283-5073,2026-10-09,not_real_estate
556283-5289,2026-10-09,below_threshold
556283-5701,2026-10-09,not_real_estate
556283-6832,2026-10-09,no_digital_report
556283-7129,2026-10-09,not_real_estate
556283-8002,2026-10-09,below_threshold
556283-8010,2026-10-09,not_real_estate
556283-8408,2026-10-09,not_real_estate
556283-8606,2026-10-09,not_real_estate
556283-9141,2026-10-09,not_real_estate
556284-0479,2026-10-09,no_digital_report
556284-1089,2026-10-09,no_digital_report
556284-1188,2026-10-09,no_digital_report
556284-1378,2026-10-09,below_threshold
556284-1584,2026-10-09,not_real_estate
556284-2228,2026-10-09,kept
556284-3234,2026-10-09,kept
556284-3689,2026-10-09,not_real_estate
556284-4265,2026-10-09,no_digital_report
556284-4364,2026-10-09,not_real_estate
556284-4828,2026-10-09,not_real_estate
556284-5056,2026-10-09,not_real_estate
556284-5635,2026-10-09,no_digital_report
556284-6328,2026-10-09,not_real_estate
556284-6815,2026-10-09,below_threshold
556284-7011,2026-10-09,below_threshold
556284-7193,2026-10-09,no_digital_report
556284-7540,2026-10-09,not_real_estate
556284-7953,2026-10-09,not_real_estate
556284-8084,2026-10-09,below_threshold
556284-8258,2026-10-09,not_real_estate
556284-8316,2026-10-09,not_real_estate
556284-8423,2026-10-09,no_digital_report
556284-9025,2026-10-09,below_threshold
556284-9520,2026-10-09,below_threshold
556284-9744,2026-10-09,below_threshold
556285-0189,2026-10-09,not_real_estate
556285-0825,2026-10-09,not_real_estate
556285-1419,2026-10-09,not_real_estate
556285-2896,2026-10-09,no_digital_report
556285-2904,2026-10-09,no_digital_report
556285-3027,2026-10-09,below_threshold
556285-3134,2026-10-09,no_digital_report
556285-3159,2026-10-09,not_real_estate
556285-3266,2026-10-09,not_real_estate
556285-3464,2026-10-09,no_digital_report
556285-4538,2026-10-09,below_threshold
556285-4587,2026-10-09,not_real_estate
556285-5154,2026-10-09,not_real_estate
556285-6749,2026-10-09,not_real_estate
556285-6764,2026-10-09,not_real_estate
556285-7556,2026-10-09,not_real_estate
556285-7861,2026-10-09,not_real_estate
556285-8240,2026-10-09,not_real_estate
556285-8679,2026-10-09,not_real_estate
556285-8836,2026-10-09,not_real_estate
556285-9008,2026-10-09,no_digital_report
556285-9321,2026-10-09,not_real_estate
556285-9875,2026-10-09,below_threshold
556285-9909,2026-10-09,no_digital_report
556286-0030,2026-10-09,not_real_estate
556286-0576,2026-10-09,not_real_estate
556286-0709,2026-10-09,below_threshold
556286-1707,2026-10-09,not_real_estate
556286-1780,2026-10-09,not_real_estate
556286-2002,2026-10-09,not_real_estate
556286-2192,2026-10-09,not_real_estate
556286-2366,2026-10-09,below_threshold
556286-2408,2026-10-09,below_threshold
556286-2416,2026-10-09,no_digital_report
556286-2499,2026-10-09,not_real_estate
556286-2648,2026-10-09,not_real_estate
556286-3224,2026-10-09,no_digital_report
556286-3463,2026-10-09,kept
556286-3752,2026-10-09,no_digital_report
556286-4099,2026-10-09,not_real_estate
556286-4446,2026-10-09,not_real_estate
556286-4818,2026-10-09,not_real_estate
556286-5005,2026-10-09,not_real_estate
556286-5146,2026-10-09,not_real_estate
556286-6086,2026-10-09,no_digital_report
556286-6342,2026-10-09,not_real_estate
556286-6532,2026-10-09,not_real_estate
556286-6672,2026-10-09,not_real_estate
556286-7290,2026-10-09,not_real_estate
556286-7464,2026-10-09,no_digital_report
556286-7670,2026-10-09,not_real_estate
556286-7977,2026-10-09,not_real_estate
556286-8405,2026-10-09,no_digital_report
556286-9130,2026-10-09,no_digital_report
556286-9262,2026-10-09,below_threshold
556286-9437,2026-10-09,not_real_estate
556286-9726,2026-10-09,not_real_estate
556286-9791,2026-10-09,not_real_estate
556286-9999,2026-10-09,no_digital_report
556287-0138,2026-10-09,not_real_estate
556287-0310,2026-10-09,not_real_estate
556287-0492,2026-10-09,below_threshold
556287-0609,2026-10-09,not_real_estate
556287-0997,2026-10-09,no_digital_report
556287-1367,2026-10-09,not_real_estate
556287-2175,2026-10-09,not_real_estate
556287-2266,2026-10-09,not_real_estate
556287-2878,2026-10-09,not_real_estate
556287-4296,2026-10-09,no_digital_report
556287-4924,2026-10-09,not_real_estate
556287-5277,2026-10-09,not_real_estate
556287-6416,2026-10-09,not_real_estate
556287-6697,2026-10-09,not_real_estate
556287-7059,2026-10-09,not_real_estate
556287-7521,2026-10-09,below_threshold
556287-7729,2026-10-09,not_real_estate
556287-7901,2026-10-09,no_digital_report
556287-7950,2026-10-09,not_real_estate
556287-9048,2026-10-09,below_threshold
556287-9360,2026-10-09,not_real_estate
556287-9477,2026-10-09,not_real_estate
556287-9865,2026-10-09,no_digital_report
556288-2323,2026-10-09,not_real_estate
556288-2737,2026-10-09,not_real_estate
556288-3420,2026-10-09,not_real_estate
556288-3719,2026-10-09,not_real_estate
556288-4238,2026-10-09,not_real_estate
556288-4493,2026-10-09,not_real_estate
556288-4667,2026-10-09,not_real_estate
556288-5078,2026-10-09,not_real_estate
556288-5102,2026-10-09,not_real_estate
556288-5565,2026-10-09,below_threshold
556288-5862,2026-10-09,no_digital_report
556288-7843,2026-10-09,not_real_estate
556288-8437,2026-10-09,not_real_estate
556288-8593,2026-10-09,not_real_estate
556288-8957,2026-10-09,not_real_estate
556288-8999,2026-10-09,not_real_estate
556288-9666,2026-10-09,not_real_estate
556288-9948,2026-10-09,not_real_estate
556289-0375,2026-10-09,not_real_estate
556289-0482,2026-10-09,no_digital_report
556289-0862,2026-10-09,not_real_estate
556289-1563,2026-10-09,not_real_estate
556289-1779,2026-10-09,below_threshold
556289-1936,2026-10-09,below_threshold
556289-2157,2026-10-09,below_threshold
556289-2298,2026-10-09,not_real_estate
556289-2587,2026-10-09,below_threshold
556289-3114,2026-10-09,not_real_estate
556289-3882,2026-10-09,not_real_estate
556289-4120,2026-10-09,not_real_estate
556289-4641,2026-10-09,no_digital_report
556289-4815,2026-10-09,not_real_estate
556289-4831,2026-10-09,not_real_estate
556289-5879,2026-10-09,not_real_estate
556289-6489,2026-10-09,not_real_estate
556289-6562,2026-10-09,not_real_estate
556289-6984,2026-10-09,below_threshold
556289-7016,2026-10-09,no_digital_report
556289-7669,2026-10-09,not_real_estate
556289-7735,2026-10-09,below_threshold
556289-7743,2026-10-09,not_real_estate
556289-8196,2026-10-09,no_digital_report
556289-8345,2026-10-09,not_real_estate
556289-8402,2026-10-09,not_real_estate
556289-9012,2026-10-09,below_threshold
556289-9103,2026-10-09,not_real_estate
556289-9178,2026-10-09,no_digital_report
556290-1271,2026-10-09,not_real_estate
556290-1628,2026-10-09,below_threshold
556290-1792,2026-10-09,not_real_estate
556290-2261,2026-10-09,not_real_estate
556290-2725,2026-10-09,below_threshold
556290-3053,2026-10-09,not_real_estate
556290-3277,2026-10-09,below_threshold
556290-3558,2026-10-09,not_real_estate
556290-4879,2026-10-09,not_real_estate
556290-5843,2026-10-09,no_digital_report
556290-6189,2026-10-09,no_digital_report
556290-6619,2026-10-09,no_digital_report
556290-7070,2026-10-09,below_threshold
556290-7369,2026-10-09,not_real_estate
556290-7385,2026-10-09,no_digital_report
556290-7674,2026-10-09,below_threshold
556290-7682,2026-10-09,not_real_estate
556290-7690,2026-10-09,not_real_estate
556290-8482,2026-10-09,below_threshold
556290-8631,2026-10-09,not_real_estate
556290-8680,2026-10-09,no_digital_report
556290-9316,2026-10-09,not_real_estate
556290-9746,2026-10-09,not_real_estate
556291-0298,2026-10-09,not_real_estate
556291-0389,2026-10-09,no_digital_report
556291-0561,2026-10-09,not_real_estate
556291-0983,2026-10-09,no_digital_report
556291-0991,2026-10-09,not_real_estate
556291-1320,2026-10-09,below_threshold
556291-1478,2026-10-09,below_threshold
556291-2047,2026-10-09,below_threshold
556291-2104,2026-10-09,below_threshold
556291-2310,2026-10-09,not_real_estate
556291-2633,2026-10-09,below_threshold
556291-2948,2026-10-09,not_real_estate
556291-3730,2026-10-09,not_real_estate
556291-5453,2026-10-09,not_real_estate
556291-5693,2026-10-09,not_real_estate
556291-5727,2026-10-09,below_threshold
556291-8994,2026-10-09,below_threshold
556291-9414,2026-10-09,below_threshold
556291-9711,2026-10-09,below_threshold
556292-0099,2026-10-09,not_real_estate
556292-0537,2026-10-09,no_digital_report
556292-1071,2026-10-09,no_digital_report
556292-1717,2026-10-09,no_digital_report
556292-2186,2026-10-09,not_real_estate
556292-3119,2026-10-09,no_digital_report
556292-3176,2026-10-09,below_threshold
556292-3317,2026-10-09,below_threshold
556292-3333,2026-10-09,not_real_estate
556292-3747,2026-10-09,no_digital_report
556292-4299,2026-10-09,no_digital_report
556292-4547,2026-10-09,not_real_estate
556292-4745,2026-10-09,no_digital_report
556292-5023,2026-10-09,not_real_estate
556292-5270,2026-10-09,not_real_estate
556292-6302,2026-10-09,not_real_estate
556292-6443,2026-10-09,not_real_estate
556292-6476,2026-10-09,not_real_estate
556292-6526,2026-10-09,not_real_estate
556292-6559,2026-10-09,not_real_estate
556292-6567,2026-10-09,not_real_estate
556292-6690,2026-10-09,not_real_estate
556292-6831,2026-10-09,below_threshold
556292-6898,2026-10-09,not_real_estate
556292-7177,2026-10-09,no_digital_report
556292-8068,2026-10-09,below_threshold
556292-8084,2026-10-09,below_threshold
556292-8852,2026-10-09,not_real_estate
556292-9009,2026-10-09,not_real_estate
556292-9074,2026-10-09,not_real_estate
556292-9918,2026-10-09,not_real_estate
556293-0007,2026-10-09,no_digital_report
556293-0171,2026-10-09,below_threshold
556293-0320,2026-10-09,not_real_estate
556293-0577,2026-10-09,not_real_estate
556293-1047,2026-10-09,not_real_estate
556293-1740,2026-10-09,below_threshold
556293-2649,2026-10-09,not_real_estate
556293-3928,2026-10-09,not_real_estate
556293-4371,2026-10-09,below_threshold
556293-4603,2026-10-09,not_real_estate
556293-5055,2026-10-09,below_threshold
556293-5543,2026-10-09,not_real_estate
556293-5709,2026-10-09,below_threshold
556293-6384,2026-10-09,not_real_estate
556293-8075,2026-10-09,no_digital_report
556293-8844,2026-10-09,below_threshold
556293-9156,2026-10-09,no_digital_report
556293-9313,2026-10-09,not_real_estate
556293-9768,2026-10-09,not_real_estate
556293-9891,2026-10-09,below_threshold
556294-0253,2026-10-09,not_real_estate
556294-0782,2026-10-09,not_real_estate
556294-1103,2026-10-09,not_real_estate
556294-1384,2026-10-09,not_real_estate
556294-1657,2026-10-09,not_real_estate
556294-2044,2026-10-09,not_real_estate
556294-2754,2026-10-09,not_real_estate
556294-4016,2026-10-09,no_digital_report
556294-6854,2026-10-09,not_real_estate
556294-7472,2026-10-09,below_threshold
556294-7589,2026-10-09,not_real_estate
556294-7928,2026-10-09,not_real_estate
556294-8785,2026-10-09,not_real_estate
556294-9585,2026-10-09,no_digital_report
556294-9619,2026-10-09,no_digital_report
556294-9775,2026-10-09,no_digital_report
556295-0567,2026-10-09,not_real_estate
556295-1185,2026-10-09,not_real_estate
556295-1292,2026-10-09,not_real_estate
556295-1375,2026-10-09,not_real_estate
556295-1912,2026-10-09,below_threshold
556295-2464,2026-10-09,no_digital_report
556295-2845,2026-10-09,no_digital_report
556295-3041,2026-10-09,below_threshold
556295-3413,2026-10-09,below_threshold
556295-3694,2026-10-09,not_real_estate
556295-3827,2026-10-09,below_threshold
556295-3934,2026-10-09,no_digital_report
556295-4171,2026-10-09,not_real_estate
556295-4411,2026-10-09,not_real_estate
556295-6671,2026-10-09,below_threshold
556295-6929,2026-10-09,no_digital_report
556295-7539,2026-10-09,not_real_estate
556295-7927,2026-10-09,not_real_estate
556295-8057,2026-10-09,not_real_estate
556295-8610,2026-10-09,below_threshold
556295-9618,2026-10-09,not_real_estate
556295-9774,2026-10-09,no_digital_report
556296-0038,2026-10-09,not_real_estate
556296-0244,2026-10-09,not_real_estate
556296-0962,2026-10-09,below_threshold
556296-2091,2026-10-09,not_real_estate
556296-3552,2026-10-09,not_real_estate
556296-3891,2026-10-09,below_threshold
556296-4071,2026-10-09,not_real_estate
556296-4683,2026-10-09,not_real_estate
556296-5102,2026-10-09,not_real_estate
556296-5169,2026-10-09,below_threshold
556296-5227,2026-10-09,not_real_estate
556296-5318,2026-10-09,not_real_estate
556296-6241,2026-10-09,below_threshold
556296-7330,2026-10-09,below_threshold
556296-7355,2026-10-09,not_real_estate
556296-7561,2026-10-09,not_real_estate
556296-8247,2026-10-09,not_real_estate
556296-8866,2026-10-09,no_digital_report
556296-8908,2026-10-09,not_real_estate
556296-9062,2026-10-09,not_real_estate
556296-9567,2026-10-09,below_threshold
556296-9575,2026-10-09,not_real_estate
556297-0219,2026-10-09,not_real_estate
556297-1043,2026-10-09,not_real_estate
556297-1100,2026-10-09,not_real_estate
556297-2199,2026-10-09,below_threshold
556297-2389,2026-10-09,not_real_estate
556297-4237,2026-10-09,no_digital_report
556297-4641,2026-10-09,not_real_estate
556297-5143,2026-10-09,not_real_estate
556297-5606,2026-10-09,not_real_estate
556297-5762,2026-10-09,not_real_estate
556297-6158,2026-10-09,not_real_estate
556297-6810,2026-10-09,not_real_estate
556297-7271,2026-10-09,not_real_estate
556297-7362,2026-10-09,below_threshold
556297-7412,2026-10-09,not_real_estate
556297-7719,2026-10-09,not_real_estate
556297-7990,2026-10-09,no_digital_report
556297-9186,2026-10-09,not_real_estate
556298-0002,2026-10-09,no_digital_report
556298-0200,2026-10-09,below_threshold
556298-0242,2026-10-09,not_real_estate
556298-0721,2026-10-09,not_real_estate
556298-0770,2026-10-09,not_real_estate
556298-1091,2026-10-09,not_real_estate
556298-1893,2026-10-09,no_digital_report
556298-1919,2026-10-09,not_real_estate
556298-1927,2026-10-09,not_real_estate
556298-2107,2026-10-09,below_threshold
556298-2347,2026-10-09,no_digital_report
556298-2602,2026-10-09,no_digital_report
556298-2776,2026-10-09,not_real_estate
556298-2800,2026-10-09,not_real_estate
556298-3808,2026-10-09,not_real_estate
556298-4608,2026-10-09,not_real_estate
556298-4731,2026-10-09,not_real_estate
556298-6462,2026-10-09,not_real_estate
556298-6785,2026-10-09,not_real_estate
556298-7114,2026-10-09,not_real_estate
556298-8625,2026-10-09,not_real_estate
556298-8674,2026-10-09,not_real_estate
556298-9177,2026-10-09,not_real_estate
556298-9680,2026-10-09,not_real_estate
556298-9870,2026-10-09,no_digital_report
556299-0076,2026-10-09,not_real_estate
556299-0118,2026-10-09,kept
556299-0159,2026-10-09,below_threshold
556299-0167,2026-10-09,not_real_estate
556299-0365,2026-10-09,below_threshold
556299-0811,2026-10-09,no_digital_report
556299-1520,2026-10-09,not_real_estate
556299-1686,2026-10-09,not_real_estate
556299-1769,2026-10-09,not_real_estate
556299-3559,2026-10-09,not_real_estate
556299-4680,2026-10-09,not_real_estate
556299-5067,2026-10-09,not_real_estate
556299-5190,2026-10-09,not_real_estate
556299-5729,2026-10-09,no_digital_report
556299-6339,2026-10-09,not_real_estate
556299-6404,2026-10-09,below_threshold
556299-7931,2026-10-09,no_digital_report
556299-8491,2026-10-09,no_digital_report
556299-8913,2026-10-09,below_threshold
556299-9192,2026-10-09,not_real_estate
556299-9283,2026-10-09,not_real_estate
556299-9358,2026-10-09,kept
556299-9614,2026-10-09,not_real_estate
556300-0263,2026-10-09,no_digital_report
556300-0321,2026-10-09,not_real_estate
556300-1170,2026-10-09,not_real_estate
556300-1329,2026-10-09,no_digital_report
556300-1865,2026-10-09,not_real_estate
556300-1915,2026-10-09,no_digital_report
556300-1956,2026-10-09,not_real_estate
556300-2566,2026-10-09,below_threshold
556300-2798,2026-10-09,not_real_estate
556300-2913,2026-10-09,not_real_estate
556300-2988,2026-10-09,below_threshold
556300-3838,2026-10-09,not_real_estate
556300-4737,2026-10-09,not_real_estate
556300-5734,2026-10-09,not_real_estate
556300-5775,2026-10-09,below_threshold
556300-5841,2026-10-09,not_real_estate
556300-5890,2026-10-09,not_real_estate
556300-6096,2026-10-09,not_real_estate
556300-6575,2026-10-09,not_real_estate
556300-6609,2026-10-09,not_real_estate
556300-6625,2026-10-09,not_real_estate
556300-6807,2026-10-09,not_real_estate
556300-6823,2026-10-09,not_real_estate
556300-7128,2026-10-09,not_real_estate
556300-7144,2026-10-09,no_digital_report
556300-7375,2026-10-09,no_digital_report
556300-7763,2026-10-09,no_digital_report
556300-8076,2026-10-09,not_real_estate
556300-8340,2026-10-09,no_digital_report
556301-0023,2026-10-09,below_threshold
556301-0254,2026-10-09,below_threshold
556301-0437,2026-10-09,not_real_estate
556301-0601,2026-10-09,no_digital_report
556301-1138,2026-10-09,not_real_estate
556301-1344,2026-10-09,no_digital_report
556301-1351,2026-10-09,not_real_estate
556301-1476,2026-10-09,below_threshold
556301-1831,2026-10-09,not_real_estate
556301-2151,2026-10-09,not_real_estate
556301-2243,2026-10-09,not_real_estate
556301-4066,2026-10-09,below_threshold
556301-4777,2026-10-09,not_real_estate
556301-4819,2026-10-09,not_real_estate
556301-5550,2026-10-09,not_real_estate
556301-6186,2026-10-09,not_real_estate
556301-6319,2026-10-09,below_threshold
556301-6921,2026-10-09,not_real_estate
556301-6947,2026-10-09,not_real_estate
556301-7226,2026-10-09,below_threshold
556301-7390,2026-10-09,not_real_estate
556301-7812,2026-10-09,below_threshold
556301-7846,2026-10-09,not_real_estate
556301-8109,2026-10-09,no_digital_report
556301-8760,2026-10-09,not_real_estate
556301-9149,2026-10-09,not_real_estate
556301-9362,2026-10-09,not_real_estate
556301-9404,2026-10-09,not_real_estate
556301-9453,2026-10-09,not_real_estate
556302-0543,2026-10-09,not_real_estate
556302-1020,2026-10-09,not_real_estate
556302-1822,2026-10-09,kept
556302-3299,2026-10-09,not_real_estate
556302-3620,2026-10-09,not_real_estate
556302-4016,2026-10-09,not_real_estate
556302-4024,2026-10-09,not_real_estate
556302-4099,2026-10-09,not_real_estate
556302-5484,2026-10-09,not_real_estate
556302-5823,2026-10-09,no_digital_report
556302-6045,2026-10-09,not_real_estate
556302-6482,2026-10-09,not_real_estate
556302-6672,2026-10-09,not_real_estate
556302-6896,2026-10-09,no_digital_report
556302-6961,2026-10-09,not_real_estate
556302-7340,2026-10-09,no_digital_report
556302-8173,2026-10-09,no_digital_report
556302-8322,2026-10-09,below_threshold
556302-8751,2026-10-09,below_threshold
556302-8900,2026-10-09,not_real_estate
556302-9015,2026-10-09,not_real_estate
556302-9197,2026-10-09,not_real_estate
556302-9718,2026-10-09,below_threshold
556302-9973,2026-10-09,not_real_estate
556303-0211,2026-10-09,not_real_estate
556303-0252,2026-10-09,below_threshold
556303-0542,2026-10-09,below_threshold
556303-1300,2026-10-09,not_real_estate
556303-1326,2026-10-09,no_digital_report
556303-1508,2026-10-09,not_real_estate
556303-1870,2026-10-09,not_real_estate
556303-1961,2026-10-09,not_real_estate
556303-2399,2026-10-09,not_real_estate
556303-2522,2026-10-09,no_digital_report
556303-2662,2026-10-09,not_real_estate
556303-2795,2026-10-09,no_digital_report
556303-3272,2026-10-09,not_real_estate
556303-4015,2026-10-09,not_real_estate
556303-4551,2026-10-09,not_real_estate
556303-4882,2026-10-09,not_real_estate
556303-5384,2026-10-09,not_real_estate
556303-5749,2026-10-09,not_real_estate
556303-5954,2026-10-09,below_threshold
556303-6135,2026-10-09,not_real_estate
556303-6176,2026-10-09,no_digital_report
556303-6929,2026-10-09,not_real_estate
556303-6945,2026-10-09,below_threshold
556303-7174,2026-10-09,below_threshold
556303-7414,2026-10-09,not_real_estate
556303-8057,2026-10-09,not_real_estate
556303-8982,2026-10-09,not_real_estate
556303-9071,2026-10-09,not_real_estate
556303-9709,2026-10-09,not_real_estate
556304-0087,2026-10-09,not_real_estate
556304-0426,2026-10-09,not_real_estate
556304-0939,2026-10-09,below_threshold
556304-1150,2026-10-09,not_real_estate
556304-1242,2026-10-09,kept
556304-1283,2026-10-09,not_real_estate
556304-1630,2026-10-09,below_threshold
556304-1648,2026-10-09,not_real_estate
556304-2489,2026-10-09,not_real_estate
556304-3800,2026-10-09,not_real_estate
556304-4600,2026-10-09,not_real_estate
556304-4675,2026-10-09,not_real_estate
556304-5045,2026-10-09,not_real_estate
556304-6068,2026-10-09,not_real_estate
556304-6209,2026-10-09,no_digital_report
556304-7108,2026-10-09,not_real_estate
556304-7470,2026-10-09,no_digital_report
556304-8031,2026-10-09,no_digital_report
556304-8510,2026-10-09,below_threshold
556304-8528,2026-10-09,not_real_estate
556304-8676,2026-10-09,no_digital_report
556304-8742,2026-10-09,not_real_estate
556304-9435,2026-10-09,not_real_estate
556304-9484,2026-10-09,not_real_estate
556305-0391,2026-10-09,not_real_estate
556305-1506,2026-10-09,not_real_estate
556305-1522,2026-10-09,below_threshold
556305-2520,2026-10-09,not_real_estate
556305-2611,2026-10-09,not_real_estate
556305-2975,2026-10-09,not_real_estate
556305-2983,2026-10-09,not_real_estate
556305-3254,2026-10-09,below_threshold
556305-3965,2026-10-09,not_real_estate
556305-4310,2026-10-09,not_real_estate
556305-4336,2026-10-09,below_threshold
556305-4625,2026-10-09,not_real_estate
556305-5085,2026-10-09,not_real_estate
556305-5309,2026-10-09,no_digital_report
556305-6539,2026-10-09,not_real_estate
556305-6760,2026-10-09,below_threshold
556305-7156,2026-10-09,not_real_estate
556305-7339,2026-10-09,below_threshold
556305-7487,2026-10-09,below_threshold
556305-9483,2026-10-09,below_threshold
556306-1422,2026-10-09,not_real_estate
556306-2032,2026-10-09,not_real_estate
556306-2404,2026-10-09,not_real_estate
556306-2701,2026-10-09,not_real_estate
556306-2826,2026-10-09,no_digital_report
556306-2966,2026-10-09,below_threshold
556306-3139,2026-10-09,not_real_estate
556306-3600,2026-10-09,not_real_estate
556306-4798,2026-10-09,below_threshold
556306-5373,2026-10-09,not_real_estate
556306-6017,2026-10-09,not_real_estate
556306-7122,2026-10-09,below_threshold
556306-7221,2026-10-09,no_digital_report
556306-7544,2026-10-09,not_real_estate
556306-8039,2026-10-09,not_real_estate
556306-8070,2026-10-09,below_threshold
556306-9466,2026-10-09,not_real_estate
556306-9722,2026-10-09,not_real_estate
556306-9920,2026-10-09,below_threshold
556307-0159,2026-10-09,below_threshold
556307-0498,2026-10-09,not_real_estate
556307-0522,2026-10-09,not_real_estate
556307-0951,2026-10-09,not_real_estate
556307-3773,2026-10-09,below_threshold
556307-4250,2026-10-09,not_real_estate
556307-4268,2026-10-09,not_real_estate
556307-5851,2026-10-09,not_real_estate
556307-7055,2026-10-09,not_real_estate
556307-7105,2026-10-09,not_real_estate
556307-7725,2026-10-09,not_real_estate
556307-7733,2026-10-09,no_digital_report
556307-8285,2026-10-09,not_real_estate
556307-8640,2026-10-09,no_digital_report
556307-9002,2026-10-09,not_real_estate
556307-9127,2026-10-09,not_real_estate
556307-9473,2026-10-09,no_digital_report
556307-9853,2026-10-09,not_real_estate
556308-0307,2026-10-09,not_real_estate
556308-0729,2026-10-09,not_real_estate
556308-2873,2026-10-09,below_threshold
556308-3137,2026-10-09,below_threshold
556308-3160,2026-10-09,below_threshold
556308-3517,2026-10-09,not_real_estate
556308-4580,2026-10-09,below_threshold
556308-4911,2026-10-09,not_real_estate
556308-5819,2026-10-09,no_digital_report
556308-6346,2026-10-09,not_real_estate
556308-7575,2026-10-09,no_digital_report
556308-7641,2026-10-09,not_real_estate
556308-7864,2026-10-09,not_real_estate
556308-9456,2026-10-09,not_real_estate
556308-9480,2026-10-09,below_threshold
556308-9688,2026-10-09,below_threshold
556308-9977,2026-10-09,not_real_estate
556309-0801,2026-10-09,no_digital_report
556309-1171,2026-10-09,no_digital_report
556309-1874,2026-10-09,not_real_estate
556309-2351,2026-10-09,not_real_estate
556309-3375,2026-10-09,below_threshold
556309-3961,2026-10-09,not_real_estate
556309-4308,2026-10-09,no_digital_report
556309-5081,2026-10-09,not_real_estate
556309-5842,2026-10-09,not_real_estate
556309-5933,2026-10-09,not_real_estate
556309-6337,2026-10-09,not_real_estate
556309-6683,2026-10-09,no_digital_report
556309-6790,2026-10-09,not_real_estate
556309-7616,2026-10-09,not_real_estate
556309-7632,2026-10-09,not_real_estate
556309-8754,2026-10-09,not_real_estate
556309-9034,2026-10-09,not_real_estate
556309-9414,2026-10-09,not_real_estate
556309-9596,2026-10-09,no_digital_report
556309-9703,2026-10-09,not_real_estate
556309-9778,2026-10-09,not_real_estate
556310-0907,2026-10-09,not_real_estate
556310-2705,2026-10-09,not_real_estate
556310-3307,2026-10-09,not_real_estate
556310-4545,2026-10-09,no_digital_report
556310-5054,2026-10-09,not_real_estate
556310-5161,2026-10-09,not_real_estate
556310-5815,2026-10-09,not_real_estate
556310-5906,2026-10-09,not_real_estate
556310-7258,2026-10-09,not_real_estate
556310-7613,2026-10-09,not_real_estate
556310-8132,2026-10-09,not_real_estate
556310-8496,2026-10-09,not_real_estate
556310-8934,2026-10-09,not_real_estate
556310-9353,2026-10-09,not_real_estate
556310-9981,2026-10-09,not_real_estate
556311-0880,2026-10-09,no_digital_report
556311-0948,2026-10-09,not_real_estate
556311-2274,2026-10-09,not_real_estate
556311-2472,2026-10-09,no_digital_report
556311-2662,2026-10-09,not_real_estate
556311-3371,2026-10-09,not_real_estate
556311-3520,2026-10-09,not_real_estate
556311-3611,2026-10-09,below_threshold
556311-3884,2026-10-09,not_real_estate
556311-4452,2026-10-09,not_real_estate
556311-4783,2026-10-09,below_threshold
556311-5111,2026-10-09,no_digital_report
556311-5319,2026-10-09,not_real_estate
556311-5665,2026-10-09,not_real_estate
556311-5905,2026-10-09,no_digital_report
556311-6036,2026-10-09,not_real_estate
556311-6127,2026-10-09,not_real_estate
556311-6309,2026-10-09,not_real_estate
556311-6390,2026-10-09,not_real_estate
556311-6515,2026-10-09,not_real_estate
556311-7026,2026-10-09,not_real_estate
556311-7398,2026-10-09,kept
556311-7653,2026-10-09,not_real_estate
556311-7877,2026-10-09,kept
556311-8131,2026-10-09,not_real_estate
556311-8685,2026-10-09,not_real_estate
556311-9097,2026-10-09,no_digital_report
556311-9360,2026-10-09,not_real_estate
556311-9469,2026-10-09,not_real_estate
556312-0053,2026-10-09,not_real_estate
556312-0236,2026-10-09,no_digital_report
556312-0830,2026-10-09,not_real_estate
556312-1291,2026-10-09,no_digital_report
556312-1424,2026-10-09,below_threshold
556312-1580,2026-10-09,not_real_estate
556312-1788,2026-10-09,not_real_estate
556312-2703,2026-10-09,no_digital_report
556312-2992,2026-10-09,not_real_estate
556312-3651,2026-10-09,not_real_estate
556312-3685,2026-10-09,not_real_estate
556312-3693,2026-10-09,not_real_estate
556312-4410,2026-10-09,not_real_estate
556312-4949,2026-10-09,not_real_estate
556312-5276,2026-10-09,not_real_estate
556312-5292,2026-10-09,not_real_estate
556312-6068,2026-10-09,not_real_estate
556312-6118,2026-10-09,not_real_estate
556312-6449,2026-10-09,no_digital_report
556312-6480,2026-10-09,not_real_estate
556312-6670,2026-10-09,not_real_estate
556312-6787,2026-10-09,not_real_estate
556312-7033,2026-10-09,below_threshold
556312-7926,2026-10-09,not_real_estate
556312-7967,2026-10-09,not_real_estate
556312-8643,2026-10-09,not_real_estate
556312-9492,2026-10-09,not_real_estate
556312-9963,2026-10-09,no_digital_report
556313-0466,2026-10-09,not_real_estate
556313-0961,2026-10-09,not_real_estate
556313-0987,2026-10-09,no_digital_report
556313-1126,2026-10-09,below_threshold
556313-1688,2026-10-09,not_real_estate
556313-1795,2026-10-09,not_real_estate
556313-2330,2026-10-09,not_real_estate
556313-2470,2026-10-09,no_digital_report
556313-2512,2026-10-09,not_real_estate
556313-2686,2026-10-09,no_digital_report
556313-3809,2026-10-09,no_digital_report
556313-3965,2026-10-09,no_digital_report
556313-4013,2026-10-09,not_real_estate
556313-5044,2026-10-09,not_real_estate
556313-5564,2026-10-09,below_threshold
556313-5838,2026-10-09,no_digital_report
556313-8592,2026-10-09,no_digital_report
556313-8600,2026-10-09,not_real_estate
556313-8741,2026-10-09,not_real_estate
556313-8766,2026-10-09,below_threshold
556313-8907,2026-10-09,below_threshold
556313-9046,2026-10-09,not_real_estate
556314-0218,2026-10-09,no_digital_report
556314-0663,2026-10-09,not_real_estate
556314-1091,2026-10-09,not_real_estate
556314-1125,2026-10-09,below_threshold
556314-1414,2026-10-09,not_real_estate
556314-1687,2026-10-09,not_real_estate
556314-2115,2026-10-09,below_threshold
556314-2784,2026-10-09,below_threshold
556314-2883,2026-10-09,not_real_estate
556314-3337,2026-10-09,not_real_estate
556314-3600,2026-10-09,not_real_estate
556314-4459,2026-10-09,not_real_estate
556314-5050,2026-10-09,not_real_estate
556314-5381,2026-10-09,not_real_estate
556314-5738,2026-10-09,not_real_estate
556314-6173,2026-10-09,not_real_estate
556314-6405,2026-10-09,below_threshold
556314-6520,2026-10-09,not_real_estate
556314-7023,2026-10-09,not_real_estate
556314-7163,2026-10-09,not_real_estate
556314-7791,2026-10-09,below_threshold
556314-8930,2026-10-09,no_digital_report
556314-9433,2026-10-09,below_threshold
556315-0233,2026-10-09,not_real_estate
556315-0795,2026-10-09,no_digital_report
556315-0910,2026-10-09,not_real_estate
556315-1207,2026-10-09,below_threshold
556315-1421,2026-10-09,below_threshold
556315-1678,2026-10-09,no_digital_report
556315-1843,2026-10-09,not_real_estate
556315-1959,2026-10-09,no_digital_report
556315-2072,2026-10-09,not_real_estate
556315-2262,2026-10-09,below_threshold
556315-3237,2026-10-09,not_real_estate
556315-4151,2026-10-09,not_real_estate
556315-4169,2026-10-09,not_real_estate
556315-5125,2026-10-09,no_digital_report
556315-5232,2026-10-09,not_real_estate
556315-5554,2026-10-09,not_real_estate
556315-6339,2026-10-09,not_real_estate
556315-7253,2026-10-09,no_digital_report
556315-7790,2026-10-09,not_real_estate
556315-8343,2026-10-09,not_real_estate
556315-8392,2026-10-09,not_real_estate
556315-8947,2026-10-09,not_real_estate
556315-9234,2026-10-09,no_digital_report
556315-9325,2026-10-09,not_real_estate
556315-9432,2026-10-09,no_digital_report
556315-9564,2026-10-09,not_real_estate
556315-9572,2026-10-09,no_digital_report
556316-0265,2026-10-09,below_threshold
556316-0471,2026-10-09,not_real_estate
556316-0802,2026-10-09,not_real_estate
556316-1248,2026-10-09,below_threshold
556316-1974,2026-10-09,below_threshold
556316-2055,2026-10-09,not_real_estate
556316-2170,2026-10-09,not_real_estate
556316-3269,2026-10-09,below_threshold
556316-3335,2026-10-09,not_real_estate
556316-3889,2026-10-09,no_digital_report
556316-5827,2026-10-09,not_real_estate
556316-7179,2026-10-09,no_digital_report
556316-7187,2026-10-09,not_real_estate
556316-8318,2026-10-09,below_threshold
556316-9175,2026-10-09,not_real_estate
556316-9340,2026-10-09,not_real_estate
556316-9647,2026-10-09,not_real_estate
556316-9696,2026-10-09,not_real_estate
556317-0017,2026-10-09,not_real_estate
556317-0538,2026-10-09,not_real_estate
556317-0702,2026-10-09,no_digital_report
556317-1106,2026-10-09,not_real_estate
556317-1635,2026-10-09,not_real_estate
556317-2369,2026-10-09,no_digital_report
556317-2682,2026-10-09,no_digital_report
556317-2922,2026-10-09,no_digital_report
556317-3029,2026-10-09,no_digital_report
556317-3037,2026-10-09,below_threshold
556317-3912,2026-10-09,no_digital_report
556317-3946,2026-10-09,not_real_estate
556317-4852,2026-10-09,not_real_estate
556317-5966,2026-10-09,not_real_estate
556317-6659,2026-10-09,not_real_estate
556317-7434,2026-10-09,below_threshold
556317-9125,2026-10-09,below_threshold
556317-9968,2026-10-09,not_real_estate
556318-0032,2026-10-09,not_real_estate
556318-0222,2026-10-09,not_real_estate
556318-0347,2026-10-09,below_threshold
556318-0453,2026-10-09,not_real_estate
556318-0719,2026-10-09,not_real_estate
556318-0800,2026-10-09,below_threshold
556318-0867,2026-10-09,not_real_estate
556318-1790,2026-10-09,below_threshold
556318-4612,2026-10-09,not_real_estate
556318-4679,2026-10-09,not_real_estate
556318-5528,2026-10-09,below_threshold
556318-6005,2026-10-09,not_real_estate
556318-6278,2026-10-09,kept
556318-6567,2026-10-09,kept
556318-6708,2026-10-09,below_threshold
556318-7177,2026-10-09,not_real_estate
556318-7433,2026-10-09,not_real_estate
556318-8068,2026-10-09,no_digital_report
556318-8779,2026-10-09,below_threshold
556318-9124,2026-10-09,below_threshold
556318-9801,2026-10-09,no_digital_report
556318-9850,2026-10-09,not_real_estate
556319-0759,2026-10-09,not_real_estate
556319-1344,2026-10-09,not_real_estate
556319-1468,2026-10-09,not_real_estate
556319-1807,2026-10-09,not_real_estate
556319-1971,2026-10-09,no_digital_report
556319-2177,2026-10-09,not_real_estate
556319-2961,2026-10-09,not_real_estate
556319-3472,2026-10-09,below_threshold
556319-3795,2026-10-09,not_real_estate
556319-4009,2026-10-09,no_digital_report
556319-4025,2026-10-09,below_threshold
556319-4108,2026-10-09,not_real_estate
556319-4629,2026-10-09,below_threshold
556319-4850,2026-10-09,not_real_estate
556319-5832,2026-10-09,not_real_estate
556319-5857,2026-10-09,no_digital_report
556319-6921,2026-10-09,not_real_estate
556319-7374,2026-10-09,below_threshold
556319-7473,2026-10-09,not_real_estate
556319-7903,2026-10-09,not_real_estate
556319-8240,2026-10-09,not_real_estate
556319-8315,2026-10-09,not_real_estate
556320-1432,2026-10-09,not_real_estate
556320-1531,2026-10-09,not_real_estate
556320-1853,2026-10-09,not_real_estate
556320-2455,2026-10-09,no_digital_report
556320-2794,2026-10-09,not_real_estate
556320-4154,2026-10-09,below_threshold
556320-4485,2026-10-09,not_real_estate
556320-5060,2026-10-09,below_threshold
556320-5201,2026-10-09,not_real_estate
556320-5870,2026-10-09,no_digital_report
556320-6233,2026-10-09,not_real_estate
556320-6654,2026-10-09,no_digital_report
556320-7348,2026-10-09,not_real_estate
556320-8205,2026-10-09,not_real_estate
556320-8841,2026-10-09,below_threshold
556320-9328,2026-10-09,not_real_estate
556320-9773,2026-10-09,below_threshold
556320-9963,2026-10-09,below_threshold
556321-0375,2026-10-09,not_real_estate
556321-1415,2026-10-09,below_threshold
556321-1464,2026-10-09,below_threshold
556321-2074,2026-10-09,not_real_estate
556321-2108,2026-10-09,not_real_estate
556321-2520,2026-10-09,no_digital_report
556321-4948,2026-10-09,not_real_estate
556321-5192,2026-10-09,not_real_estate
556321-5234,2026-10-09,not_real_estate
556321-5622,2026-10-09,not_real_estate
556321-5655,2026-10-09,not_real_estate
556321-5747,2026-10-09,no_digital_report
556321-6018,2026-10-09,below_threshold
556321-6380,2026-10-09,not_real_estate
556321-6844,2026-10-09,not_real_estate
556321-7271,2026-10-09,below_threshold
556321-7974,2026-10-09,not_real_estate
556321-8378,2026-10-09,not_real_estate
556321-8931,2026-10-09,not_real_estate
556321-9418,2026-10-09,not_real_estate
556322-1265,2026-10-09,not_real_estate
556322-1760,2026-10-09,not_real_estate
556322-2297,2026-10-09,no_digital_report
556322-2396,2026-10-09,not_real_estate
556322-3113,2026-10-09,no_digital_report
556322-3816,2026-10-09,not_real_estate
556322-3832,2026-10-09,no_digital_report
556322-4012,2026-10-09,not_real_estate
556322-5886,2026-10-09,below_threshold
556322-6066,2026-10-09,not_real_estate
556322-6538,2026-10-09,no_digital_report
556322-6728,2026-10-09,no_digital_report
556322-7734,2026-10-09,kept
556322-7866,2026-10-09,not_real_estate
556322-7999,2026-10-09,not_real_estate
556322-8187,2026-10-09,no_digital_report
556322-8625,2026-10-09,not_real_estate
556322-8906,2026-10-09,not_real_estate
556322-9045,2026-10-09,not_real_estate
556322-9953,2026-10-09,not_real_estate
556323-0126,2026-10-09,not_real_estate
556323-1066,2026-10-09,no_digital_report
556323-1850,2026-10-09,not_real_estate
556323-2072,2026-10-09,not_real_estate
556323-2114,2026-10-09,not_real_estate
556323-2874,2026-10-09,not_real_estate
556323-3245,2026-10-09,not_real_estate
556323-3534,2026-10-09,not_real_estate
556323-3799,2026-10-09,not_real_estate
556323-4060,2026-10-09,not_real_estate
556323-4565,2026-10-09,below_threshold
556323-5463,2026-10-09,not_real_estate
556323-5471,2026-10-09,not_real_estate
556323-5521,2026-10-09,not_real_estate
556323-6230,2026-10-09,not_real_estate
556323-6362,2026-10-09,not_real_estate
556323-6719,2026-10-09,not_real_estate
556323-6792,2026-10-09,not_real_estate
556323-7022,2026-10-09,not_real_estate
556323-7113,2026-10-09,not_real_estate
556323-8855,2026-10-09,not_real_estate
556324-0612,2026-10-09,below_threshold
556324-2287,2026-10-09,no_digital_report
556324-2964,2026-10-09,no_digital_report
556324-3673,2026-10-09,not_real_estate
556324-3780,2026-10-09,below_threshold
556324-4473,2026-10-09,not_real_estate
556324-4937,2026-10-09,not_real_estate
556324-6981,2026-10-09,not_real_estate
556324-7021,2026-10-09,not_real_estate
556324-8367,2026-10-09,no_digital_report
556324-8557,2026-10-09,not_real_estate
556324-8722,2026-10-09,not_real_estate
556324-9118,2026-10-09,not_real_estate
556324-9258,2026-10-09,no_digital_report
556324-9936,2026-10-09,below_threshold
556325-0157,2026-10-09,below_threshold
556325-0959,2026-10-09,below_threshold
556325-0983,2026-10-09,below_threshold
556325-1270,2026-10-09,not_real_estate
556325-1502,2026-10-09,not_real_estate
556325-1890,2026-10-09,below_threshold
556325-3094,2026-10-09,not_real_estate
556325-3474,2026-10-09,not_real_estate
556325-4761,2026-10-09,not_real_estate
556325-4936,2026-10-09,not_real_estate
556325-5149,2026-10-09,not_real_estate
556325-5420,2026-10-09,not_real_estate
556325-7194,2026-10-09,not_real_estate
556325-7269,2026-10-09,no_digital_report
556325-7376,2026-10-09,not_real_estate
556325-7764,2026-10-09,below_threshold
556325-9000,2026-10-09,below_threshold
556326-0313,2026-10-09,no_digital_report
556326-0321,2026-10-09,no_digital_report
556326-0396,2026-10-09,not_real_estate
556326-0867,2026-10-09,no_digital_report
556326-1352,2026-10-09,not_real_estate
556326-1634,2026-10-09,not_real_estate
556326-1949,2026-10-09,not_real_estate
556326-2277,2026-10-09,no_digital_report
556326-2442,2026-10-09,below_threshold
556326-2749,2026-10-09,no_digital_report
556326-4349,2026-10-09,not_real_estate
556326-4752,2026-10-09,not_real_estate
556326-6021,2026-10-09,not_real_estate
556326-6286,2026-10-09,below_threshold
556326-9041,2026-10-09,not_real_estate
556326-9231,2026-10-09,not_real_estate
556327-0114,2026-10-09,no_digital_report
556327-0494,2026-10-09,below_threshold
556327-0536,2026-10-09,not_real_estate
556327-0957,2026-10-09,not_real_estate
556327-1021,2026-10-09,not_real_estate
556327-1120,2026-10-09,no_digital_report
556327-1518,2026-10-09,not_real_estate
556327-1641,2026-10-09,not_real_estate
556327-2276,2026-10-09,not_real_estate
556327-2359,2026-10-09,not_real_estate
556327-2391,2026-10-09,not_real_estate
556327-2706,2026-10-09,not_real_estate
556327-3027,2026-10-09,below_threshold
556327-3316,2026-10-09,not_real_estate
556327-3449,2026-10-09,not_real_estate
556327-3464,2026-10-09,not_real_estate
556327-3605,2026-10-09,not_real_estate
556327-4173,2026-10-09,not_real_estate
556327-4702,2026-10-09,not_real_estate
556327-5501,2026-10-09,no_digital_report
556327-5774,2026-10-09,not_real_estate
556327-5808,2026-10-09,not_real_estate
556327-6913,2026-10-09,not_real_estate
556327-7432,2026-10-09,not_real_estate
556327-7614,2026-10-09,not_real_estate
556327-9107,2026-10-09,not_real_estate
556327-9750,2026-10-09,not_real_estate
556328-0238,2026-10-09,below_threshold
556328-1418,2026-10-09,not_real_estate
556328-2143,2026-10-09,not_real_estate
556328-2697,2026-10-09,below_threshold
556328-2960,2026-10-09,not_real_estate
556328-3141,2026-10-09,not_real_estate
556328-3398,2026-10-09,not_real_estate
556328-3448,2026-10-09,not_real_estate
556328-4495,2026-10-09,not_real_estate
556328-4545,2026-10-09,not_real_estate
556328-4636,2026-10-09,below_threshold
556328-4883,2026-10-09,not_real_estate
556328-4941,2026-10-09,not_real_estate
556328-5104,2026-10-09,no_digital_report
556328-5112,2026-10-09,no_digital_report
556328-6136,2026-10-09,below_threshold
556328-6615,2026-10-09,not_real_estate
556328-8603,2026-10-09,not_real_estate
556329-0146,2026-10-09,not_real_estate
556329-0286,2026-10-09,not_real_estate
556329-0393,2026-10-09,not_real_estate
556329-0963,2026-10-09,not_real_estate
556329-1292,2026-10-09,below_threshold
556329-1508,2026-10-09,not_real_estate
556329-2043,2026-10-09,not_real_estate
556329-2092,2026-10-09,not_real_estate
556329-2118,2026-10-09,not_real_estate
556329-2340,2026-10-09,not_real_estate
556329-2605,2026-10-09,not_real_estate
556329-2837,2026-10-09,not_real_estate
556329-2845,2026-10-09,no_digital_report
556329-2910,2026-10-09,no_digital_report
556329-2936,2026-10-09,not_real_estate
556329-3264,2026-10-09,not_real_estate
556329-4270,2026-10-09,not_real_estate
556329-4320,2026-10-09,not_real_estate
556329-5780,2026-10-09,not_real_estate
556329-6416,2026-10-09,not_real_estate
556329-8446,2026-10-09,not_real_estate
556329-9584,2026-10-09,no_digital_report
556329-9956,2026-10-09,not_real_estate
556330-0077,2026-10-09,not_real_estate
556330-0085,2026-10-09,below_threshold
556330-0358,2026-10-09,no_digital_report
556330-1976,2026-10-09,below_threshold
556330-2230,2026-10-09,not_real_estate
556330-2446,2026-10-09,not_real_estate
556330-4202,2026-10-09,not_real_estate
556330-4707,2026-10-09,not_real_estate
556330-6009,2026-10-09,not_real_estate
556330-6041,2026-10-09,not_real_estate
556330-8153,2026-10-09,not_real_estate
556330-8443,2026-10-09,no_digital_report
556330-9383,2026-10-09,not_real_estate
556330-9482,2026-10-09,not_real_estate
556330-9623,2026-10-09,not_real_estate
556330-9805,2026-10-09,below_threshold
556330-9953,2026-10-09,below_threshold
556331-0415,2026-10-09,not_real_estate
556331-0605,2026-10-09,not_real_estate
556331-0936,2026-10-09,not_real_estate
556331-1108,2026-10-09,no_digital_report
556331-2148,2026-10-09,not_real_estate
556331-2296,2026-10-09,below_threshold
556331-2577,2026-10-09,not_real_estate
556331-3484,2026-10-09,not_real_estate
556331-4607,2026-10-09,not_real_estate
556331-5802,2026-10-09,not_real_estate
556331-6800,2026-10-09,not_real_estate
556331-7501,2026-10-09,not_real_estate
556331-7709,2026-10-09,not_real_estate
556331-9150,2026-10-09,no_digital_report
556331-9861,2026-10-09,not_real_estate
556331-9986,2026-10-09,below_threshold
556332-1826,2026-10-09,no_digital_report
556332-2006,2026-10-09,not_real_estate
556332-3012,2026-10-09,no_digital_report
556332-3343,2026-10-09,not_real_estate
556332-3657,2026-10-09,no_digital_report
556332-3814,2026-10-09,kept
556332-3939,2026-10-09,not_real_estate
556332-3962,2026-10-09,not_real_estate
556332-4317,2026-10-09,no_digital_report
556332-4556,2026-10-09,not_real_estate
556332-5280,2026-10-09,no_digital_report
556332-5322,2026-10-09,not_real_estate
556332-6098,2026-10-09,not_real_estate
556332-6908,2026-10-09,no_digital_report
556332-7153,2026-10-09,not_real_estate
556332-7195,2026-10-09,below_threshold
556332-8136,2026-10-09,not_real_estate
556332-8847,2026-10-09,not_real_estate
556332-9803,2026-10-09,below_threshold
556333-0207,2026-10-09,not_real_estate
556333-0843,2026-10-09,not_real_estate
556333-1577,2026-10-09,no_digital_report
556333-2013,2026-10-09,no_digital_report
556333-2062,2026-10-09,no_digital_report
556333-2583,2026-10-09,not_real_estate
556333-3078,2026-10-09,not_real_estate
556333-3284,2026-10-09,not_real_estate
556333-3680,2026-10-09,below_threshold
556333-4217,2026-10-09,below_threshold
556333-5040,2026-10-09,not_real_estate
556333-6097,2026-10-09,not_real_estate
556333-6253,2026-10-09,not_real_estate
556333-6923,2026-10-09,not_real_estate
556333-7079,2026-10-09,below_threshold
556333-7228,2026-10-09,not_real_estate
556333-7590,2026-10-09,not_real_estate
556333-7855,2026-10-09,not_real_estate
556333-7962,2026-10-09,below_threshold
556333-9026,2026-10-09,below_threshold
556333-9059,2026-10-09,not_real_estate
556333-9166,2026-10-09,not_real_estate
556333-9265,2026-10-09,not_real_estate
556334-0446,2026-10-09,not_real_estate
556334-0867,2026-10-09,not_real_estate
556334-0982,2026-10-09,not_real_estate
556334-1543,2026-10-09,not_real_estate
556334-1659,2026-10-09,not_real_estate
556334-1949,2026-10-09,not_real_estate
556334-1964,2026-10-09,not_real_estate
556334-2004,2026-10-09,no_digital_report
556334-2285,2026-10-09,not_real_estate
556334-3713,2026-10-09,no_digital_report
556334-4067,2026-10-09,not_real_estate
556334-4117,2026-10-09,no_digital_report
556334-4513,2026-10-09,no_digital_report
556334-6104,2026-10-09,not_real_estate
556334-7276,2026-10-09,not_real_estate
556334-7359,2026-10-09,no_digital_report
556334-7441,2026-10-09,below_threshold
556334-7748,2026-10-09,not_real_estate
556334-8167,2026-10-09,no_digital_report
556334-8522,2026-10-09,no_digital_report
556334-8548,2026-10-09,not_real_estate
556334-9215,2026-10-09,not_real_estate
556334-9298,2026-10-09,below_threshold
556334-9306,2026-10-09,below_threshold
556334-9322,2026-10-09,below_threshold
556334-9744,2026-10-09,below_threshold
556335-0148,2026-10-09,not_real_estate
556335-1104,2026-10-09,no_digital_report
556335-1476,2026-10-09,not_real_estate
556335-1492,2026-10-09,no_digital_report
556335-2185,2026-10-09,not_real_estate
556335-2904,2026-10-09,not_real_estate
556335-3399,2026-10-09,not_real_estate
556335-3431,2026-10-09,no_digital_report
556335-3530,2026-10-09,no_digital_report
556335-3761,2026-10-09,not_real_estate
556335-3860,2026-10-09,below_threshold
556335-4975,2026-10-09,not_real_estate
556335-5634,2026-10-09,not_real_estate
556335-6756,2026-10-09,not_real_estate
556335-7077,2026-10-09,no_digital_report
556335-7622,2026-10-09,not_real_estate
556335-7978,2026-10-09,no_digital_report
556335-8612,2026-10-09,not_real_estate
556335-9412,2026-10-09,not_real_estate
556336-0022,2026-10-09,not_real_estate
556336-1681,2026-10-09,not_real_estate
556336-2028,2026-10-09,not_real_estate
556336-2630,2026-10-09,not_real_estate
556336-3802,2026-10-09,not_real_estate
556336-3893,2026-10-09,not_real_estate
556336-4321,2026-10-09,not_real_estate
556336-4628,2026-10-09,below_threshold
556336-5591,2026-10-09,not_real_estate
556336-6086,2026-10-09,no_digital_report
556336-6599,2026-10-09,no_digital_report
556336-6854,2026-10-09,not_real_estate
556336-7266,2026-10-09,not_real_estate
556336-7647,2026-10-09,below_threshold
556336-8470,2026-10-09,not_real_estate
556336-9155,2026-10-09,below_threshold
556336-9510,2026-10-09,no_digital_report
556336-9585,2026-10-09,below_threshold
556337-0492,2026-10-09,below_threshold
556337-1102,2026-10-09,below_threshold
556337-1268,2026-10-09,no_digital_report
556337-2209,2026-10-09,not_real_estate
556337-2449,2026-10-09,not_real_estate
556337-2555,2026-10-09,kept
556337-3413,2026-10-09,not_real_estate
556337-3702,2026-10-09,below_threshold
556337-4452,2026-10-09,not_real_estate
556337-5335,2026-10-09,not_real_estate
556337-5772,2026-10-09,no_digital_report
556337-6143,2026-10-09,not_real_estate
556337-6788,2026-10-09,not_real_estate
556337-7182,2026-10-09,not_real_estate
556337-7257,2026-10-09,not_real_estate
556337-8024,2026-10-09,not_real_estate
556337-9196,2026-10-09,no_digital_report
556337-9402,2026-10-09,not_real_estate
556337-9915,2026-10-09,no_digital_report
556338-0327,2026-10-09,no_digital_report
556338-0673,2026-10-09,not_real_estate
556338-0855,2026-10-09,not_real_estate
556338-0871,2026-10-09,not_real_estate
556338-1275,2026-10-09,below_threshold
556338-1465,2026-10-09,not_real_estate
556338-2018,2026-10-09,below_threshold
556338-2307,2026-10-09,no_digital_report
556338-2372,2026-10-09,not_real_estate
556338-4097,2026-10-09,not_real_estate
556338-4444,2026-10-09,not_real_estate
556338-5185,2026-10-09,not_real_estate
556338-6233,2026-10-09,not_real_estate
556338-7850,2026-10-09,not_real_estate
556338-8643,2026-10-09,not_real_estate
556338-9385,2026-10-09,no_digital_report
556339-0680,2026-10-09,not_real_estate
556339-1068,2026-10-09,no_digital_report
556339-1670,2026-10-09,not_real_estate
556339-2959,2026-10-09,not_real_estate
556339-3957,2026-10-09,below_threshold
556339-4666,2026-10-09,not_real_estate
556339-4708,2026-10-09,below_threshold
556339-5374,2026-10-09,not_real_estate
556339-5523,2026-10-09,below_threshold
556339-6455,2026-10-09,not_real_estate
556339-6505,2026-10-09,not_real_estate
556339-6976,2026-10-09,not_real_estate
556339-6992,2026-10-09,below_threshold
556339-7024,2026-10-09,below_threshold
556339-7685,2026-10-09,not_real_estate
556339-7859,2026-10-09,not_real_estate
556339-8428,2026-10-09,not_real_estate
556339-8469,2026-10-09,below_threshold
556339-8956,2026-10-09,below_threshold
556339-9723,2026-10-09,not_real_estate
556339-9780,2026-10-09,not_real_estate
556340-0174,2026-10-09,not_real_estate
556340-0869,2026-10-09,no_digital_report
556340-0877,2026-10-09,below_threshold
556340-1123,2026-10-09,below_threshold
556340-1941,2026-10-09,not_real_estate
556340-3095,2026-10-09,not_real_estate
556340-3657,2026-10-09,not_real_estate
556340-4432,2026-10-09,no_digital_report
556340-4721,2026-10-09,not_real_estate
556340-4747,2026-10-09,no_digital_report
556340-5199,2026-10-09,not_real_estate
556340-5611,2026-10-09,not_real_estate
556340-6452,2026-10-09,below_threshold
556340-6536,2026-10-09,no_digital_report
556340-7492,2026-10-09,not_real_estate
556340-7971,2026-10-09,below_threshold
556340-8060,2026-10-09,below_threshold
556341-0389,2026-10-09,not_real_estate
556341-1296,2026-10-09,not_real_estate
556341-1932,2026-10-09,not_real_estate
556341-1981,2026-10-09,no_digital_report
556341-2252,2026-10-09,below_threshold
556341-2278,2026-10-09,not_real_estate
556341-2468,2026-10-09,not_real_estate
556341-2922,2026-10-09,not_real_estate
556341-3334,2026-10-09,no_digital_report
556341-3342,2026-10-09,no_digital_report
556341-3797,2026-10-09,below_threshold
556341-4563,2026-10-09,not_real_estate
556341-5156,2026-10-09,no_digital_report
556341-5446,2026-10-09,below_threshold
556341-6725,2026-10-09,not_real_estate
556341-6733,2026-10-09,not_real_estate
556341-7517,2026-10-09,no_digital_report
556341-7608,2026-10-09,no_digital_report
556341-8069,2026-10-09,no_digital_report
556341-8184,2026-10-09,not_real_estate
556341-8879,2026-10-09,not_real_estate
556341-9638,2026-10-09,not_real_estate
556341-9968,2026-10-09,not_real_estate
556342-0198,2026-10-09,not_real_estate
556342-0420,2026-10-09,below_threshold
556342-1139,2026-10-09,no_digital_report
556342-2178,2026-10-09,not_real_estate
556342-2277,2026-10-09,no_digital_report
556342-2293,2026-10-09,not_real_estate
556342-2699,2026-10-09,no_digital_report
556342-3549,2026-10-09,below_threshold
556342-3572,2026-10-09,not_real_estate
556342-4802,2026-10-09,not_real_estate
556342-5551,2026-10-09,not_real_estate
556342-5601,2026-10-09,not_real_estate
556342-5825,2026-10-09,not_real_estate
556342-6674,2026-10-09,not_real_estate
556342-6831,2026-10-09,not_real_estate
556342-7201,2026-10-09,not_real_estate
556342-7664,2026-10-09,not_real_estate
556342-8555,2026-10-09,no_digital_report
556342-8779,2026-10-09,not_real_estate
556343-0502,2026-10-09,no_digital_report
556343-1575,2026-10-09,not_real_estate
556343-1609,2026-10-09,not_real_estate
556343-1948,2026-10-09,not_real_estate
556343-3324,2026-10-09,not_real_estate
556343-3589,2026-10-09,no_digital_report
556343-4819,2026-10-09,not_real_estate
556343-4967,2026-10-09,not_real_estate
556343-6194,2026-10-09,not_real_estate
556343-7226,2026-10-09,not_real_estate
556343-7309,2026-10-09,no_digital_report
556343-7853,2026-10-09,not_real_estate
556343-7978,2026-10-09,not_real_estate
556343-8257,2026-10-09,not_real_estate
556343-9693,2026-10-09,not_real_estate
556343-9701,2026-10-09,not_real_estate
556344-0501,2026-10-09,kept
556344-1715,2026-10-09,not_real_estate
556344-1830,2026-10-09,not_real_estate
556344-2218,2026-10-09,no_digital_report
556344-2390,2026-10-09,not_real_estate
556344-2465,2026-10-09,not_real_estate
556344-3380,2026-10-09,not_real_estate
556344-3588,2026-10-09,not_real_estate
556344-3794,2026-10-09,not_real_estate
556344-4925,2026-10-09,below_threshold
556344-5062,2026-10-09,not_real_estate
556344-6086,2026-10-09,no_digital_report
556344-6136,2026-10-09,no_digital_report
556344-6151,2026-10-09,not_real_estate
556344-6508,2026-10-09,below_threshold
556344-6631,2026-10-09,not_real_estate
556344-6938,2026-10-09,not_real_estate
556344-8066,2026-10-09,not_real_estate
556344-8132,2026-10-09,not_real_estate
556344-8215,2026-10-09,not_real_estate
556344-9080,2026-10-09,below_threshold
556344-9122,2026-10-09,below_threshold
556344-9601,2026-10-09,not_real_estate
556345-0260,2026-10-09,not_real_estate
556345-1177,2026-10-09,below_threshold
556345-1193,2026-10-09,not_real_estate
556345-1235,2026-10-09,no_digital_report
556345-1383,2026-10-09,not_real_estate
556345-1557,2026-10-09,not_real_estate
556345-1680,2026-10-09,no_digital_report
556345-1771,2026-10-09,not_real_estate
556345-2001,2026-10-09,below_threshold
556345-4270,2026-10-09,not_real_estate
556345-4999,2026-10-09,not_real_estate
556345-5053,2026-10-09,not_real_estate
556345-5780,2026-10-09,not_real_estate
556345-5871,2026-10-09,below_threshold
556345-6333,2026-10-09,not_real_estate
556345-7554,2026-10-09,no_digital_report
556345-7570,2026-10-09,not_real_estate
556345-8412,2026-10-09,no_digital_report
556345-8446,2026-10-09,not_real_estate
556345-9444,2026-10-09,no_digital_report
556345-9485,2026-10-09,not_real_estate
556345-9915,2026-10-09,not_real_estate
556346-0640,2026-10-09,not_real_estate
556346-2091,2026-10-09,not_real_estate
556346-2224,2026-10-09,no_digital_report
556346-2513,2026-10-09,not_real_estate
556346-3339,2026-10-09,not_real_estate
556346-4055,2026-10-09,no_digital_report
556346-4733,2026-10-09,not_real_estate
556346-5623,2026-10-09,not_real_estate
556346-6258,2026-10-09,below_threshold
556346-6266,2026-10-09,not_real_estate
556346-6456,2026-10-09,not_real_estate
556346-7132,2026-10-09,no_digital_report
556346-8635,2026-10-09,not_real_estate
556346-8882,2026-10-09,not_real_estate
556346-9682,2026-10-09,below_threshold
556347-0664,2026-10-09,not_real_estate
556347-1159,2026-10-09,not_real_estate
556347-2769,2026-10-09,not_real_estate
556347-3478,2026-10-09,not_real_estate
556347-3916,2026-10-09,not_real_estate
556347-4104,2026-10-09,not_real_estate
556347-4336,2026-10-09,below_threshold
556347-5051,2026-10-09,no_digital_report
556347-5515,2026-10-09,not_real_estate
556347-5853,2026-10-09,not_real_estate
556347-6752,2026-10-09,not_real_estate
556347-6851,2026-10-09,no_digital_report
556347-7099,2026-10-09,not_real_estate
556347-7420,2026-10-09,no_digital_report
556347-7743,2026-10-09,no_digital_report
556347-9491,2026-10-09,not_real_estate
556347-9970,2026-10-09,below_threshold
556348-0275,2026-10-09,kept
556348-1588,2026-10-09,not_real_estate
556348-1851,2026-10-09,not_real_estate
556348-1869,2026-10-09,not_real_estate
556348-2057,2026-10-09,not_real_estate
556348-2131,2026-10-09,not_real_estate
556348-3071,2026-10-09,no_digital_report
556348-3485,2026-10-09,no_digital_report
556348-3683,2026-10-09,not_real_estate
556348-3741,2026-10-09,no_digital_report
556348-4244,2026-10-09,no_digital_report
556348-4301,2026-10-09,not_real_estate
556348-5787,2026-10-09,no_digital_report
556348-7759,2026-10-09,not_real_estate
556348-8849,2026-10-09,not_real_estate
556348-9730,2026-10-09,no_digital_report
556349-0738,2026-10-09,not_real_estate
556349-1066,2026-10-09,not_real_estate
556349-1371,2026-10-09,not_real_estate
556349-2437,2026-10-09,below_threshold
556349-2692,2026-10-09,not_real_estate
556349-2841,2026-10-09,below_threshold
556349-2932,2026-10-09,no_digital_report
556349-3633,2026-10-09,not_real_estate
556349-4193,2026-10-09,not_real_estate
556349-4292,2026-10-09,no_digital_report
556349-4763,2026-10-09,no_digital_report
556349-5612,2026-10-09,not_real_estate
556349-5638,2026-10-09,not_real_estate
556349-6172,2026-10-09,no_digital_report
556349-6933,2026-10-09,below_threshold
556349-7121,2026-10-09,no_digital_report
556349-7642,2026-10-09,not_real_estate
556349-8244,2026-10-09,not_real_estate
556349-9275,2026-10-09,not_real_estate
556349-9416,2026-10-09,not_real_estate
556349-9945,2026-10-09,no_digital_report
556350-0122,2026-10-09,below_threshold
556350-0221,2026-10-09,not_real_estate
556350-0254,2026-10-09,not_real_estate
556350-0569,2026-10-09,not_real_estate
556350-1138,2026-10-09,below_threshold
556350-2433,2026-10-09,no_digital_report
556350-2474,2026-10-09,not_real_estate
556350-3100,2026-10-09,not_real_estate
556350-3506,2026-10-09,not_real_estate
556350-4348,2026-10-09,not_real_estate
556350-5683,2026-10-09,not_real_estate
556350-5923,2026-10-09,not_real_estate
556350-6475,2026-10-09,not_real_estate
556350-6491,2026-10-09,not_real_estate
556350-7887,2026-10-09,no_digital_report
556350-8927,2026-10-09,not_real_estate
556350-9503,2026-10-09,not_real_estate
556351-0287,2026-10-09,not_real_estate
556351-0337,2026-10-09,not_real_estate
556351-0428,2026-10-09,not_real_estate
556351-1053,2026-10-09,below_threshold
556351-1244,2026-10-09,below_threshold
556351-1269,2026-10-09,no_digital_report
556351-1459,2026-10-09,not_real_estate
556351-1517,2026-10-09,below_threshold
556351-2697,2026-10-09,not_real_estate
556351-3729,2026-10-09,not_real_estate
556351-4750,2026-10-09,no_digital_report
556351-5344,2026-10-09,not_real_estate
556351-7159,2026-10-09,not_real_estate
556351-7167,2026-10-09,not_real_estate
556351-7233,2026-10-09,not_real_estate
556351-7357,2026-10-09,below_threshold
556351-7563,2026-10-09,no_digital_report
556351-7977,2026-10-09,below_threshold
556351-9247,2026-10-09,no_digital_report
556351-9338,2026-10-09,not_real_estate
556351-9684,2026-10-09,not_real_estate
556352-0443,2026-10-09,not_real_estate
556352-0484,2026-10-09,not_real_estate
556352-1524,2026-10-09,no_digital_report
556352-1797,2026-10-09,no_digital_report
556352-2316,2026-10-09,not_real_estate
556352-3074,2026-10-09,not_real_estate
556352-3108,2026-10-09,not_real_estate
556352-3348,2026-10-09,not_real_estate
556352-4163,2026-10-09,below_threshold
556352-4445,2026-10-09,not_real_estate
556352-4932,2026-10-09,not_real_estate
556352-5152,2026-10-09,no_digital_report
556352-5418,2026-10-09,not_real_estate
556352-5434,2026-10-09,no_digital_report
556352-5905,2026-10-09,not_real_estate
556352-6457,2026-10-09,below_threshold
556352-7877,2026-10-09,not_real_estate
556352-8339,2026-10-09,not_real_estate
556352-8826,2026-10-09,below_threshold
556352-8925,2026-10-09,below_threshold
556352-9022,2026-10-09,no_digital_report
556352-9113,2026-10-09,not_real_estate
556352-9410,2026-10-09,kept
556352-9964,2026-10-09,no_digital_report
556353-0400,2026-10-09,not_real_estate
556353-0491,2026-10-09,not_real_estate
556353-1135,2026-10-09,not_real_estate
556353-1440,2026-10-09,not_real_estate
556353-1879,2026-10-09,not_real_estate
556353-2513,2026-10-09,not_real_estate
556353-2828,2026-10-09,no_digital_report
556353-3263,2026-10-09,below_threshold
556353-3271,2026-10-09,not_real_estate
556353-3453,2026-10-09,not_real_estate
556353-3867,2026-10-09,not_real_estate
556353-3966,2026-10-09,not_real_estate
556353-4485,2026-10-09,not_real_estate
556353-4618,2026-10-09,not_real_estate
556353-5185,2026-10-09,not_real_estate
556353-6381,2026-10-09,not_real_estate
556353-6951,2026-10-09,not_real_estate
556353-7264,2026-10-09,not_real_estate
556353-7298,2026-10-09,not_real_estate
556353-7918,2026-10-09,not_real_estate
556353-8155,2026-10-09,below_threshold
556353-9047,2026-10-09,no_digital_report
556353-9302,2026-10-09,not_real_estate
556353-9401,2026-10-09,no_digital_report
556353-9518,2026-10-09,below_threshold
556354-0375,2026-10-09,below_threshold
556354-1886,2026-10-09,not_real_estate
556354-2892,2026-10-09,not_real_estate
556354-4435,2026-10-09,not_real_estate
556354-4880,2026-10-09,not_real_estate
556354-5226,2026-10-09,not_real_estate
556354-5275,2026-10-09,no_digital_report
556354-5861,2026-10-09,below_threshold
556354-5952,2026-10-09,not_real_estate
556354-6190,2026-10-09,below_threshold
556354-6349,2026-10-09,no_digital_report
556354-6422,2026-10-09,not_real_estate
556354-6802,2026-10-09,not_real_estate
556354-6869,2026-10-09,not_real_estate
556354-6877,2026-10-09,not_real_estate
556354-7370,2026-10-09,no_digital_report
556354-8386,2026-10-09,not_real_estate
556354-8394,2026-10-09,not_real_estate
556354-9434,2026-10-09,not_real_estate
556355-2412,2026-10-09,not_real_estate
556355-2461,2026-10-09,not_real_estate
556355-2552,2026-10-09,not_real_estate
556355-2800,2026-10-09,below_threshold
556355-3378,2026-10-09,not_real_estate
556355-4939,2026-10-09,below_threshold
556355-5068,2026-10-09,below_threshold
556355-6306,2026-10-09,below_threshold
556355-7569,2026-10-09,not_real_estate
556355-8609,2026-10-09,below_threshold
556355-9672,2026-10-09,not_real_estate
556356-0316,2026-10-09,not_real_estate
556356-1033,2026-10-09,below_threshold
556356-1652,2026-10-09,not_real_estate
556356-1702,2026-10-09,not_real_estate
556356-3484,2026-10-09,not_real_estate
556356-3963,2026-10-09,not_real_estate
556356-5315,2026-10-09,not_real_estate
556356-5810,2026-10-09,no_digital_report
556356-5992,2026-10-09,below_threshold
556356-6560,2026-10-09,not_real_estate
556356-6750,2026-10-09,not_real_estate
556356-7097,2026-10-09,no_digital_report
556356-8046,2026-10-09,below_threshold
556356-8913,2026-10-09,below_threshold
556356-9283,2026-10-09,not_real_estate
556356-9929,2026-10-09,not_real_estate
556357-1073,2026-10-09,not_real_estate
556357-3046,2026-10-09,not_real_estate
556357-3277,2026-10-09,below_threshold
556357-4283,2026-10-09,not_real_estate
556357-6551,2026-10-09,not_real_estate
556357-6981,2026-10-09,not_real_estate
556357-7781,2026-10-09,not_real_estate
556357-9142,2026-10-09,no_digital_report
556358-0207,2026-10-09,not_real_estate
556358-0942,2026-10-09,not_real_estate
556358-1502,2026-10-09,not_real_estate
556358-2989,2026-10-09,below_threshold
556358-3185,2026-10-09,no_digital_report
556358-3334,2026-10-09,not_real_estate
556358-3631,2026-10-09,below_threshold
556358-3722,2026-10-09,not_real_estate
556358-4159,2026-10-09,no_digital_report
556358-4845,2026-10-09,not_real_estate
556358-6469,2026-10-09,below_threshold
556358-6568,2026-10-09,below_threshold
556358-6709,2026-10-09,not_real_estate
556358-6840,2026-10-09,not_real_estate
556358-6931,2026-10-09,below_threshold
556358-7145,2026-10-09,not_real_estate
556358-7426,2026-10-09,not_real_estate
556358-7996,2026-10-09,not_real_estate
556358-9620,2026-10-09,not_real_estate
556358-9943,2026-10-09,not_real_estate
556359-1758,2026-10-09,not_real_estate
556359-2061,2026-10-09,no_digital_report
556359-3937,2026-10-09,not_real_estate
556359-4661,2026-10-09,not_real_estate
556359-4851,2026-10-09,not_real_estate
556359-5684,2026-10-09,below_threshold
556359-6435,2026-10-09,no_digital_report
556359-7078,2026-10-09,not_real_estate
556359-7722,2026-10-09,not_real_estate
556359-8126,2026-10-09,not_real_estate
556359-8415,2026-10-09,not_real_estate
556359-8464,2026-10-09,below_threshold
556359-8795,2026-10-09,not_real_estate
556360-0674,2026-10-09,not_real_estate
556360-0724,2026-10-09,not_real_estate
556360-0823,2026-10-09,not_real_estate
556360-1235,2026-10-09,below_threshold
556360-2787,2026-10-09,not_real_estate
556360-3330,2026-10-09,no_digital_report
556360-3504,2026-10-09,not_real_estate
556360-4478,2026-10-09,not_real_estate
556360-5996,2026-10-09,not_real_estate
556360-6424,2026-10-09,not_real_estate
556360-6861,2026-10-09,not_real_estate
556360-6945,2026-10-09,no_digital_report
556360-7109,2026-10-09,not_real_estate
556360-7661,2026-10-09,below_threshold
556360-8792,2026-10-09,below_threshold
556360-9733,2026-10-09,below_threshold
556360-9774,2026-10-09,not_real_estate
556360-9824,2026-10-09,no_digital_report
556361-0707,2026-10-09,not_real_estate
556361-0749,2026-10-09,no_digital_report
556361-2992,2026-10-09,no_digital_report
556361-3750,2026-10-09,no_digital_report
556361-3867,2026-10-09,not_real_estate
556361-4063,2026-10-09,not_real_estate
556361-4220,2026-10-09,not_real_estate
556361-4279,2026-10-09,not_real_estate
556361-4287,2026-10-09,not_real_estate
556361-4972,2026-10-09,below_threshold
556361-5003,2026-10-09,not_real_estate
556361-5599,2026-10-09,no_digital_report
556361-7116,2026-10-09,not_real_estate
556361-7322,2026-10-09,no_digital_report
556361-8387,2026-10-09,below_threshold
556361-9138,2026-10-09,not_real_estate
556361-9286,2026-10-09,no_digital_report
556362-0102,2026-10-09,not_real_estate
556362-1068,2026-10-09,not_real_estate
556362-2272,2026-10-09,not_real_estate
556362-2348,2026-10-09,below_threshold
556362-2629,2026-10-09,not_real_estate
556362-3429,2026-10-09,below_threshold
556362-4864,2026-10-09,below_threshold
556362-5762,2026-10-09,not_real_estate
556362-5994,2026-10-09,not_real_estate
556362-6794,2026-10-09,not_real_estate
556362-7073,2026-10-09,not_real_estate
556362-7172,2026-10-09,no_digital_report
556362-7248,2026-10-09,no_digital_report
556362-7503,2026-10-09,not_real_estate
556362-7800,2026-10-09,not_real_estate
556362-8592,2026-10-09,not_real_estate
556362-9301,2026-10-09,not_real_estate
556362-9798,2026-10-09,not_real_estate
556363-0465,2026-10-09,not_real_estate
556363-0929,2026-10-09,below_threshold
556363-1117,2026-10-09,not_real_estate
556363-1596,2026-10-09,not_real_estate
556363-1620,2026-10-09,not_real_estate
556363-1984,2026-10-09,not_real_estate
556363-2727,2026-10-09,not_real_estate
556363-2776,2026-10-09,below_threshold
556363-2818,2026-10-09,not_real_estate
556363-2966,2026-10-09,not_real_estate
556363-3790,2026-10-09,below_threshold
556363-4350,2026-10-09,not_real_estate
556363-4590,2026-10-09,not_real_estate
556363-5027,2026-10-09,not_real_estate
556363-5035,2026-10-09,not_real_estate
556363-5175,2026-10-09,not_real_estate
556363-5282,2026-10-09,not_real_estate
556363-6447,2026-10-09,not_real_estate
556363-6587,2026-10-09,not_real_estate
556363-7262,2026-10-09,not_real_estate
556363-7379,2026-10-09,below_threshold
556363-7700,2026-10-09,not_real_estate
556363-8005,2026-10-09,not_real_estate
556363-8427,2026-10-09,not_real_estate
556363-8617,2026-10-09,below_threshold
556363-9730,2026-10-09,not_real_estate
556364-0670,2026-10-09,no_digital_report
556364-1504,2026-10-09,not_real_estate
556364-3781,2026-10-09,no_digital_report
556364-4029,2026-10-09,no_digital_report
556364-4037,2026-10-09,below_threshold
556364-4169,2026-10-09,not_real_estate
556364-5307,2026-10-09,below_threshold
556364-5711,2026-10-09,no_digital_report
556364-5935,2026-10-09,not_real_estate
556364-7097,2026-10-09,below_threshold
556364-7113,2026-10-09,no_digital_report
556364-7162,2026-10-09,no_digital_report
556364-7345,2026-10-09,below_threshold
556364-9184,2026-10-09,not_real_estate
556364-9317,2026-10-09,not_real_estate
556365-0752,2026-10-09,not_real_estate
556365-0968,2026-10-09,not_real_estate
556365-1164,2026-10-09,not_real_estate
556365-2071,2026-10-09,not_real_estate
556365-2105,2026-10-09,not_real_estate
556365-2139,2026-10-09,no_digital_report
556365-3475,2026-10-09,no_digital_report
556365-3525,2026-10-09,not_real_estate
556365-3699,2026-10-09,no_digital_report
556365-4028,2026-10-09,not_real_estate
556365-4267,2026-10-09,not_real_estate
556365-4689,2026-10-09,not_real_estate
556365-5090,2026-10-09,not_real_estate
556365-5785,2026-10-09,below_threshold
556365-6387,2026-10-09,below_threshold
556365-6544,2026-10-09,not_real_estate
556365-7575,2026-10-09,below_threshold
556365-8029,2026-10-09,below_threshold
556365-8581,2026-10-09,not_real_estate
556365-8680,2026-10-09,no_digital_report
556365-9126,2026-10-09,not_real_estate
556365-9829,2026-10-09,not_real_estate
556366-0371,2026-10-09,not_real_estate
556366-0553,2026-10-09,below_threshold
556366-0652,2026-10-09,no_digital_report
556366-1312,2026-10-09,not_real_estate
556366-1882,2026-10-09,no_digital_report
556366-2567,2026-10-09,not_real_estate
556366-4043,2026-10-09,not_real_estate
556366-5123,2026-10-09,not_real_estate
556366-7202,2026-10-09,not_real_estate
556366-7558,2026-10-09,not_real_estate
556366-8267,2026-10-09,not_real_estate
556366-9190,2026-10-09,not_real_estate
556366-9703,2026-10-09,below_threshold
556366-9836,2026-10-09,not_real_estate
556367-0560,2026-10-09,not_real_estate
556367-1014,2026-10-09,no_digital_report
556367-1410,2026-10-09,not_real_estate
556367-2749,2026-10-09,not_real_estate
556367-2806,2026-10-09,not_real_estate
556367-3267,2026-10-09,not_real_estate
556367-3556,2026-10-09,not_real_estate
556367-5163,2026-10-09,no_digital_report
556367-6138,2026-10-09,not_real_estate
556367-6617,2026-10-09,not_real_estate
556367-7961,2026-10-09,not_real_estate
556367-8019,2026-10-09,below_threshold
556367-8514,2026-10-09,not_real_estate
556367-8548,2026-10-09,not_real_estate
556368-1393,2026-10-09,not_real_estate
556368-1476,2026-10-09,not_real_estate
556368-1492,2026-10-09,not_real_estate
556368-1500,2026-10-09,not_real_estate
556368-1922,2026-10-09,not_real_estate
556368-2243,2026-10-09,not_real_estate
556368-2367,2026-10-09,not_real_estate
556368-2730,2026-10-09,not_real_estate
556368-2979,2026-10-09,not_real_estate
556368-3381,2026-10-09,not_real_estate
556368-3506,2026-10-09,below_threshold
556368-3639,2026-10-09,below_threshold
556368-3951,2026-10-09,not_real_estate
556368-5253,2026-10-09,not_real_estate
556368-5311,2026-10-09,not_real_estate
556368-5360,2026-10-09,not_real_estate
556368-5410,2026-10-09,below_threshold
556368-5642,2026-10-09,not_real_estate
556368-6384,2026-10-09,no_digital_report
556368-6574,2026-10-09,no_digital_report
556368-6749,2026-10-09,not_real_estate
556368-6780,2026-10-09,not_real_estate
556368-7168,2026-10-09,below_threshold
556368-7648,2026-10-09,no_digital_report
556368-8471,2026-10-09,not_real_estate
556368-8661,2026-10-09,no_digital_report
556368-8745,2026-10-09,below_threshold
556368-9651,2026-10-09,not_real_estate
556368-9719,2026-10-09,not_real_estate
556368-9826,2026-10-09,no_digital_report
556368-9859,2026-10-09,not_real_estate
556368-9867,2026-10-09,no_digital_report
556369-1103,2026-10-09,no_digital_report
556369-1384,2026-10-09,not_real_estate
556369-1616,2026-10-09,no_digital_report
556369-2473,2026-10-09,not_real_estate
556369-3158,2026-10-09,not_real_estate
556369-3349,2026-10-09,not_real_estate
556369-3463,2026-10-09,no_digital_report
556369-3653,2026-10-09,not_real_estate
556369-4453,2026-10-09,not_real_estate
556369-4768,2026-10-09,not_real_estate
556369-5708,2026-10-09,not_real_estate
556369-5716,2026-10-09,not_real_estate
556369-5922,2026-10-09,not_real_estate
556369-6375,2026-10-09,not_real_estate
556369-6714,2026-10-09,no_digital_report
556369-7738,2026-10-09,no_digital_report
556369-7753,2026-10-09,not_real_estate
556369-7795,2026-10-09,not_real_estate
556369-7910,2026-10-09,not_real_estate
556369-8611,2026-10-09,below_threshold
556369-8629,2026-10-09,no_digital_report
556369-8884,2026-10-09,not_real_estate
556369-8926,2026-10-09,below_threshold
556369-9221,2026-10-09,not_real_estate
556370-0052,2026-10-09,no_digital_report
556370-0649,2026-10-09,not_real_estate
556370-0706,2026-10-09,not_real_estate
556370-0920,2026-10-09,below_threshold
556370-1050,2026-10-09,no_digital_report
556370-1340,2026-10-09,below_threshold
556370-1571,2026-10-09,not_real_estate
556370-1761,2026-10-09,not_real_estate
556370-2348,2026-10-09,below_threshold
556370-2934,2026-10-09,not_real_estate
556370-3874,2026-10-09,not_real_estate
556370-4468,2026-10-09,not_real_estate
556370-5382,2026-10-09,below_threshold
556370-5499,2026-10-09,not_real_estate
556370-5655,2026-10-09,not_real_estate
556370-6356,2026-10-09,not_real_estate
556370-6422,2026-10-09,no_digital_report
556370-6794,2026-10-09,not_real_estate
556370-6893,2026-10-09,not_real_estate
556370-7552,2026-10-09,not_real_estate
556370-7818,2026-10-09,not_real_estate
556370-8386,2026-10-09,not_real_estate
556370-9210,2026-10-09,no_digital_report
556370-9988,2026-10-09,below_threshold
556371-0556,2026-10-09,not_real_estate
556371-0655,2026-10-09,not_real_estate
556371-0754,2026-10-09,not_real_estate
556371-0812,2026-10-09,not_real_estate
556371-1067,2026-10-09,not_real_estate
556371-1679,2026-10-09,not_real_estate
556371-2958,2026-10-09,not_real_estate
556371-3006,2026-10-09,no_digital_report
556371-3378,2026-10-09,not_real_estate
556371-3444,2026-10-09,kept
556371-3675,2026-10-09,not_real_estate
556371-3717,2026-10-09,not_real_estate
556371-4368,2026-10-09,no_digital_report
556371-5415,2026-10-09,not_real_estate
556371-5837,2026-10-09,not_real_estate
556371-6074,2026-10-09,below_threshold
556371-6314,2026-10-09,no_digital_report
556371-6447,2026-10-09,no_digital_report
556371-6579,2026-10-09,not_real_estate
556371-6645,2026-10-09,not_real_estate
556371-7742,2026-10-09,not_real_estate
556371-7981,2026-10-09,below_threshold
556371-8690,2026-10-09,below_threshold
556371-8864,2026-10-09,not_real_estate
556371-9003,2026-10-09,not_real_estate
556371-9219,2026-10-09,no_digital_report
556372-0993,2026-10-09,not_real_estate
556372-2569,2026-10-09,no_digital_report
556372-3104,2026-10-09,not_real_estate
556372-3823,2026-10-09,not_real_estate
556372-6164,2026-10-09,not_real_estate
556372-6412,2026-10-09,below_threshold
556372-6834,2026-10-09,not_real_estate
556372-7113,2026-10-09,below_threshold
556372-7683,2026-10-09,not_real_estate
556372-7717,2026-10-09,not_real_estate
556372-8046,2026-10-09,no_digital_report
556372-8822,2026-10-09,not_real_estate
556372-9705,2026-10-09,not_real_estate
556372-9721,2026-10-09,no_digital_report
556372-9911,2026-10-09,not_real_estate
556373-1156,2026-10-09,below_threshold
556373-2089,2026-10-09,below_threshold
556373-2410,2026-10-09,not_real_estate
556373-2535,2026-10-09,below_threshold
556373-4028,2026-10-09,not_real_estate
556373-4812,2026-10-09,below_threshold
556373-5967,2026-10-09,not_real_estate
556373-6759,2026-10-09,not_real_estate
556373-6874,2026-10-09,not_real_estate
556373-7328,2026-10-09,not_real_estate
556373-7708,2026-10-09,not_real_estate
556373-8961,2026-10-09,not_real_estate
556373-9217,2026-10-09,below_threshold
556373-9753,2026-10-09,not_real_estate
556374-0892,2026-10-09,no_digital_report
556374-0926,2026-10-09,not_real_estate
556374-1262,2026-10-09,below_threshold
556374-2633,2026-10-09,not_real_estate
556374-2781,2026-10-09,not_real_estate
556374-3185,2026-10-09,not_real_estate
556374-3490,2026-10-09,not_real_estate
556374-3805,2026-10-09,not_real_estate
556374-5792,2026-10-09,not_real_estate
556374-5909,2026-10-09,not_real_estate
556374-6642,2026-10-09,no_digital_report
556374-7764,2026-10-09,not_real_estate
556374-8630,2026-10-09,not_real_estate
556374-8655,2026-10-09,no_digital_report
556374-8861,2026-10-09,not_real_estate
556374-9539,2026-10-09,no_digital_report
556375-0388,2026-10-09,not_real_estate
556375-0594,2026-10-09,not_real_estate
556375-1154,2026-10-09,not_real_estate
556375-1634,2026-10-09,below_threshold
556375-1725,2026-10-09,not_real_estate
556375-3002,2026-10-09,not_real_estate
556375-3499,2026-10-09,not_real_estate
556375-4109,2026-10-09,not_real_estate
556375-5767,2026-10-09,not_real_estate
556375-5981,2026-10-09,not_real_estate
556375-6435,2026-10-09,no_digital_report
556375-6740,2026-10-09,below_threshold
556375-6781,2026-10-09,below_threshold
556375-7391,2026-10-09,below_threshold
556375-7557,2026-10-09,not_real_estate
556375-8332,2026-10-09,below_threshold
556375-9454,2026-10-09,below_threshold
556375-9603,2026-10-09,not_real_estate
556375-9926,2026-10-09,no_digital_report
556376-1179,2026-10-09,not_real_estate
556376-1369,2026-10-09,not_real_estate
556376-2276,2026-10-09,not_real_estate
556376-2383,2026-10-09,kept
556376-2979,2026-10-09,not_real_estate
556376-3274,2026-10-09,below_threshold
556376-3456,2026-10-09,kept
556376-3472,2026-10-09,no_digital_report
556376-3613,2026-10-09,not_real_estate
556376-3951,2026-10-09,below_threshold
556376-4165,2026-10-09,not_real_estate
556376-4314,2026-10-09,below_threshold
556376-4579,2026-10-09,not_real_estate
556376-5030,2026-10-09,not_real_estate
556376-6335,2026-10-09,below_threshold
556376-6558,2026-10-09,not_real_estate
556376-6665,2026-10-09,not_real_estate
556376-6798,2026-10-09,not_real_estate
556376-7598,2026-10-09,below_threshold
556376-8679,2026-10-09,not_real_estate
556376-8778,2026-10-09,not_real_estate
556376-8893,2026-10-09,not_real_estate
556376-9073,2026-10-09,below_threshold
556376-9644,2026-10-09,not_real_estate
556377-0451,2026-10-09,below_threshold
556377-1681,2026-10-09,not_real_estate
556377-2010,2026-10-09,not_real_estate
556377-2143,2026-10-09,below_threshold
556377-2689,2026-10-09,below_threshold
556377-3216,2026-10-09,not_real_estate
556377-3224,2026-10-09,not_real_estate
556377-3372,2026-10-09,not_real_estate
556377-3547,2026-10-09,below_threshold
556377-4735,2026-10-09,no_digital_report
556377-5567,2026-10-09,not_real_estate
556377-7050,2026-10-09,below_threshold
556377-7068,2026-10-09,below_threshold
556377-9106,2026-10-09,not_real_estate
556377-9403,2026-10-09,not_real_estate
556377-9817,2026-10-09,not_real_estate
556377-9833,2026-10-09,no_digital_report
556378-0427,2026-10-09,no_digital_report
556378-0781,2026-10-09,not_real_estate
556378-1029,2026-10-09,no_digital_report
556378-1045,2026-10-09,no_digital_report
556378-1748,2026-10-09,not_real_estate
556378-1797,2026-10-09,below_threshold
556378-1912,2026-10-09,no_digital_report
556378-2092,2026-10-09,no_digital_report
556378-2399,2026-10-09,not_real_estate
556378-2811,2026-10-09,below_threshold
556378-3892,2026-10-09,not_real_estate
556378-4536,2026-10-09,not_real_estate
556378-4973,2026-10-09,not_real_estate
556378-5145,2026-10-09,not_real_estate
556378-5152,2026-10-09,no_digital_report
556378-5228,2026-10-09,below_threshold
556378-5954,2026-10-09,kept
556378-5970,2026-10-09,not_real_estate
556378-6176,2026-10-09,not_real_estate
556378-6374,2026-10-09,not_real_estate
556378-6432,2026-10-09,not_real_estate
556378-7265,2026-10-09,not_real_estate
556378-7687,2026-10-09,not_real_estate
556378-7919,2026-10-09,no_digital_report
556378-8123,2026-10-09,not_real_estate
556378-8289,2026-10-09,below_threshold
556378-8685,2026-10-09,not_real_estate
556378-8982,2026-10-09,not_real_estate
556378-9030,2026-10-09,not_real_estate
556378-9188,2026-10-09,below_threshold
556378-9386,2026-10-09,not_real_estate
556378-9857,2026-10-09,not_real_estate
556379-0079,2026-10-09,not_real_estate
556379-0319,2026-10-09,no_digital_report
556379-0327,2026-10-09,not_real_estate
556379-0939,2026-10-09,not_real_estate
556379-1572,2026-10-09,below_threshold
556379-1762,2026-10-09,not_real_estate
556379-2067,2026-10-09,not_real_estate
556379-2208,2026-10-09,not_real_estate
556379-2489,2026-10-09,not_real_estate
556379-2604,2026-10-09,below_threshold
556379-3693,2026-10-09,no_digital_report
556379-4162,2026-10-09,not_real_estate
556379-4246,2026-10-09,not_real_estate
556379-4626,2026-10-09,no_digital_report
556379-6332,2026-10-09,no_digital_report
556379-6704,2026-10-09,not_real_estate
556379-6712,2026-10-09,not_real_estate
556379-6902,2026-10-09,not_real_estate
556379-7496,2026-10-09,no_digital_report
556379-7595,2026-10-09,not_real_estate
556379-7850,2026-10-09,not_real_estate
556379-8049,2026-10-09,not_real_estate
556379-8387,2026-10-09,below_threshold
556379-9112,2026-10-09,not_real_estate
556379-9823,2026-10-09,below_threshold
556380-0779,2026-10-09,not_real_estate
556380-1009,2026-10-09,not_real_estate
556380-1330,2026-10-09,not_real_estate
556380-2114,2026-10-09,not_real_estate
556380-2296,2026-10-09,below_threshold
556380-2965,2026-10-09,not_real_estate
556380-3161,2026-10-09,not_real_estate
556380-3690,2026-10-09,not_real_estate
556380-4458,2026-10-09,below_threshold
556380-4631,2026-10-09,no_digital_report
556380-5927,2026-10-09,not_real_estate
556380-6487,2026-10-09,below_threshold
556380-6537,2026-10-09,no_digital_report
556380-7626,2026-10-09,not_real_estate
556380-8194,2026-10-09,not_real_estate
556380-8327,2026-10-09,not_real_estate
556380-9127,2026-10-09,no_digital_report
556380-9473,2026-10-09,below_threshold
556380-9978,2026-10-09,not_real_estate
556381-0091,2026-10-09,not_real_estate
556381-2634,2026-10-09,no_digital_report
556381-3293,2026-10-09,below_threshold
556381-4556,2026-10-09,below_threshold
556381-5033,2026-10-09,no_digital_report
556381-5470,2026-10-09,not_real_estate
556381-6437,2026-10-09,below_threshold
556381-6809,2026-10-09,not_real_estate
556381-7989,2026-10-09,not_real_estate
556381-8086,2026-10-09,not_real_estate
556381-8169,2026-10-09,no_digital_report
556381-8219,2026-10-09,below_threshold
556381-9282,2026-10-09,below_threshold
556381-9662,2026-10-09,not_real_estate
556382-0702,2026-10-09,no_digital_report
556382-0777,2026-10-09,not_real_estate
556382-1023,2026-10-09,not_real_estate
556382-1361,2026-10-09,not_real_estate
556382-1478,2026-10-09,no_digital_report
556382-2187,2026-10-09,not_real_estate
556382-2955,2026-10-09,not_real_estate
556382-3474,2026-10-09,below_threshold
556382-4076,2026-10-09,not_real_estate
556382-4530,2026-10-09,not_real_estate
556382-4951,2026-10-09,not_real_estate
556382-5115,2026-10-09,not_real_estate
556382-5263,2026-10-09,no_digital_report
556382-5784,2026-10-09,not_real_estate
556382-6105,2026-10-09,not_real_estate
556382-7129,2026-10-09,not_real_estate
556382-7624,2026-10-09,not_real_estate
556382-7889,2026-10-09,not_real_estate
556382-8705,2026-10-09,not_real_estate
556382-8994,2026-10-09,not_real_estate
556382-9273,2026-10-09,not_real_estate
556383-0065,2026-10-09,not_real_estate
556383-0073,2026-10-09,not_real_estate
556383-1485,2026-10-09,below_threshold
556383-2012,2026-10-09,not_real_estate
556383-2400,2026-10-09,not_real_estate
556383-3804,2026-10-09,below_threshold
556383-4133,2026-10-09,not_real_estate
556383-4216,2026-10-09,not_real_estate
556383-5056,2026-10-09,not_real_estate
556383-5106,2026-10-09,no_digital_report
556383-5510,2026-10-09,below_threshold
556383-5528,2026-10-09,not_real_estate
556383-5536,2026-10-09,not_real_estate
556383-5569,2026-10-09,not_real_estate
556383-6146,2026-10-09,not_real_estate
556383-6245,2026-10-09,no_digital_report
556383-6328,2026-10-09,not_real_estate
556383-6708,2026-10-09,not_real_estate
556383-6757,2026-10-09,not_real_estate
556383-7631,2026-10-09,not_real_estate
556383-8001,2026-10-09,not_real_estate
556383-8951,2026-10-09,not_real_estate
556383-9074,2026-10-09,not_real_estate
556383-9363,2026-10-09,no_digital_report
556383-9801,2026-10-09,below_threshold
556384-0213,2026-10-09,not_real_estate
556384-0510,2026-10-09,kept
556384-0775,2026-10-09,no_digital_report
556384-1492,2026-10-09,below_threshold
556384-2227,2026-10-09,not_real_estate
556384-2979,2026-10-09,not_real_estate
556384-4090,2026-10-09,not_real_estate
556384-4132,2026-10-09,not_real_estate
556384-4645,2026-10-09,not_real_estate
556384-4751,2026-10-09,not_real_estate
556384-5857,2026-10-09,not_real_estate
556384-6350,2026-10-09,not_real_estate
556384-6582,2026-10-09,below_threshold
556384-6830,2026-10-09,not_real_estate
556384-7002,2026-10-09,no_digital_report
556384-7556,2026-10-09,not_real_estate
556384-7937,2026-10-09,no_digital_report
556384-9354,2026-10-09,not_real_estate
556384-9461,2026-10-09,not_real_estate
556384-9602,2026-10-09,not_real_estate
556384-9651,2026-10-09,not_real_estate
556385-0949,2026-10-09,not_real_estate
556385-1277,2026-10-09,not_real_estate
556385-2234,2026-10-09,below_threshold
556385-2515,2026-10-09,not_real_estate
556385-4875,2026-10-09,not_real_estate
556385-5526,2026-10-09,below_threshold
556385-6029,2026-10-09,not_real_estate
556385-6300,2026-10-09,not_real_estate
556385-6698,2026-10-09,no_digital_report
556385-7431,2026-10-09,below_threshold
556385-7761,2026-10-09,not_real_estate
556385-7944,2026-10-09,not_real_estate
556385-8058,2026-10-09,no_digital_report
556385-8595,2026-10-09,no_digital_report
556385-9205,2026-10-09,not_real_estate
556385-9692,2026-10-09,not_real_estate
556385-9775,2026-10-09,not_real_estate
556385-9841,2026-10-09,not_real_estate
556385-9882,2026-10-09,below_threshold
556386-1037,2026-10-09,not_real_estate
556386-1383,2026-10-09,not_real_estate
556386-3363,2026-10-09,below_threshold
556386-3744,2026-10-09,no_digital_report
556386-4015,2026-10-09,not_real_estate
556386-4676,2026-10-09,not_real_estate
556386-5137,2026-10-09,kept
556386-6408,2026-10-09,not_real_estate
556386-6895,2026-10-09,not_real_estate
556386-7190,2026-10-09,not_real_estate
556386-7703,2026-10-09,not_real_estate
556386-8164,2026-10-09,not_real_estate
556386-8172,2026-10-09,not_real_estate
556386-8404,2026-10-09,not_real_estate
556386-8453,2026-10-09,below_threshold
556386-8578,2026-10-09,not_real_estate
556386-8586,2026-10-09,not_real_estate
556386-9626,2026-10-09,no_digital_report
556386-9683,2026-10-09,not_real_estate
556387-0194,2026-10-09,not_real_estate
556387-0483,2026-10-09,no_digital_report
556387-0822,2026-10-09,not_real_estate
556387-1044,2026-10-09,not_real_estate
556387-1085,2026-10-09,no_digital_report
556387-2828,2026-10-09,not_real_estate
556387-2851,2026-10-09,not_real_estate
556387-3578,2026-10-09,not_real_estate
556387-4550,2026-10-09,below_threshold
556387-5490,2026-10-09,not_real_estate
556387-6084,2026-10-09,not_real_estate
556387-6142,2026-10-09,not_real_estate
556387-6696,2026-10-09,kept
556387-8809,2026-10-09,not_real_estate
556387-9435,2026-10-09,below_threshold
556387-9682,2026-10-09,no_digital_report
556388-0250,2026-10-09,below_threshold
556388-0557,2026-10-09,no_digital_report
556388-0961,2026-10-09,not_real_estate
556388-1233,2026-10-09,not_real_estate
556388-1597,2026-10-09,below_threshold
556388-2421,2026-10-09,no_digital_report
556388-2827,2026-10-09,no_digital_report
556388-2884,2026-10-09,below_threshold
556388-3197,2026-10-09,below_threshold
556388-5986,2026-10-09,not_real_estate
556388-6463,2026-10-09,not_real_estate
556388-6489,2026-10-09,not_real_estate
556388-7123,2026-10-09,below_threshold
556388-7156,2026-10-09,no_digital_report
556388-7289,2026-10-09,not_real_estate
556388-7982,2026-10-09,below_threshold
556388-8071,2026-10-09,not_real_estate
556389-0127,2026-10-09,not_real_estate
556389-0770,2026-10-09,below_threshold
556389-1190,2026-10-09,not_real_estate
556389-1513,2026-10-09,not_real_estate
556389-2156,2026-10-09,no_digital_report
556389-2479,2026-10-09,not_real_estate
556389-2495,2026-10-09,not_real_estate
556389-3014,2026-10-09,no_digital_report
556389-3022,2026-10-09,no_digital_report
556389-3055,2026-10-09,no_digital_report
556389-4301,2026-10-09,not_real_estate
556389-4657,2026-10-09,not_real_estate
556389-4699,2026-10-09,not_real_estate
556389-5423,2026-10-09,not_real_estate
556389-5811,2026-10-09,no_digital_report
556389-6868,2026-10-09,below_threshold
556389-7304,2026-10-09,no_digital_report
556389-7791,2026-10-09,below_threshold
556389-7809,2026-10-09,not_real_estate
556389-8583,2026-10-09,below_threshold
556389-9698,2026-10-09,not_real_estate
556390-2112,2026-10-09,no_digital_report
556390-2195,2026-10-09,not_real_estate
556390-2815,2026-10-09,not_real_estate
556390-3276,2026-10-09,not_real_estate
556390-3375,2026-10-09,no_digital_report
556390-3516,2026-10-09,not_real_estate
556390-4753,2026-10-09,below_threshold
556390-5008,2026-10-09,kept
556390-5198,2026-10-09,not_real_estate
556390-5214,2026-10-09,no_digital_report
556390-5883,2026-10-09,below_threshold
556390-6857,2026-10-09,not_real_estate
556390-7012,2026-10-09,not_real_estate
556390-7061,2026-10-09,not_real_estate
556390-7152,2026-10-09,not_real_estate
556390-9232,2026-10-09,not_real_estate
556390-9448,2026-10-09,not_real_estate
556391-0040,2026-10-09,not_real_estate
556391-0487,2026-10-09,not_real_estate
556391-0495,2026-10-09,not_real_estate
556391-0966,2026-10-09,below_threshold
556391-0982,2026-10-09,not_real_estate
556391-1402,2026-10-09,not_real_estate
556391-1584,2026-10-09,no_digital_report
556391-2012,2026-10-09,not_real_estate
556391-2210,2026-10-09,below_threshold
556391-2236,2026-10-09,below_threshold
556391-3457,2026-10-09,not_real_estate
556391-5569,2026-10-09,below_threshold
556391-7185,2026-10-09,below_threshold
556391-7755,2026-10-09,not_real_estate
556391-9868,2026-10-09,not_real_estate
556392-0429,2026-10-09,no_digital_report
556392-0544,2026-10-09,not_real_estate
556392-1278,2026-10-09,no_digital_report
556392-1708,2026-10-09,no_digital_report
556392-2185,2026-10-09,below_threshold
556392-2722,2026-10-09,below_threshold
556392-3589,2026-10-09,not_real_estate
556392-3928,2026-10-09,no_digital_report
556392-6558,2026-10-09,not_real_estate
556392-7473,2026-10-09,not_real_estate
556392-7671,2026-10-09,not_real_estate
556392-7739,2026-10-09,not_real_estate
556392-8240,2026-10-09,not_real_estate
556392-9529,2026-10-09,not_real_estate
556392-9925,2026-10-09,not_real_estate
556393-2226,2026-10-09,no_digital_report
556393-3786,2026-10-09,no_digital_report
556393-3968,2026-10-09,not_real_estate
556393-4057,2026-10-09,not_real_estate
556393-5021,2026-10-09,no_digital_report
556393-5088,2026-10-09,no_digital_report
556393-5427,2026-10-09,not_real_estate
556393-7183,2026-10-09,not_real_estate
556393-8413,2026-10-09,not_real_estate
556393-8629,2026-10-09,below_threshold
556393-9098,2026-10-09,not_real_estate
556394-0716,2026-10-09,below_threshold
556394-0930,2026-10-09,not_real_estate
556394-1219,2026-10-09,not_real_estate
556394-1821,2026-10-09,below_threshold
556394-1862,2026-10-09,not_real_estate
556394-2605,2026-10-09,below_threshold
556394-3371,2026-10-09,not_real_estate
556394-4783,2026-10-09,kept
556394-4791,2026-10-09,not_real_estate
556394-6234,2026-10-09,not_real_estate
556394-6580,2026-10-09,not_real_estate
556394-8313,2026-10-09,below_threshold
556394-8867,2026-10-09,below_threshold
556394-9642,2026-10-09,not_real_estate
556395-1952,2026-10-09,not_real_estate
556395-2638,2026-10-09,not_real_estate
556395-3065,2026-10-09,not_real_estate
556395-3750,2026-10-09,not_real_estate
556395-3792,2026-10-09,not_real_estate
556395-3800,2026-10-09,not_real_estate
556395-5185,2026-10-09,not_real_estate
556395-6464,2026-10-09,not_real_estate
556395-6472,2026-10-09,not_real_estate
556395-6936,2026-10-09,below_threshold
556395-7454,2026-10-09,not_real_estate
556395-7926,2026-10-09,not_real_estate
556395-8304,2026-10-09,not_real_estate
556395-9062,2026-10-09,not_real_estate
556395-9575,2026-10-09,not_real_estate
556395-9682,2026-10-09,not_real_estate
556395-9997,2026-10-09,not_real_estate
556396-0110,2026-10-09,below_threshold
556396-1456,2026-10-09,not_real_estate
556396-2421,2026-10-09,no_digital_report
556396-2496,2026-10-09,not_real_estate
556396-3080,2026-10-09,not_real_estate
556396-4245,2026-10-09,not_real_estate
556396-4740,2026-10-09,not_real_estate
556396-7131,2026-10-09,not_real_estate
556396-7784,2026-10-09,below_threshold
556396-8204,2026-10-09,below_threshold
556396-8451,2026-10-09,not_real_estate
556396-9434,2026-10-09,no_digital_report
556397-0127,2026-10-09,not_real_estate
556397-0952,2026-10-09,not_real_estate
556397-2222,2026-10-09,no_digital_report
556397-2263,2026-10-09,not_real_estate
556397-2412,2026-10-09,below_threshold
556397-2693,2026-10-09,no_digital_report
556397-3071,2026-10-09,below_threshold
556397-3964,2026-10-09,not_real_estate
556397-4301,2026-10-09,not_real_estate
556397-4640,2026-10-09,not_real_estate
556397-5357,2026-10-09,below_threshold
556397-5548,2026-10-09,no_digital_report
556397-5944,2026-10-09,not_real_estate
556397-6306,2026-10-09,not_real_estate
556397-6611,2026-10-09,not_real_estate
556397-6736,2026-10-09,not_real_estate
556397-7460,2026-10-09,not_real_estate
556397-8609,2026-10-09,not_real_estate
556397-9318,2026-10-09,not_real_estate
556397-9326,2026-10-09,not_real_estate
556397-9490,2026-10-09,not_real_estate
556397-9698,2026-10-09,not_real_estate
556398-0209,2026-10-09,not_real_estate
556398-0274,2026-10-09,not_real_estate
556398-0332,2026-10-09,not_real_estate
556398-0530,2026-10-09,no_digital_report
556398-1397,2026-10-09,below_threshold
556398-1405,2026-10-09,not_real_estate
556398-1686,2026-10-09,not_real_estate
556398-1694,2026-10-09,not_real_estate
556398-3211,2026-10-09,no_digital_report
556398-3708,2026-10-09,not_real_estate
556398-4813,2026-10-09,not_real_estate
556398-5471,2026-10-09,not_real_estate
556398-5513,2026-10-09,not_real_estate
556398-5695,2026-10-09,not_real_estate
556398-6719,2026-10-09,not_real_estate
556398-7337,2026-10-09,not_real_estate
556398-8269,2026-10-09,not_real_estate
556399-0349,2026-10-09,below_threshold
556399-0414,2026-10-09,not_real_estate
556399-1032,2026-10-09,no_digital_report
556399-1255,2026-10-09,not_real_estate
556399-1677,2026-10-09,below_threshold
556399-2253,2026-10-09,not_real_estate
556399-2360,2026-10-09,not_real_estate
556399-3640,2026-10-09,not_real_estate
556399-4002,2026-10-09,not_real_estate
556399-4846,2026-10-09,not_real_estate
556399-5587,2026-10-09,below_threshold
556399-6288,2026-10-09,not_real_estate
556399-6700,2026-10-09,below_threshold
556399-7161,2026-10-09,not_real_estate
556399-7468,2026-10-09,not_real_estate
556399-7559,2026-10-09,not_real_estate
556399-8474,2026-10-09,no_digital_report
556399-8508,2026-10-09,not_real_estate
556399-8516,2026-10-09,not_real_estate
556399-8524,2026-10-09,below_threshold
556399-9837,2026-10-09,below_threshold
556400-0510,2026-10-09,not_real_estate
556400-1492,2026-10-09,below_threshold
556400-1716,2026-10-09,not_real_estate
556400-3076,2026-10-09,below_threshold
556400-3175,2026-10-09,not_real_estate
556400-3357,2026-10-09,not_real_estate
556400-4041,2026-10-09,not_real_estate
556400-4066,2026-10-09,below_threshold
556400-5246,2026-10-09,below_threshold
556400-6202,2026-10-09,not_real_estate
556400-7945,2026-10-09,not_real_estate
556400-8166,2026-10-09,not_real_estate
556400-8364,2026-10-09,not_real_estate
556400-8778,2026-10-09,not_real_estate
556400-8968,2026-10-09,below_threshold
556400-9271,2026-10-09,no_digital_report
556401-0675,2026-10-09,no_digital_report
556401-0816,2026-10-09,not_real_estate
556401-1061,2026-10-09,not_real_estate
556401-1442,2026-10-09,not_real_estate
556401-1962,2026-10-09,not_real_estate
556401-2127,2026-10-09,not_real_estate
556401-2283,2026-10-09,not_real_estate
556401-3133,2026-10-09,not_real_estate
556401-3463,2026-10-09,not_real_estate
556401-3562,2026-10-09,not_real_estate
556401-3943,2026-10-09,below_threshold
556401-4065,2026-10-09,below_threshold
556401-4271,2026-10-09,no_digital_report
556401-4958,2026-10-09,not_real_estate
556401-5211,2026-10-09,not_real_estate
556401-5575,2026-10-09,not_real_estate
556401-5716,2026-10-09,not_real_estate
556401-5781,2026-10-09,not_real_estate
556401-5997,2026-10-09,no_digital_report
556401-6508,2026-10-09,not_real_estate
556401-7399,2026-10-09,not_real_estate
556401-7449,2026-10-09,no_digital_report
556401-8017,2026-10-09,below_threshold
556401-8157,2026-10-09,kept
556401-8785,2026-10-09,below_threshold
556401-9155,2026-10-09,not_real_estate
556401-9338,2026-10-09,not_real_estate
556401-9841,2026-10-09,not_real_estate
556402-0328,2026-10-09,not_real_estate
556402-0658,2026-10-09,not_real_estate
556402-1318,2026-10-09,not_real_estate
556402-1474,2026-10-09,not_real_estate
556402-1706,2026-10-09,not_real_estate
556402-1896,2026-10-09,not_real_estate
556402-2589,2026-10-09,below_threshold
556402-2662,2026-10-09,no_digital_report
556402-2803,2026-10-09,no_digital_report
556402-3215,2026-10-09,not_real_estate
556402-4015,2026-10-09,not_real_estate
556402-4072,2026-10-09,no_digital_report
556402-4213,2026-10-09,no_digital_report
556402-5541,2026-10-09,not_real_estate
556402-7075,2026-10-09,not_real_estate
556402-7133,2026-10-09,no_digital_report
556402-8321,2026-10-09,no_digital_report
556402-8412,2026-10-09,not_real_estate
556402-8461,2026-10-09,not_real_estate
556402-8636,2026-10-09,no_digital_report
556402-8966,2026-10-09,below_threshold
556402-9055,2026-10-09,below_threshold
556402-9592,2026-10-09,not_real_estate
556402-9691,2026-10-09,no_digital_report
556403-0350,2026-10-09,no_digital_report
556403-1291,2026-10-09,not_real_estate
556403-3222,2026-10-09,not_real_estate
556403-3479,2026-10-09,not_real_estate
556403-4089,2026-10-09,not_real_estate
556403-4949,2026-10-09,not_real_estate
556403-5060,2026-10-09,not_real_estate
556403-5243,2026-10-09,below_threshold
556403-5383,2026-10-09,not_real_estate
556403-5516,2026-10-09,not_real_estate
556403-5839,2026-10-09,not_real_estate
556403-5953,2026-10-09,below_threshold
556403-6076,2026-10-09,not_real_estate
556403-6878,2026-10-09,no_digital_report
556403-6936,2026-10-09,not_real_estate
556403-9351,2026-10-09,no_digital_report
556403-9781,2026-10-09,not_real_estate
556404-0177,2026-10-09,not_real_estate
556404-2827,2026-10-09,no_digital_report
556404-2942,2026-10-09,not_real_estate
556404-3023,2026-10-09,below_threshold
556404-5994,2026-10-09,not_real_estate
556404-7263,2026-10-09,no_digital_report
556404-7446,2026-10-09,not_real_estate
556404-7537,2026-10-09,not_real_estate
556404-7735,2026-10-09,no_digital_report
556404-7958,2026-10-09,not_real_estate
556404-8048,2026-10-09,below_threshold
556404-8188,2026-10-09,below_threshold
556404-8741,2026-10-09,not_real_estate
556404-9111,2026-10-09,not_real_estate
556405-0218,2026-10-09,no_digital_report
556405-0739,2026-10-09,no_digital_report
556405-1513,2026-10-09,below_threshold
556405-1737,2026-10-09,below_threshold
556405-2131,2026-10-09,below_threshold
556405-2776,2026-10-09,not_real_estate
556405-3402,2026-10-09,no_digital_report
556405-3709,2026-10-09,not_real_estate
556405-3832,2026-10-09,not_real_estate
556405-3931,2026-10-09,not_real_estate
556405-3972,2026-10-09,not_real_estate
556405-4624,2026-10-09,kept
556405-5118,2026-10-09,not_real_estate
556405-5217,2026-10-09,not_real_estate
556405-6157,2026-10-09,not_real_estate
556405-6686,2026-10-09,not_real_estate
556405-7015,2026-10-09,not_real_estate
556405-7130,2026-10-09,no_digital_report
556405-7676,2026-10-09,not_real_estate
556405-7742,2026-10-09,not_real_estate
556405-8286,2026-10-09,not_real_estate
556405-8302,2026-10-09,not_real_estate
556405-8526,2026-10-09,not_real_estate
556405-9011,2026-10-09,below_threshold
556405-9136,2026-10-09,not_real_estate
556405-9656,2026-10-09,not_real_estate
556406-0167,2026-10-09,not_real_estate
556406-0761,2026-10-09,not_real_estate
556406-0803,2026-10-09,no_digital_report
556406-1405,2026-10-09,no_digital_report
556406-1983,2026-10-09,below_threshold
556406-2262,2026-10-09,no_digital_report
556406-2734,2026-10-09,not_real_estate
556406-2742,2026-10-09,not_real_estate
556406-3377,2026-10-09,no_digital_report
556406-3955,2026-10-09,not_real_estate
556406-4276,2026-10-09,not_real_estate
556406-4748,2026-10-09,not_real_estate
556406-5018,2026-10-09,not_real_estate
556406-5679,2026-10-09,no_digital_report
556406-6321,2026-10-09,not_real_estate
556406-6479,2026-10-09,not_real_estate
556406-6727,2026-10-09,not_real_estate
556406-6842,2026-10-09,below_threshold
556406-6909,2026-10-09,not_real_estate
556406-7980,2026-10-09,below_threshold
556406-8368,2026-10-09,not_real_estate
556406-8822,2026-10-09,no_digital_report
556406-9259,2026-10-09,not_real_estate
556406-9887,2026-10-09,below_threshold
556406-9994,2026-10-09,not_real_estate
556407-0315,2026-10-09,no_digital_report
556407-0638,2026-10-09,no_digital_report
556407-0950,2026-10-09,not_real_estate
556407-1420,2026-10-09,below_threshold
556407-1693,2026-10-09,not_real_estate
556407-1925,2026-10-09,below_threshold
556407-2261,2026-10-09,not_real_estate
556407-3095,2026-10-09,not_real_estate
556407-3848,2026-10-09,no_digital_report
556407-3863,2026-10-09,not_real_estate
556407-4242,2026-10-09,not_real_estate
556407-5421,2026-10-09,kept
556407-5488,2026-10-09,not_real_estate
556407-5520,2026-10-09,kept
556407-6080,2026-10-09,no_digital_report
556407-6155,2026-10-09,below_threshold
556407-6262,2026-10-09,not_real_estate
556407-7799,2026-10-09,not_real_estate
556407-7948,2026-10-09,not_real_estate
556407-8029,2026-10-09,not_real_estate
556407-9506,2026-10-09,not_real_estate
556407-9589,2026-10-09,not_real_estate
556407-9787,2026-10-09,not_real_estate
556407-9860,2026-10-09,below_threshold
556407-9902,2026-10-09,not_real_estate
556408-0116,2026-10-09,not_real_estate
556408-0207,2026-10-09,not_real_estate
556408-1320,2026-10-09,no_digital_report
556408-1924,2026-10-09,not_real_estate
556408-2708,2026-10-09,not_real_estate
556408-2781,2026-10-09,not_real_estate
556408-2799,2026-10-09,not_real_estate
556408-2815,2026-10-09,not_real_estate
556408-2872,2026-10-09,not_real_estate
556408-3227,2026-10-09,below_threshold
556408-3359,2026-10-09,not_real_estate
556408-3516,2026-10-09,not_real_estate
556408-5453,2026-10-09,not_real_estate
556408-5552,2026-10-09,not_real_estate
556408-6428,2026-10-09,not_real_estate
556408-6907,2026-10-09,not_real_estate
556408-6972,2026-10-09,kept
556408-7004,2026-10-09,below_threshold
556408-7178,2026-10-09,not_real_estate
556408-7343,2026-10-09,not_real_estate
556408-7905,2026-10-09,kept
556408-8713,2026-10-09,below_threshold
556408-8754,2026-10-09,not_real_estate
556408-8838,2026-10-09,no_digital_report
556408-9372,2026-10-09,not_real_estate
556408-9455,2026-10-09,not_real_estate
556408-9638,2026-10-09,not_real_estate
556408-9745,2026-10-09,below_threshold
556409-0610,2026-10-09,not_real_estate
556409-1105,2026-10-09,not_real_estate
556409-1196,2026-10-09,below_threshold
556409-1501,2026-10-09,not_real_estate
556409-1543,2026-10-09,not_real_estate
556409-2434,2026-10-09,not_real_estate
556409-2459,2026-10-09,no_digital_report
556409-2533,2026-10-09,no_digital_report
556409-3291,2026-10-09,not_real_estate
556409-3663,2026-10-09,not_real_estate
556409-3713,2026-10-09,not_real_estate
556409-4216,2026-10-09,not_real_estate
556409-4406,2026-10-09,not_real_estate
556409-4604,2026-10-09,no_digital_report
556409-4943,2026-10-09,not_real_estate
556409-5205,2026-10-09,no_digital_report
556409-6120,2026-10-09,not_real_estate
556409-6773,2026-10-09,not_real_estate
556409-7201,2026-10-09,no_digital_report
556409-7268,2026-10-09,not_real_estate
556409-8662,2026-10-09,not_real_estate
556409-8944,2026-10-09,not_real_estate
556410-0153,2026-10-09,below_threshold
556410-0260,2026-10-09,not_real_estate
556410-0278,2026-10-09,not_real_estate
556410-0302,2026-10-09,not_real_estate
556410-1474,2026-10-09,not_real_estate
556410-2373,2026-10-09,no_digital_report
556410-3298,2026-10-09,kept
556410-3967,2026-10-09,not_real_estate
556410-4965,2026-10-09,below_threshold
556410-5475,2026-10-09,no_digital_report
556410-7356,2026-10-09,no_digital_report
556410-9196,2026-10-09,not_real_estate
556410-9378,2026-10-09,not_real_estate
556410-9386,2026-10-09,not_real_estate
556410-9485,2026-10-09,not_real_estate
556410-9519,2026-10-09,no_digital_report
556410-9899,2026-10-09,not_real_estate
556410-9980,2026-10-09,not_real_estate
556411-0178,2026-10-09,below_threshold
556411-0210,2026-10-09,not_real_estate
556411-0343,2026-10-09,not_real_estate
556411-0616,2026-10-09,no_digital_report
556411-1002,2026-10-09,not_real_estate
556411-2034,2026-10-09,no_digital_report
556411-2695,2026-10-09,no_digital_report
556411-2893,2026-10-09,not_real_estate
556411-2950,2026-10-09,not_real_estate
556411-2968,2026-10-09,no_digital_report
556411-2984,2026-10-09,not_real_estate
556411-3412,2026-10-09,not_real_estate
556411-3651,2026-10-09,not_real_estate
556411-3669,2026-10-09,not_real_estate
556411-3784,2026-10-09,not_real_estate
556411-3966,2026-10-09,not_real_estate
556411-4667,2026-10-09,not_real_estate
556411-4949,2026-10-09,no_digital_report
556411-5128,2026-10-09,not_real_estate
556411-5532,2026-10-09,not_real_estate
556411-5672,2026-10-09,not_real_estate
556411-6266,2026-10-09,not_real_estate
556411-6738,2026-10-09,not_real_estate
556411-7116,2026-10-09,below_threshold
556411-7298,2026-10-09,below_threshold
556411-7652,2026-10-09,below_threshold
556411-8460,2026-10-09,no_digital_report
556411-8577,2026-10-09,not_real_estate
556411-8742,2026-10-09,not_real_estate
556411-8932,2026-10-09,not_real_estate
556411-9054,2026-10-09,no_digital_report
556411-9682,2026-10-09,no_digital_report
556411-9922,2026-10-09,not_real_estate
556412-0193,2026-10-09,not_real_estate
556412-0565,2026-10-09,below_threshold
556412-0649,2026-10-09,not_real_estate
556412-0888,2026-10-09,not_real_estate
556412-0896,2026-10-09,below_threshold
556412-1118,2026-10-09,no_digital_report
556412-2553,2026-10-09,no_digital_report
556412-2975,2026-10-09,no_digital_report
556412-3296,2026-10-09,below_threshold
556412-3643,2026-10-09,not_real_estate
556412-4146,2026-10-09,below_threshold
556412-4179,2026-10-09,not_real_estate
556412-4864,2026-10-09,not_real_estate
556412-4872,2026-10-09,not_real_estate
556412-6489,2026-10-09,not_real_estate
556412-6653,2026-10-09,not_real_estate
556412-7206,2026-10-09,no_digital_report
556412-7685,2026-10-09,below_threshold
556412-7966,2026-10-09,not_real_estate
556412-8196,2026-10-09,not_real_estate
556412-8568,2026-10-09,below_threshold
556412-8816,2026-10-09,not_real_estate
556412-8949,2026-10-09,not_real_estate
556413-0705,2026-10-09,kept
556413-1794,2026-10-09,below_threshold
556413-1950,2026-10-09,not_real_estate
556413-2156,2026-10-09,not_real_estate
556413-2248,2026-10-09,not_real_estate
556413-2867,2026-10-09,not_real_estate
556413-2941,2026-10-09,not_real_estate
556413-3477,2026-10-09,not_real_estate
556413-3485,2026-10-09,not_real_estate
556413-3691,2026-10-09,no_digital_report
556413-4046,2026-10-09,below_threshold
556413-5126,2026-10-09,not_real_estate
556413-5290,2026-10-09,not_real_estate
556413-5357,2026-10-09,below_threshold
556413-6231,2026-10-09,not_real_estate
556413-6553,2026-10-09,not_real_estate
556413-7049,2026-10-09,not_real_estate
556413-7403,2026-10-09,not_real_estate
556413-7528,2026-10-09,no_digital_report
556413-7882,2026-10-09,not_real_estate
556413-8542,2026-10-09,not_real_estate
556413-8997,2026-10-09,kept
556413-9359,2026-10-09,below_threshold
556414-0183,2026-10-09,not_real_estate
556414-1017,2026-10-09,not_real_estate
556414-1058,2026-10-09,kept
556414-1173,2026-10-09,not_real_estate
556414-1413,2026-10-09,not_real_estate
556414-1934,2026-10-09,no_digital_report
556414-2056,2026-10-09,not_real_estate
556414-2171,2026-10-09,not_real_estate
556414-2486,2026-10-09,not_real_estate
556414-2619,2026-10-09,not_real_estate
556414-2734,2026-10-09,not_real_estate
556414-2809,2026-10-09,not_real_estate
556414-2833,2026-10-09,not_real_estate
556414-4052,2026-10-09,not_real_estate
556414-4631,2026-10-09,not_real_estate
556414-5067,2026-10-09,not_real_estate
556414-6867,2026-10-09,below_threshold
556414-7444,2026-10-09,below_threshold
556414-7972,2026-10-09,not_real_estate
556414-8111,2026-10-09,below_threshold
556414-8251,2026-10-09,not_real_estate
556414-8624,2026-10-09,no_digital_report
556414-9077,2026-10-09,below_threshold
556415-0216,2026-10-09,not_real_estate
556415-0620,2026-10-09,not_real_estate
556415-0695,2026-10-09,not_real_estate
556415-1040,2026-10-09,not_real_estate
556415-1891,2026-10-09,no_digital_report
556415-2329,2026-10-09,not_real_estate
556415-2436,2026-10-09,not_real_estate
556415-3038,2026-10-09,not_real_estate
556415-3418,2026-10-09,no_digital_report
556415-3566,2026-10-09,below_threshold
556415-4580,2026-10-09,not_real_estate
556415-4945,2026-10-09,no_digital_report
556415-4960,2026-10-09,not_real_estate
556415-5041,2026-10-09,not_real_estate
556415-5504,2026-10-09,not_real_estate
556415-5918,2026-10-09,not_real_estate
556415-6262,2026-10-09,not_real_estate
556415-6445,2026-10-09,no_digital_report
556415-6718,2026-10-09,no_digital_report
556415-7062,2026-10-09,below_threshold
556415-7112,2026-10-09,not_real_estate
556415-7161,2026-10-09,no_digital_report
556415-7351,2026-10-09,not_real_estate
556415-7401,2026-10-09,below_threshold
556415-7484,2026-10-09,below_threshold
556415-8029,2026-10-09,below_threshold
556415-8227,2026-10-09,not_real_estate
556415-8367,2026-10-09,not_real_estate
556415-9134,2026-10-09,not_real_estate
556415-9142,2026-10-09,not_real_estate
556415-9183,2026-10-09,not_real_estate
556415-9449,2026-10-09,below_threshold
556415-9472,2026-10-09,below_threshold
556416-0462,2026-10-09,not_real_estate
556416-0835,2026-10-09,below_threshold
556416-0884,2026-10-09,not_real_estate
556416-1999,2026-10-09,below_threshold
556416-2096,2026-10-09,not_real_estate
556416-2732,2026-10-09,not_real_estate
556416-2757,2026-10-09,not_real_estate
556416-2906,2026-10-09,not_real_estate
556416-3409,2026-10-09,below_threshold
556416-3789,2026-10-09,below_threshold
556416-3821,2026-10-09,no_digital_report
556416-3839,2026-10-09,no_digital_report
556416-4464,2026-10-09,below_threshold
556416-4753,2026-10-09,no_digital_report
556416-5594,2026-10-09,below_threshold
556416-6352,2026-10-09,no_digital_report
556416-6386,2026-10-09,not_real_estate
556416-6519,2026-10-09,no_digital_report
556416-6782,2026-10-09,no_digital_report
556416-7491,2026-10-09,no_digital_report
556416-7590,2026-10-09,below_threshold
556416-7954,2026-10-09,not_real_estate
556416-9216,2026-10-09,not_real_estate
556416-9521,2026-10-09,not_real_estate
556416-9802,2026-10-09,below_threshold
556416-9901,2026-10-09,not_real_estate
556417-0016,2026-10-09,not_real_estate
556417-0313,2026-10-09,not_real_estate
556417-0560,2026-10-09,not_real_estate
556417-0875,2026-10-09,not_real_estate
556417-1980,2026-10-09,not_real_estate
556417-2129,2026-10-09,not_real_estate
556417-3135,2026-10-09,no_digital_report
556417-3317,2026-10-09,not_real_estate
556417-3556,2026-10-09,below_threshold
556417-3705,2026-10-09,not_real_estate
556417-3952,2026-10-09,no_digital_report
556417-4075,2026-10-09,not_real_estate
556417-4299,2026-10-09,below_threshold
556417-4745,2026-10-09,not_real_estate
556417-5809,2026-10-09,not_real_estate
556417-6161,2026-10-09,not_real_estate
556417-6393,2026-10-09,below_threshold
556417-7748,2026-10-09,not_real_estate
556417-7821,2026-10-09,not_real_estate
556417-8514,2026-10-09,not_real_estate
556417-8787,2026-10-09,not_real_estate
556417-8944,2026-10-09,not_real_estate
556417-8993,2026-10-09,not_real_estate
556418-0155,2026-10-09,below_threshold
556418-0346,2026-10-09,not_real_estate
556418-0775,2026-10-09,not_real_estate
556418-0833,2026-10-09,below_threshold
556418-1245,2026-10-09,not_real_estate
556418-2318,2026-10-09,below_threshold
556418-2367,2026-10-09,below_threshold
556418-2524,2026-10-09,below_threshold
556418-3472,2026-10-09,not_real_estate
556418-3613,2026-10-09,not_real_estate
556418-4884,2026-10-09,kept
556418-5477,2026-10-09,not_real_estate
556418-5493,2026-10-09,not_real_estate
556418-5659,2026-10-09,below_threshold
556418-5964,2026-10-09,not_real_estate
556418-6434,2026-10-09,no_digital_report
556418-6459,2026-10-09,no_digital_report
556418-6574,2026-10-09,not_real_estate
556418-7028,2026-10-09,not_real_estate
556418-8075,2026-10-09,not_real_estate
556418-8158,2026-10-09,not_real_estate
556418-8638,2026-10-09,no_digital_report
556419-0097,2026-10-09,not_real_estate
556419-0725,2026-10-09,not_real_estate
556419-1269,2026-10-09,no_digital_report
556419-1798,2026-10-09,not_real_estate
556419-2242,2026-10-09,below_threshold
556419-2689,2026-10-09,not_real_estate
556419-2747,2026-10-09,not_real_estate
556419-2788,2026-10-09,not_real_estate
556419-2978,2026-10-09,not_real_estate
556419-3323,2026-10-09,not_real_estate
556419-3448,2026-10-09,not_real_estate
556419-3687,2026-10-09,no_digital_report
556419-3836,2026-10-09,not_real_estate
556419-4263,2026-10-09,not_real_estate
556419-4578,2026-10-09,not_real_estate
556419-5153,2026-10-09,not_real_estate
556419-5674,2026-10-09,no_digital_report
556419-5971,2026-10-09,no_digital_report
556419-6524,2026-10-09,not_real_estate
556419-8082,2026-10-09,not_real_estate
556419-8884,2026-10-09,below_threshold
556419-9411,2026-10-09,not_real_estate
556419-9429,2026-10-09,not_real_estate
556419-9650,2026-10-09,not_real_estate
556419-9668,2026-10-09,kept
556420-0136,2026-10-09,no_digital_report
556420-0458,2026-10-09,not_real_estate
556420-0995,2026-10-09,not_real_estate
556420-1050,2026-10-09,no_digital_report
556420-1142,2026-10-09,not_real_estate
556420-1944,2026-10-09,not_real_estate
556420-3445,2026-10-09,below_threshold
556420-3692,2026-10-09,not_real_estate
556420-3726,2026-10-09,not_real_estate
556420-4021,2026-10-09,not_real_estate
556420-4732,2026-10-09,no_digital_report
556420-5382,2026-10-09,below_threshold
556420-7321,2026-10-09,not_real_estate
556420-7404,2026-10-09,not_real_estate
556420-7495,2026-10-09,not_real_estate
556420-8840,2026-10-09,no_digital_report
556420-9079,2026-10-09,not_real_estate
556420-9863,2026-10-09,below_threshold
556421-0705,2026-10-09,not_real_estate
556421-0846,2026-10-09,not_real_estate
556421-1075,2026-10-09,not_real_estate
556421-1257,2026-10-09,below_threshold
556421-2057,2026-10-09,not_real_estate
556421-2248,2026-10-09,not_real_estate
556421-2487,2026-10-09,not_real_estate
556421-2719,2026-10-09,not_real_estate
556421-3055,2026-10-09,no_digital_report
556421-3246,2026-10-09,not_real_estate
556421-3295,2026-10-09,not_real_estate
556421-3915,2026-10-09,not_real_estate
556421-4384,2026-10-09,not_real_estate
556421-4558,2026-10-09,not_real_estate
556421-6264,2026-10-09,not_real_estate
556421-6728,2026-10-09,not_real_estate
556421-8062,2026-10-09,not_real_estate
556421-8070,2026-10-09,not_real_estate
556421-8252,2026-10-09,not_real_estate
556421-8906,2026-10-09,below_threshold
556421-9284,2026-10-09,not_real_estate
556421-9581,2026-10-09,below_threshold
556422-1314,2026-10-09,not_real_estate
556422-1553,2026-10-09,not_real_estate
556422-2189,2026-10-09,not_real_estate
556422-2312,2026-10-09,no_digital_report
556422-2536,2026-10-09,not_real_estate
556422-2668,2026-10-09,no_digital_report
556422-3955,2026-10-09,not_real_estate
556422-4631,2026-10-09,below_threshold
556422-5794,2026-10-09,not_real_estate
556422-6693,2026-10-09,not_real_estate
556422-7345,2026-10-09,below_threshold
556422-7584,2026-10-09,not_real_estate
556422-8178,2026-10-09,not_real_estate
556422-9010,2026-10-09,not_real_estate
556422-9119,2026-10-09,not_real_estate
556423-0240,2026-10-09,not_real_estate
556423-0265,2026-10-09,below_threshold
556423-0489,2026-10-09,below_threshold
556423-0786,2026-10-09,not_real_estate
556423-0828,2026-10-09,below_threshold
556423-0844,2026-10-09,not_real_estate
556423-1164,2026-10-09,no_digital_report
556423-2170,2026-10-09,not_real_estate
556423-2535,2026-10-09,not_real_estate
556423-2824,2026-10-09,not_real_estate
556423-2931,2026-10-09,not_real_estate
556423-3350,2026-10-09,no_digital_report
556423-4390,2026-10-09,no_digital_report
556423-4432,2026-10-09,not_real_estate
556423-4937,2026-10-09,no_digital_report
556423-5157,2026-10-09,not_real_estate
556423-5348,2026-10-09,not_real_estate
556423-5579,2026-10-09,not_real_estate
556423-5801,2026-10-09,not_real_estate
556423-5918,2026-10-09,below_threshold
556423-6007,2026-10-09,below_threshold
556423-6445,2026-10-09,below_threshold
556423-6817,2026-10-09,not_real_estate
556423-7013,2026-10-09,no_digital_report
556423-7120,2026-10-09,below_threshold
556423-7690,2026-10-09,not_real_estate
556423-8110,2026-10-09,not_real_estate
556423-8532,2026-10-09,no_digital_report
556423-8953,2026-10-09,not_real_estate
556423-9365,2026-10-09,not_real_estate
556424-0132,2026-10-09,not_real_estate
556424-0199,2026-10-09,no_digital_report
556424-0413,2026-10-09,below_threshold
556424-0793,2026-10-09,no_digital_report
556424-0819,2026-10-09,not_real_estate
556424-1296,2026-10-09,not_real_estate
556424-1361,2026-10-09,below_threshold
556424-1718,2026-10-09,below_threshold
556424-1908,2026-10-09,no_digital_report
556424-2112,2026-10-09,not_real_estate
556424-2500,2026-10-09,not_real_estate
556424-2518,2026-10-09,no_digital_report
556424-2542,2026-10-09,no_digital_report
556424-2955,2026-10-09,not_real_estate
556424-3367,2026-10-09,no_digital_report
556424-3599,2026-10-09,not_real_estate
556424-3672,2026-10-09,no_digital_report
556424-3847,2026-10-09,not_real_estate
556424-4712,2026-10-09,not_real_estate
556424-4746,2026-10-09,not_real_estate
556424-5255,2026-10-09,not_real_estate
556424-5602,2026-10-09,below_threshold
556424-6881,2026-10-09,not_real_estate
556424-7392,2026-10-09,not_real_estate
556424-8846,2026-10-09,not_real_estate
556424-8937,2026-10-09,not_real_estate
556424-9091,2026-10-09,not_real_estate
556424-9513,2026-10-09,not_real_estate
556424-9711,2026-10-09,not_real_estate
556424-9778,2026-10-09,below_threshold
556425-0016,2026-10-09,not_real_estate
556425-0735,2026-10-09,not_real_estate
556425-0792,2026-10-09,below_threshold
556425-0818,2026-10-09,not_real_estate
556425-0925,2026-10-09,not_real_estate
556425-0933,2026-10-09,not_real_estate
556425-1162,2026-10-09,not_real_estate
556425-1352,2026-10-09,not_real_estate
556425-1436,2026-10-09,below_threshold
556425-1568,2026-10-09,not_real_estate
556425-1584,2026-10-09,not_real_estate
556425-1659,2026-10-09,not_real_estate
556425-2145,2026-10-09,not_real_estate
556425-3283,2026-10-09,not_real_estate
556425-3390,2026-10-09,not_real_estate
556425-3796,2026-10-09,below_threshold
556425-4315,2026-10-09,not_real_estate
556425-4737,2026-10-09,not_real_estate
556425-5411,2026-10-09,not_real_estate
556425-5569,2026-10-09,not_real_estate
556425-6401,2026-10-09,not_real_estate
556425-6435,2026-10-09,not_real_estate
556425-6559,2026-10-09,not_real_estate
556425-7227,2026-10-09,not_real_estate
556425-7854,2026-10-09,no_digital_report
556425-8423,2026-10-09,not_real_estate
556425-8498,2026-10-09,not_real_estate
556425-8589,2026-10-09,not_real_estate
556425-8829,2026-10-09,below_threshold
556425-8845,2026-10-09,not_real_estate
556425-8902,2026-10-09,not_real_estate
556425-9363,2026-10-09,below_threshold
556426-0858,2026-10-09,not_real_estate
556426-1195,2026-10-09,not_real_estate
556426-1302,2026-10-09,not_real_estate
556426-1534,2026-10-09,not_real_estate
556426-3175,2026-10-09,not_real_estate
556426-3290,2026-10-09,no_digital_report
556426-3365,2026-10-09,not_real_estate
556426-3423,2026-10-09,not_real_estate
556426-3654,2026-10-09,no_digital_report
556426-3928,2026-10-09,not_real_estate
556426-4041,2026-10-09,below_threshold
556426-4124,2026-10-09,not_real_estate
556426-4470,2026-10-09,not_real_estate
556426-5089,2026-10-09,below_threshold
556426-5899,2026-10-09,not_real_estate
556426-6632,2026-10-09,not_real_estate
556426-7473,2026-10-09,not_real_estate
556426-7580,2026-10-09,not_real_estate
556426-7812,2026-10-09,kept
556426-7986,2026-10-09,not_real_estate
556426-8380,2026-10-09,below_threshold
556427-0535,2026-10-09,not_real_estate
556427-1335,2026-10-09,not_real_estate
556427-1616,2026-10-09,below_threshold
556427-2671,2026-10-09,not_real_estate
556427-2705,2026-10-09,no_digital_report
556427-3091,2026-10-09,no_digital_report
556427-3273,2026-10-09,below_threshold
556427-3935,2026-10-09,not_real_estate
556427-4313,2026-10-09,not_real_estate
556427-4933,2026-10-09,below_threshold
556427-5203,2026-10-09,not_real_estate
556427-6854,2026-10-09,not_real_estate
556427-6979,2026-10-09,no_digital_report
556427-7076,2026-10-09,below_threshold
556427-7803,2026-10-09,not_real_estate
556427-7860,2026-10-09,not_real_estate
556427-8272,2026-10-09,not_real_estate
556427-8579,2026-10-09,not_real_estate
556427-8736,2026-10-09,not_real_estate
556427-9056,2026-10-09,not_real_estate
556428-0229,2026-10-09,not_real_estate
556428-0872,2026-10-09,not_real_estate
556428-1607,2026-10-09,not_real_estate
556428-2365,2026-10-09,not_real_estate
556428-2910,2026-10-09,not_real_estate
556428-2993,2026-10-09,below_threshold
556428-3579,2026-10-09,no_digital_report
556428-4106,2026-10-09,not_real_estate
556428-4221,2026-10-09,below_threshold
556428-4643,2026-10-09,no_digital_report
556428-4809,2026-10-09,not_real_estate
556428-5251,2026-10-09,not_real_estate
556428-5509,2026-10-09,no_digital_report
556428-5707,2026-10-09,below_threshold
556428-5806,2026-10-09,no_digital_report
556428-5988,2026-10-09,not_real_estate
556428-6127,2026-10-09,not_real_estate
556428-6176,2026-10-09,below_threshold
556428-6671,2026-10-09,not_real_estate
556428-7885,2026-10-09,not_real_estate
556428-8065,2026-10-09,not_real_estate
556428-9287,2026-10-09,not_real_estate
556428-9873,2026-10-09,below_threshold
556429-0368,2026-10-09,kept
556429-1804,2026-10-09,no_digital_report
556429-2133,2026-10-09,not_real_estate
556429-2299,2026-10-09,not_real_estate
556429-2398,2026-10-09,below_threshold
556429-2711,2026-10-09,no_digital_report
556429-3024,2026-10-09,below_threshold
556429-4857,2026-10-09,not_real_estate
556429-5052,2026-10-09,not_real_estate
556429-5888,2026-10-09,not_real_estate
556429-5987,2026-10-09,kept
556429-6191,2026-10-09,not_real_estate
556429-6266,2026-10-09,not_real_estate
556429-6936,2026-10-09,below_threshold
556429-6951,2026-10-09,not_real_estate
556429-7132,2026-10-09,not_real_estate
556429-7223,2026-10-09,not_real_estate
556429-7868,2026-10-09,not_real_estate
556429-8338,2026-10-09,not_real_estate
556429-8841,2026-10-09,not_real_estate
556429-9005,2026-10-09,not_real_estate
556429-9518,2026-10-09,no_digital_report
556429-9997,2026-10-09,not_real_estate
556430-0142,2026-10-09,not_real_estate
556430-0357,2026-10-09,not_real_estate
556430-0647,2026-10-09,below_threshold
556430-0720,2026-10-09,not_real_estate
556430-1702,2026-10-09,not_real_estate
556430-2569,2026-10-09,not_real_estate
556430-3617,2026-10-09,below_threshold
556430-4201,2026-10-09,not_real_estate
556430-4474,2026-10-09,no_digital_report
556430-6222,2026-10-09,not_real_estate
556430-6354,2026-10-09,not_real_estate
556430-6586,2026-10-09,not_real_estate
556430-6636,2026-10-09,no_digital_report
556430-6651,2026-10-09,not_real_estate
556430-6727,2026-10-09,no_digital_report
556430-7204,2026-10-09,not_real_estate
556430-8137,2026-10-09,not_real_estate
556430-8277,2026-10-09,not_real_estate
556430-9655,2026-10-09,not_real_estate
556430-9911,2026-10-09,no_digital_report
556431-0489,2026-10-09,not_real_estate
556431-0588,2026-10-09,not_real_estate
556431-0984,2026-10-09,below_threshold
556431-1057,2026-10-09,not_real_estate
556431-1578,2026-10-09,not_real_estate
556431-2691,2026-10-09,not_real_estate
556431-2881,2026-10-09,not_real_estate
556431-2964,2026-10-09,no_digital_report
556431-4747,2026-10-09,not_real_estate
556431-4887,2026-10-09,not_real_estate
556431-5330,2026-10-09,not_real_estate
556431-5363,2026-10-09,not_real_estate
556431-5439,2026-10-09,below_threshold
556431-6106,2026-10-09,not_real_estate
556431-6650,2026-10-09,below_threshold
556431-7336,2026-10-09,no_digital_report
556431-7617,2026-10-09,no_digital_report
556431-7781,2026-10-09,below_threshold
556431-8052,2026-10-09,not_real_estate
556431-8185,2026-10-09,not_real_estate
556431-8987,2026-10-09,not_real_estate
556431-9746,2026-10-09,not_real_estate
556432-0462,2026-10-09,kept
556432-0512,2026-10-09,below_threshold
556432-0553,2026-10-09,no_digital_report
556432-1452,2026-10-09,not_real_estate
556432-2047,2026-10-09,not_real_estate
556432-2799,2026-10-09,below_threshold
556432-3045,2026-10-09,no_digital_report
556432-3102,2026-10-09,not_real_estate
556432-3557,2026-10-09,below_threshold
556432-4118,2026-10-09,not_real_estate
556432-4480,2026-10-09,not_real_estate
556432-4886,2026-10-09,not_real_estate
556432-5016,2026-10-09,below_threshold
556432-5735,2026-10-09,below_threshold
556432-6568,2026-10-09,below_threshold
556432-6808,2026-10-09,not_real_estate
556432-7111,2026-10-09,not_real_estate
556432-7285,2026-10-09,no_digital_report
556432-8051,2026-10-09,not_real_estate
556432-8291,2026-10-09,not_real_estate
556432-8374,2026-10-09,below_threshold
556432-8473,2026-10-09,not_real_estate
556432-8838,2026-10-09,not_real_estate
556432-9026,2026-10-09,below_threshold
556432-9182,2026-10-09,below_threshold
556432-9612,2026-10-09,kept
556432-9786,2026-10-09,below_threshold
556432-9810,2026-10-09,not_real_estate
556433-0370,2026-10-09,no_digital_report
556433-1030,2026-10-09,below_threshold
556433-1675,2026-10-09,no_digital_report
556433-2558,2026-10-09,not_real_estate
556433-2699,2026-10-09,below_threshold
556433-2749,2026-10-09,no_digital_report
556433-3135,2026-10-09,below_threshold
556433-3440,2026-10-09,not_real_estate
556433-3515,2026-10-09,below_threshold
556433-3747,2026-10-09,no_digital_report
556433-4026,2026-10-09,not_real_estate
556433-5841,2026-10-09,not_real_estate
556433-5890,2026-10-09,no_digital_report
556433-6179,2026-10-09,no_digital_report
556433-6401,2026-10-09,not_real_estate
556433-6641,2026-10-09,not_real_estate
556433-6997,2026-10-09,not_real_estate
556433-7516,2026-10-09,not_real_estate
556433-7532,2026-10-09,not_real_estate
556433-8506,2026-10-09,below_threshold
556433-9314,2026-10-09,no_digital_report
556433-9421,2026-10-09,not_real_estate
556433-9470,2026-10-09,not_real_estate
556433-9538,2026-10-09,not_real_estate
556434-0320,2026-10-09,not_real_estate
556434-1765,2026-10-09,not_real_estate
556434-2334,2026-10-09,below_threshold
556434-2607,2026-10-09,below_threshold
556434-3050,2026-10-09,not_real_estate
556434-3696,2026-10-09,not_real_estate
556434-4124,2026-10-09,not_real_estate
556434-4579,2026-10-09,no_digital_report
556434-4702,2026-10-09,below_threshold
556434-5287,2026-10-09,not_real_estate
556434-6012,2026-10-09,not_real_estate
556434-6616,2026-10-09,below_threshold
556434-7184,2026-10-09,not_real_estate
556434-7291,2026-10-09,not_real_estate
556434-7424,2026-10-09,kept
556434-8380,2026-10-09,not_real_estate
556435-0444,2026-10-09,not_real_estate
556435-0576,2026-10-09,no_digital_report
556435-0758,2026-10-09,not_real_estate
556435-0766,2026-10-09,below_threshold
556435-1731,2026-10-09,not_real_estate
556435-1798,2026-10-09,no_digital_report
556435-2242,2026-10-09,not_real_estate
556435-3331,2026-10-09,not_real_estate
556435-3364,2026-10-09,below_threshold
556435-4545,2026-10-09,below_threshold
556435-6177,2026-10-09,no_digital_report
556435-6656,2026-10-09,no_digital_report
556435-6839,2026-10-09,not_real_estate
556435-7282,2026-10-09,below_threshold
556435-7340,2026-10-09,not_real_estate
556435-7969,2026-10-09,not_real_estate
556435-8173,2026-10-09,not_real_estate
556435-8942,2026-10-09,not_real_estate
556435-9130,2026-10-09,below_threshold
556435-9205,2026-10-09,no_digital_report
556435-9429,2026-10-09,not_real_estate
556435-9916,2026-10-09,not_real_estate
556436-0096,2026-10-09,no_digital_report
556436-0492,2026-10-09,not_real_estate
556436-0666,2026-10-09,not_real_estate
556436-0765,2026-10-09,not_real_estate
556436-0872,2026-10-09,below_threshold
556436-1003,2026-10-09,not_real_estate
556436-2258,2026-10-09,not_real_estate
556436-2340,2026-10-09,not_real_estate
556436-2738,2026-10-09,below_threshold
556436-2910,2026-10-09,not_real_estate
556436-2969,2026-10-09,not_real_estate
556436-2993,2026-10-09,below_threshold
556436-5434,2026-10-09,not_real_estate
556436-5640,2026-10-09,not_real_estate
556436-5830,2026-10-09,not_real_estate
556436-5988,2026-10-09,no_digital_report
556436-6291,2026-10-09,not_real_estate
556436-7000,2026-10-09,no_digital_report
556436-8164,2026-10-09,below_threshold
556436-8248,2026-10-09,not_real_estate
556436-8347,2026-10-09,not_real_estate
556436-8560,2026-10-09,not_real_estate
556436-8628,2026-10-09,not_real_estate
556436-9055,2026-10-09,not_real_estate
556436-9436,2026-10-09,not_real_estate
556436-9907,2026-10-09,no_digital_report
556437-1366,2026-10-09,not_real_estate
556437-1424,2026-10-09,no_digital_report
556437-2935,2026-10-09,not_real_estate
556437-3313,2026-10-09,no_digital_report
556437-3594,2026-10-09,no_digital_report
556437-3610,2026-10-09,not_real_estate
556437-3909,2026-10-09,below_threshold
556437-5318,2026-10-09,no_digital_report
556437-5755,2026-10-09,not_real_estate
556437-5847,2026-10-09,not_real_estate
556437-6977,2026-10-09,not_real_estate
556437-7215,2026-10-09,not_real_estate
556437-7272,2026-10-09,no_digital_report
556437-7538,2026-10-09,kept
556437-8163,2026-10-09,not_real_estate
556437-8205,2026-10-09,not_real_estate
556437-8700,2026-10-09,below_threshold
556437-9021,2026-10-09,below_threshold
556437-9138,2026-10-09,no_digital_report
556437-9245,2026-10-09,not_real_estate
556437-9294,2026-10-09,not_real_estate
556437-9682,2026-10-09,below_threshold
556438-0060,2026-10-09,below_threshold
556438-0730,2026-10-09,not_real_estate
556438-1241,2026-10-09,not_real_estate
556438-1647,2026-10-09,not_real_estate
556438-2223,2026-10-09,below_threshold
556438-2587,2026-10-09,not_real_estate
556438-2702,2026-10-09,not_real_estate
556438-2926,2026-10-09,not_real_estate
556438-4021,2026-10-09,below_threshold
556438-4617,2026-10-09,not_real_estate
556438-5051,2026-10-09,not_real_estate
556438-5168,2026-10-09,kept
556438-5846,2026-10-09,not_real_estate
556438-6588,2026-10-09,not_real_estate
556438-6604,2026-10-09,not_real_estate
556438-7115,2026-10-09,no_digital_report
556438-7602,2026-10-09,kept
556438-8287,2026-10-09,not_real_estate
556438-8634,2026-10-09,no_digital_report
556438-9459,2026-10-09,not_real_estate
556438-9715,2026-10-09,not_real_estate
556439-0069,2026-10-09,not_real_estate
556439-0242,2026-10-09,below_threshold
556439-0408,2026-10-09,not_real_estate
556439-0747,2026-10-09,not_real_estate
556439-1596,2026-10-09,not_real_estate
556439-1646,2026-10-09,no_digital_report
556439-1703,2026-10-09,no_digital_report
556439-1893,2026-10-09,no_digital_report
556439-2388,2026-10-09,not_real_estate
556439-3048,2026-10-09,not_real_estate
556439-3576,2026-10-09,not_real_estate
556439-3782,2026-10-09,not_real_estate
556439-4889,2026-10-09,not_real_estate
556439-4988,2026-10-09,not_real_estate
556439-5480,2026-10-09,not_real_estate
556439-5605,2026-10-09,not_real_estate
556439-5779,2026-10-09,no_digital_report
556439-6199,2026-10-09,not_real_estate
556439-6389,2026-10-09,not_real_estate
556439-7114,2026-10-09,no_digital_report
556439-7130,2026-10-09,not_real_estate
556439-7429,2026-10-09,no_digital_report
556439-7544,2026-10-09,not_real_estate
556439-8781,2026-10-09,not_real_estate
556439-9508,2026-10-09,no_digital_report
556440-1106,2026-10-09,not_real_estate
556440-1296,2026-10-09,not_real_estate
556440-1866,2026-10-09,no_digital_report
556440-1973,2026-10-09,not_real_estate
556440-2575,2026-10-09,not_real_estate
556440-2666,2026-10-09,not_real_estate
556440-2823,2026-10-09,below_threshold
556440-3458,2026-10-09,not_real_estate
556440-3565,2026-10-09,below_threshold
556440-4134,2026-10-09,below_threshold
556440-4423,2026-10-09,not_real_estate
556440-4803,2026-10-09,no_digital_report
556440-5230,2026-10-09,not_real_estate
556440-5636,2026-10-09,not_real_estate
556440-5719,2026-10-09,no_digital_report
556440-5982,2026-10-09,no_digital_report
556440-6832,2026-10-09,not_real_estate
556440-6923,2026-10-09,not_real_estate
556440-8481,2026-10-09,not_real_estate
556440-9331,2026-10-09,below_threshold
556440-9497,2026-10-09,not_real_estate
556440-9802,2026-10-09,below_threshold
556440-9893,2026-10-09,below_threshold
556441-0446,2026-10-09,no_digital_report
556441-1733,2026-10-09,below_threshold
556441-3770,2026-10-09,not_real_estate
556441-4489,2026-10-09,not_real_estate
556441-4679,2026-10-09,not_real_estate
556441-4703,2026-10-09,not_real_estate
556441-5023,2026-10-09,not_real_estate
556441-5403,2026-10-09,no_digital_report
556441-5742,2026-10-09,not_real_estate
556441-5874,2026-10-09,not_real_estate
556441-6682,2026-10-09,not_real_estate
556441-7284,2026-10-09,not_real_estate
556441-7342,2026-10-09,not_real_estate
556441-7979,2026-10-09,not_real_estate
556441-8126,2026-10-09,not_real_estate
556441-8712,2026-10-09,not_real_estate
556441-9017,2026-10-09,not_real_estate
556441-9595,2026-10-09,below_threshold
556442-0916,2026-10-09,not_real_estate
556442-1492,2026-10-09,not_real_estate
556442-1765,2026-10-09,not_real_estate
556442-1989,2026-10-09,not_real_estate
556442-2003,2026-10-09,not_real_estate
556442-3142,2026-10-09,below_threshold
556442-3506,2026-10-09,not_real_estate
556442-4611,2026-10-09,not_real_estate
556442-4728,2026-10-09,no_digital_report
556442-5493,2026-10-09,not_real_estate
556442-5584,2026-10-09,below_threshold
556442-7143,2026-10-09,no_digital_report
556442-7457,2026-10-09,not_real_estate
556442-8216,2026-10-09,not_real_estate
556442-8547,2026-10-09,not_real_estate
556442-9040,2026-10-09,below_threshold
556442-9206,2026-10-09,no_digital_report
556443-0501,2026-10-09,below_threshold
556443-1947,2026-10-09,no_digital_report
556443-2382,2026-10-09,not_real_estate
556443-3455,2026-10-09,not_real_estate
556443-3927,2026-10-09,not_real_estate
556443-4065,2026-10-09,not_real_estate
556443-4479,2026-10-09,no_digital_report
556443-4776,2026-10-09,below_threshold
556443-5799,2026-10-09,not_real_estate
556443-6011,2026-10-09,not_real_estate
556443-6508,2026-10-09,kept
556443-6847,2026-10-09,below_threshold
556443-7027,2026-10-09,below_threshold
556443-7043,2026-10-09,not_real_estate
556443-7225,2026-10-09,not_real_estate
556443-7738,2026-10-09,not_real_estate
556443-7795,2026-10-09,no_digital_report
556443-8132,2026-10-09,no_digital_report
556443-8579,2026-10-09,not_real_estate
556443-9320,2026-10-09,not_real_estate
556444-1292,2026-10-09,not_real_estate
556444-1490,2026-10-09,not_real_estate
556444-1938,2026-10-09,not_real_estate
556444-2324,2026-10-09,no_digital_report
556444-2977,2026-10-09,below_threshold
556444-3413,2026-10-09,below_threshold
556444-3520,2026-10-09,not_real_estate
556444-4247,2026-10-09,not_real_estate
556444-4361,2026-10-09,not_real_estate
556444-5616,2026-10-09,no_digital_report
556444-6358,2026-10-09,not_real_estate
556444-8057,2026-10-09,no_digital_report
556444-8321,2026-10-09,not_real_estate
556444-8354,2026-10-09,below_threshold
556444-8552,2026-10-09,below_threshold
556444-8842,2026-10-09,not_real_estate
556444-9337,2026-10-09,not_real_estate
556444-9824,2026-10-09,not_real_estate
556445-0087,2026-10-09,no_digital_report
556445-0806,2026-10-09,not_real_estate
556445-1176,2026-10-09,below_threshold
556445-1986,2026-10-09,below_threshold
556445-2851,2026-10-09,no_digital_report
556445-3131,2026-10-09,not_real_estate
556445-4279,2026-10-09,not_real_estate
556445-4501,2026-10-09,below_threshold
556445-4584,2026-10-09,no_digital_report
556445-4998,2026-10-09,kept
556445-5045,2026-10-09,no_digital_report
556445-5409,2026-10-09,not_real_estate
556445-6795,2026-10-09,not_real_estate
556445-7405,2026-10-09,not_real_estate
556445-9195,2026-10-09,below_threshold
556445-9526,2026-10-09,not_real_estate
556445-9773,2026-10-09,kept
556446-0433,2026-10-09,not_real_estate
556446-2280,2026-10-09,below_threshold
556446-2421,2026-10-09,no_digital_report
556446-2942,2026-10-09,not_real_estate
556446-3403,2026-10-09,not_real_estate
556446-4914,2026-10-09,not_real_estate
556446-6448,2026-10-09,below_threshold
556446-6505,2026-10-09,not_real_estate
556446-7727,2026-10-09,no_digital_report
556446-8402,2026-10-09,no_digital_report
556446-8469,2026-10-09,not_real_estate
556446-8501,2026-10-09,not_real_estate
556446-8733,2026-10-09,not_real_estate
556446-9483,2026-10-09,not_real_estate
556447-0002,2026-10-09,below_threshold
556447-1182,2026-10-09,below_threshold
556447-1257,2026-10-09,below_threshold
556447-1778,2026-10-09,not_real_estate
556447-2024,2026-10-09,not_real_estate
556447-2925,2026-10-09,no_digital_report
556447-2974,2026-10-09,not_real_estate
556447-4269,2026-10-09,below_threshold
556447-4277,2026-10-09,not_real_estate
556447-4343,2026-10-09,not_real_estate
556447-5233,2026-10-09,no_digital_report
556447-5571,2026-10-09,below_threshold
556447-5860,2026-10-09,no_digital_report
556447-6082,2026-10-09,below_threshold
556447-6678,2026-10-09,not_real_estate
556447-6934,2026-10-09,below_threshold
556447-8245,2026-10-09,not_real_estate
556447-8500,2026-10-09,not_real_estate
556447-9086,2026-10-09,not_real_estate
556447-9367,2026-10-09,kept
556448-0944,2026-10-09,below_threshold
556448-2353,2026-10-09,not_real_estate
556448-2635,2026-10-09,not_real_estate
556448-2916,2026-10-09,no_digital_report
556448-4482,2026-10-09,not_real_estate
556448-4680,2026-10-09,not_real_estate
556448-5059,2026-10-09,no_digital_report
556448-5166,2026-10-09,no_digital_report
556448-5547,2026-10-09,not_real_estate
556448-6982,2026-10-09,not_real_estate
556448-9119,2026-10-09,not_real_estate
556448-9176,2026-10-09,no_digital_report
556448-9416,2026-10-09,below_threshold
556448-9895,2026-10-09,not_real_estate
556448-9911,2026-10-09,below_threshold
556449-1479,2026-10-09,not_real_estate
556449-1503,2026-10-09,not_real_estate
556449-1610,2026-10-09,not_real_estate
556449-1941,2026-10-09,not_real_estate
556449-3285,2026-10-09,not_real_estate
556449-3426,2026-10-09,no_digital_report
556449-4093,2026-10-09,below_threshold
556449-4275,2026-10-09,not_real_estate
556449-4408,2026-10-09,not_real_estate
556449-4747,2026-10-09,not_real_estate
556449-4812,2026-10-09,below_threshold
556449-5439,2026-10-09,not_real_estate
556449-6510,2026-10-09,below_threshold
556449-6767,2026-10-09,not_real_estate
556449-7237,2026-10-09,no_digital_report
556449-7435,2026-10-09,not_real_estate
556449-7617,2026-10-09,no_digital_report
556449-7716,2026-10-09,no_digital_report
556449-7856,2026-10-09,not_real_estate
556449-8052,2026-10-09,not_real_estate
556449-9175,2026-10-09,below_threshold
556450-0360,2026-10-09,no_digital_report
556450-1525,2026-10-09,not_real_estate
556450-2663,2026-10-09,not_real_estate
556450-3331,2026-10-09,not_real_estate
556450-3737,2026-10-09,below_threshold
556450-4610,2026-10-09,no_digital_report
556450-4842,2026-10-09,not_real_estate
556450-5898,2026-10-09,no_digital_report
556450-7464,2026-10-09,not_real_estate
556450-8264,2026-10-09,below_threshold
556450-8553,2026-10-09,no_digital_report
556450-9767,2026-10-09,not_real_estate
556451-0807,2026-10-09,not_real_estate
556451-0849,2026-10-09,no_digital_report
556451-0971,2026-10-09,not_real_estate
556451-1045,2026-10-09,not_real_estate
556451-1987,2026-10-09,not_real_estate
556451-2001,2026-10-09,no_digital_report
556451-2407,2026-10-09,not_real_estate
556451-2639,2026-10-09,not_real_estate
556451-3280,2026-10-09,not_real_estate
556451-4635,2026-10-09,not_real_estate
556451-4825,2026-10-09,no_digital_report
556451-5087,2026-10-09,below_threshold
556451-6119,2026-10-09,below_threshold
556451-6226,2026-10-09,not_real_estate
556451-6762,2026-10-09,not_real_estate
556451-8610,2026-10-09,not_real_estate
556451-9154,2026-10-09,not_real_estate
556452-0079,2026-10-09,not_real_estate
556452-0095,2026-10-09,not_real_estate
556452-0640,2026-10-09,not_real_estate
556452-4212,2026-10-09,not_real_estate
556452-4931,2026-10-09,not_real_estate
556452-4980,2026-10-09,not_real_estate
556452-5235,2026-10-09,not_real_estate
556452-5284,2026-10-09,not_real_estate
556452-5292,2026-10-09,not_real_estate
556452-6084,2026-10-09,no_digital_report
556452-6464,2026-10-09,below_threshold
556452-7397,2026-10-09,not_real_estate
556452-7405,2026-10-09,no_digital_report
556452-7512,2026-10-09,not_real_estate
556452-8858,2026-10-09,not_real_estate
556452-9518,2026-10-09,no_digital_report
556452-9963,2026-10-09,not_real_estate
556453-0201,2026-10-09,no_digital_report
556453-0227,2026-10-09,no_digital_report
556453-0649,2026-10-09,not_real_estate
556453-0680,2026-10-09,not_real_estate
556453-1738,2026-10-09,no_digital_report
556453-3098,2026-10-09,not_real_estate
556453-3197,2026-10-09,not_real_estate
556453-3478,2026-10-09,not_real_estate
556453-3486,2026-10-09,not_real_estate
556453-4500,2026-10-09,not_real_estate
556453-5747,2026-10-09,not_real_estate
556453-5788,2026-10-09,not_real_estate
556453-5804,2026-10-09,no_digital_report
556453-5952,2026-10-09,not_real_estate
556453-6042,2026-10-09,not_real_estate
556453-6554,2026-10-09,not_real_estate
556453-6976,2026-10-09,not_real_estate
556453-8634,2026-10-09,not_real_estate
556453-8683,2026-10-09,no_digital_report
556453-9053,2026-10-09,below_threshold
556453-9335,2026-10-09,not_real_estate
556453-9566,2026-10-09,not_real_estate
556453-9749,2026-10-09,not_real_estate
556454-0713,2026-10-09,no_digital_report
556454-1851,2026-10-09,not_real_estate
556454-3006,2026-10-09,not_real_estate
556454-3436,2026-10-09,below_threshold
556454-4491,2026-10-09,not_real_estate
556454-4525,2026-10-09,not_real_estate
556454-4533,2026-10-09,not_real_estate
556454-4673,2026-10-09,below_threshold
556454-5548,2026-10-09,not_real_estate
556454-6199,2026-10-09,no_digital_report
556454-6280,2026-10-09,not_real_estate
556454-6363,2026-10-09,not_real_estate
556454-7593,2026-10-09,no_digital_report
556454-7981,2026-10-09,below_threshold
556454-8872,2026-10-09,kept
556454-9250,2026-10-09,not_real_estate
556455-0456,2026-10-09,not_real_estate
556455-1330,2026-10-09,not_real_estate
556455-1389,2026-10-09,not_real_estate
556455-2429,2026-10-09,not_real_estate
556455-3658,2026-10-09,not_real_estate
556455-5281,2026-10-09,not_real_estate
556455-6289,2026-10-09,not_real_estate
556455-6909,2026-10-09,no_digital_report
556455-7683,2026-10-09,not_real_estate
556455-8889,2026-10-09,no_digital_report
556455-9119,2026-10-09,not_real_estate
556455-9143,2026-10-09,not_real_estate
556455-9796,2026-10-09,below_threshold
556456-0273,2026-10-09,not_real_estate
556456-0372,2026-10-09,not_real_estate
556456-0471,2026-10-09,not_real_estate
556456-1701,2026-10-09,below_threshold
556456-2055,2026-10-09,no_digital_report
556456-5389,2026-10-09,not_real_estate
556456-5652,2026-10-09,not_real_estate
556456-6486,2026-10-09,no_digital_report
556456-6643,2026-10-09,not_real_estate
556456-6858,2026-10-09,not_real_estate
556456-7500,2026-10-09,below_threshold
556456-8094,2026-10-09,not_real_estate
556456-8946,2026-10-09,not_real_estate
556456-9209,2026-10-09,not_real_estate
556456-9316,2026-10-09,not_real_estate
556456-9498,2026-10-09,below_threshold
556457-0611,2026-10-09,below_threshold
556457-1312,2026-10-09,not_real_estate
556457-2856,2026-10-09,not_real_estate
556457-3417,2026-10-09,below_threshold
556457-3763,2026-10-09,not_real_estate
556457-4522,2026-10-09,not_real_estate
556457-5552,2026-10-09,not_real_estate
556457-6857,2026-10-09,no_digital_report
556457-6923,2026-10-09,not_real_estate
556457-6949,2026-10-09,below_threshold
556457-7772,2026-10-09,not_real_estate
556457-9265,2026-10-09,not_real_estate
556457-9745,2026-10-09,no_digital_report
556457-9984,2026-10-09,below_threshold
556458-0297,2026-10-09,no_digital_report
556458-1295,2026-10-09,no_digital_report
556458-2558,2026-10-09,no_digital_report
556458-3440,2026-10-09,not_real_estate
556458-3598,2026-10-09,not_real_estate
556458-3697,2026-10-09,not_real_estate
556458-4018,2026-10-09,not_real_estate
556458-4729,2026-10-09,not_real_estate
556458-5932,2026-10-09,not_real_estate
556458-5965,2026-10-09,not_real_estate
556458-6286,2026-10-09,not_real_estate
556458-6435,2026-10-09,no_digital_report
556458-7375,2026-10-09,below_threshold
556458-7581,2026-10-09,no_digital_report
556458-8639,2026-10-09,no_digital_report
556458-9827,2026-10-09,no_digital_report
556458-9959,2026-10-09,below_threshold
556459-1013,2026-10-09,no_digital_report
556459-3100,2026-10-09,not_real_estate
556459-3639,2026-10-09,below_threshold
556459-3837,2026-10-09,no_digital_report
556459-4447,2026-10-09,no_digital_report
556459-4488,2026-10-09,not_real_estate
556459-5261,2026-10-09,not_real_estate
556459-6921,2026-10-09,not_real_estate
556459-7374,2026-10-09,no_digital_report
556459-7531,2026-10-09,not_real_estate
556460-0921,2026-10-09,not_real_estate
556460-1820,2026-10-09,not_real_estate
556460-3669,2026-10-09,not_real_estate
556460-5318,2026-10-09,not_real_estate
556460-6100,2026-10-09,not_real_estate
556460-6373,2026-10-09,below_threshold
556460-6902,2026-10-09,not_real_estate
556460-8015,2026-10-09,not_real_estate
556460-8890,2026-10-09,not_real_estate
556460-9922,2026-10-09,no_digital_report
556461-0441,2026-10-09,kept
556461-1282,2026-10-09,not_real_estate
556461-2421,2026-10-09,not_real_estate
556461-5630,2026-10-09,no_digital_report
556461-7172,2026-10-09,below_threshold
556461-7198,2026-10-09,not_real_estate
556461-8055,2026-10-09,below_threshold
556461-8196,2026-10-09,not_real_estate
556461-8394,2026-10-09,not_real_estate
556461-8550,2026-10-09,below_threshold
556461-9145,2026-10-09,no_digital_report
556462-0705,2026-10-09,not_real_estate
556462-0721,2026-10-09,no_digital_report
556462-1703,2026-10-09,not_real_estate
556462-2453,2026-10-09,below_threshold
556462-2859,2026-10-09,not_real_estate
556462-2909,2026-10-09,not_real_estate
556462-3949,2026-10-09,not_real_estate
556462-4723,2026-10-09,not_real_estate
556462-5324,2026-10-09,no_digital_report
556462-5860,2026-10-09,no_digital_report
556462-7460,2026-10-09,no_digital_report
556462-7916,2026-10-09,no_digital_report
556462-8500,2026-10-09,not_real_estate
556462-8716,2026-10-09,no_digital_report
556462-8815,2026-10-09,not_real_estate
556462-8906,2026-10-09,not_real_estate
556462-9003,2026-10-09,below_threshold
556462-9508,2026-10-09,not_real_estate
556463-0316,2026-10-09,not_real_estate
556463-1611,2026-10-09,not_real_estate
556463-3286,2026-10-09,not_real_estate
556463-4896,2026-10-09,not_real_estate
556463-5166,2026-10-09,below_threshold
556463-5950,2026-10-09,not_real_estate
556463-6073,2026-10-09,no_digital_report
556463-6404,2026-10-09,not_real_estate
556463-7535,2026-10-09,not_real_estate
556463-8111,2026-10-09,not_real_estate
556463-9978,2026-10-09,not_real_estate
556464-0034,2026-10-09,not_real_estate
556464-0554,2026-10-09,not_real_estate
556464-0695,2026-10-09,not_real_estate
556464-2543,2026-10-09,no_digital_report
556464-5272,2026-10-09,no_digital_report
556464-5850,2026-10-09,no_digital_report
556464-6510,2026-10-09,not_real_estate
556464-8235,2026-10-09,not_real_estate
556464-9696,2026-10-09,below_threshold
556465-0157,2026-10-09,not_real_estate
556465-0413,2026-10-09,not_real_estate
556465-0629,2026-10-09,not_real_estate
556465-0645,2026-10-09,below_threshold
556465-1155,2026-10-09,not_real_estate
556465-1411,2026-10-09,below_threshold
556465-3458,2026-10-09,below_threshold
556465-4134,2026-10-09,no_digital_report
556465-5008,2026-10-09,below_threshold
556465-5818,2026-10-09,not_real_estate
556465-6717,2026-10-09,not_real_estate
556465-6923,2026-10-09,below_threshold
556465-7277,2026-10-09,no_digital_report
556465-7285,2026-10-09,not_real_estate
556465-7327,2026-10-09,no_digital_report
556465-8085,2026-10-09,not_real_estate
556465-8150,2026-10-09,not_real_estate
556466-0529,2026-10-09,no_digital_report
556466-1485,2026-10-09,not_real_estate
556466-1816,2026-10-09,no_digital_report
556466-1915,2026-10-09,not_real_estate
556466-2533,2026-10-09,no_digital_report
556466-4059,2026-10-09,not_real_estate
556466-4265,2026-10-09,no_digital_report
556466-7151,2026-10-09,not_real_estate
556466-8480,2026-10-09,no_digital_report
556466-9231,2026-10-09,not_real_estate
556466-9405,2026-10-09,below_threshold
556467-1328,2026-10-09,not_real_estate
556467-2938,2026-10-09,not_real_estate
556467-4348,2026-10-09,not_real_estate
556467-4868,2026-10-09,not_real_estate
556467-4983,2026-10-09,below_threshold
556467-5261,2026-10-09,not_real_estate
556467-7531,2026-10-09,no_digital_report
556467-8000,2026-10-09,not_real_estate
556467-8851,2026-10-09,no_digital_report
556467-9156,2026-10-09,no_digital_report
556467-9321,2026-10-09,no_digital_report
556467-9438,2026-10-09,not_real_estate
556468-1129,2026-10-09,below_threshold
556468-1467,2026-10-09,not_real_estate
556468-1632,2026-10-09,not_real_estate
556468-2747,2026-10-09,no_digital_report
556468-3018,2026-10-09,below_threshold
556468-3075,2026-10-09,not_real_estate
556468-3273,2026-10-09,not_real_estate
556468-3802,2026-10-09,not_real_estate
556468-4743,2026-10-09,not_real_estate
556468-5393,2026-10-09,not_real_estate
556468-7126,2026-10-09,not_real_estate
556468-7589,2026-10-09,not_real_estate
556468-9080,2026-10-09,below_threshold
556469-4791,2026-10-09,not_real_estate
556469-6523,2026-10-09,no_digital_report
556469-6671,2026-10-09,not_real_estate
556469-6721,2026-10-09,below_threshold
556469-7307,2026-10-09,not_real_estate
556470-0671,2026-10-09,not_real_estate
556470-2024,2026-10-09,kept
556470-2487,2026-10-09,not_real_estate
556470-3220,2026-10-09,no_digital_report
556470-4426,2026-10-09,no_digital_report
556470-5357,2026-10-09,not_real_estate
556470-5886,2026-10-09,not_real_estate
556470-7163,2026-10-09,no_digital_report
556470-7379,2026-10-09,not_real_estate
556470-8120,2026-10-09,below_threshold
556470-9144,2026-10-09,no_digital_report
556470-9284,2026-10-09,not_real_estate
556470-9516,2026-10-09,not_real_estate
556470-9631,2026-10-09,not_real_estate
556470-9789,2026-10-09,below_threshold
556471-2809,2026-10-09,not_real_estate
556471-4565,2026-10-09,not_real_estate
556471-4615,2026-10-09,not_real_estate
556471-4946,2026-10-09,not_real_estate
556471-7253,2026-10-09,no_digital_report
556471-7550,2026-10-09,no_digital_report
556471-8202,2026-10-09,not_real_estate
556472-1651,2026-10-09,not_real_estate
556472-4234,2026-10-09,not_real_estate
556472-4531,2026-10-09,no_digital_report
556472-7039,2026-10-09,not_real_estate
556472-7401,2026-10-09,no_digital_report
556472-7930,2026-10-09,no_digital_report
556472-8730,2026-10-09,not_real_estate
556472-9522,2026-10-09,not_real_estate
556473-4928,2026-10-09,not_real_estate
556473-5651,2026-10-09,no_digital_report
556473-7095,2026-10-09,not_real_estate
556473-7178,2026-10-09,not_real_estate
556473-7954,2026-10-09,not_real_estate
556474-0255,2026-10-09,not_real_estate
556474-2079,2026-10-09,not_real_estate
556474-4158,2026-10-09,not_real_estate
556474-4752,2026-10-09,below_threshold
556474-6666,2026-10-09,below_threshold
556474-7722,2026-10-09,not_real_estate
556474-8365,2026-10-09,not_real_estate
556475-5386,2026-10-09,not_real_estate
556475-7184,2026-10-09,no_digital_report
556475-7788,2026-10-09,not_real_estate
556477-0971,2026-10-09,no_digital_report
556477-6853,2026-10-09,not_real_estate
556477-8313,2026-10-09,not_real_estate
556478-1515,2026-10-09,below_threshold
556478-3958,2026-10-09,not_real_estate
556478-4667,2026-10-09,not_real_estate
556478-8221,2026-10-09,below_threshold
556478-8270,2026-10-09,no_digital_report
556478-8502,2026-10-09,not_real_estate
556479-4229,2026-10-09,not_real_estate
556479-8378,2026-10-09,no_digital_report
556481-4142,2026-10-09,not_real_estate
556483-3175,2026-10-09,not_real_estate
