{"type":"FeatureCollection","features":[{"type":"Feature","id":"1480R110","properties":{"code":"1480R110","name":"Olivedal Kommendantsängen"},"geometry":{"type":"Polygon","coordinates":[[[11.95258,57.69637],[11.95323,57.69584],[11.95418,57.69629],[11.95506,57.69542],[11.95584,57.69559],[11.95816,57.69525],[11.95723,57.69412],[11.95303,57.69048],[11.95176,57.69053],[11.95262,57.69295],[11.95147,57.69623],[11.95212,57.69644],[11.95258,57.69637]]]}},{"type":"Feature","id":"1480R111","properties":{"code":"1480R111","name":"Olivedal nordvästra"},"geometry":{"type":"Polygon","coordinates":[[[11.95256,57.69229],[11.95176,57.69053],[11.9489,57.69073],[11.94855,57.69098],[11.9482,57.69077],[11.94815,57.69653],[11.94777,57.69709],[11.95106,57.69743],[11.95258,57.69328],[11.95256,57.69229]]]}},{"type":"Feature","id":"1480R140","properties":{"code":"1480R140","name":"Tuve Norumshöjd"},"geometry":{"type":"Polygon","coordinates":[[[11.9188,57.75844],[11.92731,57.75783],[11.92823,57.75745],[11.92852,57.75692],[11.92842,57.75351],[11.92549,57.75339],[11.92138,57.7545],[11.92003,57.75465],[11.91995,57.75604],[11.9188,57.75844]]]}},{"type":"Feature","id":"1480R112","properties":{"code":"1480R112","name":"Olofshöjd"},"geometry":{"type":"Polygon","coordinates":[[[11.99249,57.68875],[11.99301,57.68855],[11.99385,57.68867],[11.99437,57.6876],[11.99513,57.68687],[11.9947,57.6868],[11.99498,57.68607],[11.99438,57.68553],[11.99428,57.68436],[11.99182,57.68568],[11.99086,57.68754],[11.9906,57.68845],[11.99249,57.68875]]]}},{"type":"Feature","id":"1480R116","properties":{"code":"1480R116","name":"Rambergsstaden östra"},"geometry":{"type":"Polygon","coordinates":[[[11.95054,57.71902],[11.95209,57.71981],[11.95271,57.71987],[11.95466,57.71938],[11.95367,57.71838],[11.94958,57.71615],[11.9482,57.71684],[11.95038,57.71862],[11.94716,57.71874],[11.94711,57.71791],[11.94638,57.71793],[11.94583,57.71764],[11.94504,57.71795],[11.94499,57.71881],[11.94357,57.71883],[11.94271,57.71971],[11.94101,57.71972],[11.94085,57.72028],[11.93956,57.7203],[11.93957,57.72055],[11.94336,57.72039],[11.94451,57.71979],[11.94909,57.71977],[11.94901,57.71947],[11.95054,57.71902]]]}},{"type":"Feature","id":"1480R055","properties":{"code":"1480R055","name":"Högsbotorp västra"},"geometry":{"type":"Polygon","coordinates":[[[11.92928,57.67601],[11.93155,57.67322],[11.93012,57.67174],[11.9315,57.67159],[11.93149,57.66808],[11.92767,57.6681],[11.92674,57.6675],[11.92611,57.66745],[11.92492,57.66812],[11.92391,57.6681],[11.92334,57.66891],[11.92274,57.66876],[11.92179,57.66991],[11.9219,57.67055],[11.92235,57.6707],[11.92259,57.67126],[11.92258,57.67219],[11.92152,57.67345],[11.92079,57.67377],[11.91957,57.67348],[11.91964,57.67513],[11.92137,57.67483],[11.92394,57.67481],[11.92928,57.67601]]]}},{"type":"Feature","id":"1480R122","properties":{"code":"1480R122","name":"Sanna"},"geometry":{"type":"Polygon","coordinates":[[[11.90678,57.68639],[11.90768,57.68597],[11.90939,57.68699],[11.91179,57.68584],[11.9132,57.68643],[11.91613,57.68499],[11.91439,57.68392],[11.91536,57.68346],[11.92147,57.6842],[11.92252,57.68407],[11.92228,57.67973],[11.92484,57.67948],[11.92431,57.67854],[11.92476,57.67845],[11.92441,57.67785],[11.92529,57.67578],[11.92469,57.67496],[11.92211,57.67477],[11.91865,57.67538],[11.91359,57.67747],[11.91211,57.67927],[11.91141,57.67969],[11.91001,57.68005],[11.90651,57.68013],[11.90473,57.68043],[11.90449,57.68092],[11.90492,57.6817],[11.90503,57.68298],[11.90464,57.68582],[11.90409,57.68708],[11.90678,57.68639]]]}},{"type":"Feature","id":"1480R123","properties":{"code":"1480R123","name":"Skattegården"},"geometry":{"type":"Polygon","coordinates":[[[11.89625,57.65754],[11.90105,57.65433],[11.90458,57.65249],[11.9025,57.65151],[11.89223,57.64855],[11.88933,57.65068],[11.89151,57.65238],[11.89287,57.6538],[11.89415,57.65424],[11.89303,57.65515],[11.89679,57.65648],[11.89578,57.6573],[11.89625,57.65754]]]}},{"type":"Feature","id":"1480R001","properties":{"code":"1480R001","name":"Angered centrum-Agnesberg"},"geometry":{"type":"Polygon","coordinates":[[[12.04742,57.80854],[12.05336,57.80883],[12.05518,57.80857],[12.05686,57.80788],[12.05979,57.80559],[12.06221,57.80453],[12.06264,57.80423],[12.06209,57.80377],[12.06203,57.80298],[12.06309,57.80093],[12.06304,57.80056],[12.06419,57.80049],[12.06567,57.7986],[12.06678,57.7988],[12.06839,57.79529],[12.06507,57.79445],[12.06428,57.79404],[12.06371,57.79414],[12.06338,57.79469],[12.06297,57.79465],[12.06245,57.79412],[12.06226,57.79341],[12.06324,57.79218],[12.06315,57.79197],[12.06262,57.79186],[12.0618,57.79213],[12.06154,57.79295],[12.06117,57.79281],[12.06068,57.79208],[12.05934,57.79198],[12.05868,57.79163],[12.05847,57.79116],[12.05948,57.79125],[12.05982,57.79059],[12.05934,57.79006],[12.05916,57.7892],[12.05358,57.7891],[12.05348,57.78861],[12.052,57.78879],[12.0493,57.78799],[12.04875,57.78859],[12.04631,57.78792],[12.04593,57.78847],[12.0432,57.78765],[12.0413,57.78911],[12.04094,57.78966],[12.03671,57.78841],[12.03245,57.78684],[12.02914,57.78652],[12.02674,57.7868],[12.02036,57.7881],[12.01698,57.78826],[12.01677,57.78789],[12.01716,57.78776],[12.01715,57.78741],[12.01875,57.78712],[12.01922,57.78402],[12.01883,57.78284],[12.01502,57.78218],[12.01193,57.77882],[12.01235,57.77693],[12.01311,57.77647],[12.01294,57.77511],[12.0122,57.77435],[12.01327,57.77412],[12.01517,57.77194],[12.01368,57.7702],[12.01216,57.77014],[12.01202,57.76965],[12.00554,57.77036],[12.00571,57.77149],[12.00514,57.77145],[12.0051,57.77176],[12.00557,57.77218],[12.00448,57.77977],[12.00523,57.78254],[12.00657,57.78542],[12.00833,57.7882],[12.00909,57.79008],[12.01215,57.79432],[12.01258,57.79551],[12.0139,57.8],[12.01393,57.80619],[12.01611,57.80616],[12.0166,57.80074],[12.01633,57.79962],[12.02035,57.79959],[12.02372,57.79929],[12.02404,57.79866],[12.02484,57.79811],[12.02771,57.79732],[12.02892,57.79721],[12.03074,57.79745],[12.03195,57.79728],[12.03223,57.79768],[12.0348,57.79794],[12.03621,57.79782],[12.03925,57.80143],[12.03857,57.80184],[12.03855,57.80242],[12.03903,57.80273],[12.0373,57.80373],[12.03692,57.80425],[12.03889,57.80747],[12.04224,57.80729],[12.0412,57.80794],[12.04359,57.80867],[12.04742,57.80854]]]}},{"type":"Feature","id":"1480R002","properties":{"code":"1480R002","name":"Annedal-Änggården"},"geometry":{"type":"Polygon","coordinates":[[[11.96242,57.69452],[11.96324,57.69461],[11.96341,57.69416],[11.96315,57.69371],[11.96191,57.69261],[11.96155,57.69271],[11.961,57.6922],[11.96035,57.69132],[11.96002,57.69007],[11.9591,57.68931],[11.96078,57.68844],[11.96147,57.68864],[11.96166,57.68851],[11.96185,57.6879],[11.96115,57.68765],[11.96223,57.68651],[11.96263,57.68544],[11.96373,57.68421],[11.9649,57.68137],[11.96595,57.68056],[11.96865,57.67912],[11.96819,57.67875],[11.96533,57.67825],[11.96502,57.67778],[11.96625,57.67748],[11.96574,57.67719],[11.96631,57.67692],[11.96609,57.67676],[11.96745,57.67604],[11.9683,57.67582],[11.96762,57.67497],[11.96882,57.67439],[11.96599,57.67279],[11.96948,57.67089],[11.95925,57.66778],[11.96014,57.66696],[11.94922,57.66354],[11.94672,57.66652],[11.94398,57.66613],[11.94333,57.66585],[11.94354,57.6661],[11.94316,57.66636],[11.94127,57.66675],[11.94018,57.66838],[11.93783,57.66832],[11.93994,57.67558],[11.93852,57.67529],[11.9343,57.6764],[11.93398,57.67732],[11.93498,57.67796],[11.93566,57.68011],[11.93525,57.6808],[11.93393,57.68174],[11.93361,57.68268],[11.93117,57.68362],[11.93142,57.686],[11.93201,57.68735],[11.93174,57.68745],[11.93366,57.68882],[11.93449,57.68978],[11.93919,57.6903],[11.93919,57.6905],[11.93795,57.69106],[11.93714,57.69206],[11.94174,57.69275],[11.9418,57.69353],[11.94567,57.69382],[11.94601,57.69255],[11.94572,57.69147],[11.94523,57.69107],[11.94656,57.69099],[11.94646,57.69019],[11.94733,57.68996],[11.94806,57.6902],[11.94823,57.69084],[11.94855,57.69098],[11.9489,57.69073],[11.95303,57.69048],[11.95723,57.69412],[11.95816,57.69525],[11.96006,57.6964],[11.96264,57.6963],[11.96242,57.69452]]]}},{"type":"Feature","id":"1480R003","properties":{"code":"1480R003","name":"Askim norra"},"geometry":{"type":"Polygon","coordinates":[[[11.93253,57.64595],[11.96059,57.64583],[11.96068,57.64162],[11.9624,57.64168],[11.96341,57.63782],[11.96131,57.63735],[11.96107,57.63746],[11.95525,57.63752],[11.95216,57.6383],[11.95347,57.63717],[11.95476,57.63648],[11.95603,57.63619],[11.95832,57.6361],[11.95669,57.63556],[11.95712,57.63453],[11.95634,57.63414],[11.95739,57.6335],[11.956,57.63283],[11.95746,57.63195],[11.95343,57.63131],[11.95121,57.63215],[11.9507,57.63183],[11.95204,57.63127],[11.95177,57.6311],[11.94697,57.62997],[11.94634,57.63079],[11.94682,57.63164],[11.94588,57.6318],[11.94257,57.63108],[11.94022,57.63082],[11.93945,57.63264],[11.94008,57.63275],[11.93957,57.63344],[11.93822,57.63377],[11.93759,57.63375],[11.9378,57.6311],[11.93727,57.63108],[11.93729,57.63088],[11.9341,57.63071],[11.93413,57.63042],[11.93222,57.63007],[11.93173,57.63153],[11.93153,57.63469],[11.93224,57.64231],[11.93183,57.64431],[11.93253,57.64595]]]}},{"type":"Feature","id":"1480R004","properties":{"code":"1480R004","name":"Askim södra"},"geometry":{"type":"Polygon","coordinates":[[[11.93224,57.64231],[11.93153,57.63469],[11.93173,57.63153],[11.93222,57.63007],[11.93413,57.63042],[11.9341,57.63071],[11.93729,57.63088],[11.93727,57.63108],[11.9378,57.6311],[11.93759,57.63375],[11.93822,57.63377],[11.93957,57.63344],[11.94008,57.63275],[11.93945,57.63264],[11.94022,57.63082],[11.94257,57.63108],[11.94588,57.6318],[11.94682,57.63164],[11.94634,57.63079],[11.94697,57.62997],[11.95177,57.6311],[11.95204,57.63127],[11.9507,57.63183],[11.95121,57.63215],[11.95343,57.63131],[11.95746,57.63195],[11.956,57.63283],[11.95739,57.6335],[11.95634,57.63414],[11.95712,57.63453],[11.95669,57.63556],[11.95832,57.6361],[11.95603,57.63619],[11.95476,57.63648],[11.95347,57.63717],[11.95216,57.6383],[11.95525,57.63752],[11.96132,57.63735],[11.9631,57.63443],[11.96807,57.62976],[11.96639,57.62923],[11.96527,57.6278],[11.96229,57.62699],[11.96157,57.62751],[11.94461,57.6277],[11.94541,57.62589],[11.94386,57.62584],[11.94324,57.6266],[11.94084,57.62649],[11.94066,57.62674],[11.93843,57.62658],[11.93816,57.62674],[11.93721,57.62642],[11.93547,57.62639],[11.93417,57.62611],[11.93474,57.62496],[11.93338,57.6251],[11.93237,57.6249],[11.93175,57.62454],[11.9277,57.62385],[11.92297,57.62252],[11.92215,57.62151],[11.91967,57.62083],[11.91742,57.61984],[11.91526,57.61985],[11.91328,57.6202],[11.91121,57.62114],[11.91052,57.62248],[11.91154,57.62366],[11.91153,57.62461],[11.90869,57.62993],[11.90861,57.63094],[11.90988,57.63427],[11.91166,57.63532],[11.91122,57.63566],[11.91411,57.63706],[11.91542,57.63797],[11.91937,57.63953],[11.92238,57.63969],[11.92421,57.64],[11.92795,57.6415],[11.92941,57.64171],[11.92954,57.64194],[11.92889,57.64214],[11.92909,57.64303],[11.93075,57.64372],[11.93188,57.64394],[11.93224,57.64231]]]}},{"type":"Feature","id":"1480R005","properties":{"code":"1480R005","name":"Backa centrala"},"geometry":{"type":"Polygon","coordinates":[[[11.97584,57.74869],[11.97969,57.74836],[11.97978,57.7487],[11.98536,57.74812],[11.98435,57.74673],[11.98454,57.7466],[11.98356,57.74349],[11.98272,57.74258],[11.98109,57.73919],[11.98061,57.73925],[11.98008,57.73886],[11.98057,57.7379],[11.98029,57.73724],[11.97938,57.73738],[11.97716,57.73924],[11.97639,57.73807],[11.97529,57.73798],[11.9738,57.7383],[11.97367,57.74032],[11.97393,57.74165],[11.97533,57.74362],[11.97436,57.74404],[11.97346,57.74427],[11.9729,57.7442],[11.97084,57.74475],[11.97033,57.74422],[11.96746,57.74501],[11.96662,57.74489],[11.96517,57.74342],[11.96673,57.74296],[11.96835,57.74161],[11.96453,57.74055],[11.9644,57.74299],[11.95931,57.74527],[11.96063,57.74497],[11.96166,57.74523],[11.96374,57.74706],[11.96387,57.74734],[11.96342,57.74806],[11.9607,57.74892],[11.96236,57.74977],[11.96243,57.7508],[11.9639,57.75134],[11.9657,57.75149],[11.96683,57.75135],[11.97295,57.75013],[11.97498,57.74944],[11.97584,57.74869]]]}},{"type":"Feature","id":"1480R006","properties":{"code":"1480R006","name":"Backa Röd"},"geometry":{"type":"Polygon","coordinates":[[[11.97033,57.74422],[11.97084,57.74475],[11.9729,57.7442],[11.97346,57.74427],[11.97436,57.74404],[11.97533,57.74362],[11.97413,57.74212],[11.97367,57.74032],[11.97016,57.74067],[11.96923,57.74092],[11.96673,57.74296],[11.96517,57.74342],[11.96662,57.74489],[11.96746,57.74501],[11.97033,57.74422]]]}},{"type":"Feature","id":"1480R007","properties":{"code":"1480R007","name":"Backa östra"},"geometry":{"type":"Polygon","coordinates":[[[12.00248,57.75033],[12.00394,57.74645],[12.0039,57.7457],[12.00319,57.7438],[12.00196,57.74183],[11.9984,57.73713],[11.98701,57.73846],[11.98488,57.73306],[11.98333,57.7333],[11.98236,57.73256],[11.98149,57.73115],[11.97991,57.73134],[11.98,57.73202],[11.98061,57.73206],[11.98089,57.73238],[11.97974,57.73235],[11.97971,57.73275],[11.98037,57.73266],[11.98057,57.73293],[11.98036,57.73346],[11.97926,57.73364],[11.9798,57.73426],[11.98027,57.73428],[11.98029,57.73485],[11.97986,57.73486],[11.97949,57.73527],[11.97819,57.73547],[11.97883,57.73629],[11.97964,57.73617],[11.97976,57.73648],[11.97902,57.73659],[11.97899,57.73695],[11.9792,57.73709],[11.98019,57.73702],[11.98057,57.7379],[11.98008,57.73886],[11.98061,57.73925],[11.98109,57.73919],[11.98272,57.74258],[11.98356,57.74349],[11.98454,57.7466],[11.98435,57.74673],[11.98536,57.74812],[11.99578,57.74706],[11.99658,57.75081],[12.00248,57.75033]]]}},{"type":"Feature","id":"1480R008","properties":{"code":"1480R008","name":"Bagaregården"},"geometry":{"type":"Polygon","coordinates":[[[12.01595,57.72443],[12.01938,57.7243],[12.0193,57.72382],[12.01874,57.72382],[12.01874,57.72308],[12.01936,57.72326],[12.0207,57.72271],[12.02205,57.72252],[12.02396,57.7203],[12.02293,57.71946],[12.02063,57.7185],[12.0145,57.71727],[12.01442,57.71762],[12.01396,57.71765],[12.01461,57.7179],[12.01393,57.71863],[12.01275,57.71894],[12.0125,57.71886],[12.01143,57.71981],[12.00925,57.71894],[12.00774,57.72003],[12.00972,57.7208],[12.00936,57.72108],[12.00988,57.72258],[12.01138,57.72384],[12.01595,57.72443]]]}},{"type":"Feature","id":"1480R009","properties":{"code":"1480R009","name":"Bergsjön centrala"},"geometry":{"type":"Polygon","coordinates":[[[12.05936,57.76453],[12.06099,57.76441],[12.0626,57.764],[12.06257,57.76113],[12.0634,57.76087],[12.06357,57.75996],[12.06302,57.75965],[12.06338,57.75897],[12.06203,57.75874],[12.06248,57.7581],[12.06208,57.75773],[12.06076,57.7574],[12.05995,57.75647],[12.05903,57.75631],[12.05781,57.75463],[12.05851,57.75446],[12.0599,57.75311],[12.05949,57.75291],[12.05904,57.75306],[12.05715,57.75298],[12.05596,57.75274],[12.05597,57.75074],[12.05503,57.74921],[12.05416,57.74867],[12.04761,57.74758],[12.04681,57.74937],[12.04762,57.7514],[12.04608,57.75192],[12.04683,57.75266],[12.04713,57.75378],[12.04771,57.75432],[12.04887,57.75487],[12.04835,57.75525],[12.05064,57.7557],[12.05292,57.75554],[12.055,57.75461],[12.05636,57.75691],[12.05663,57.75687],[12.05726,57.75783],[12.05793,57.75811],[12.05905,57.7595],[12.05888,57.76014],[12.05839,57.76068],[12.05784,57.76056],[12.05677,57.76258],[12.05527,57.76379],[12.05498,57.76431],[12.05936,57.76453]]]}},{"type":"Feature","id":"1480R010","properties":{"code":"1480R010","name":"Bergsjön nordvästra"},"geometry":{"type":"Polygon","coordinates":[[[12.06049,57.77137],[12.06078,57.77084],[12.06275,57.7708],[12.06326,57.77091],[12.06359,57.77126],[12.06519,57.77102],[12.06609,57.7707],[12.0676,57.7692],[12.0682,57.76466],[12.07211,57.76259],[12.06953,57.76247],[12.06661,57.76276],[12.06475,57.76321],[12.06207,57.76416],[12.0603,57.76451],[12.05498,57.76431],[12.05527,57.76379],[12.05677,57.76258],[12.05784,57.76056],[12.05839,57.76068],[12.05888,57.76014],[12.05905,57.7595],[12.05793,57.75811],[12.05726,57.75783],[12.05663,57.75687],[12.05636,57.75691],[12.055,57.75461],[12.05389,57.75519],[12.05205,57.75569],[12.05007,57.75563],[12.04718,57.75504],[12.04461,57.7555],[12.04555,57.75657],[12.04666,57.75672],[12.0465,57.75743],[12.04701,57.75786],[12.04713,57.75845],[12.04637,57.75881],[12.04624,57.7598],[12.04693,57.76025],[12.04902,57.76259],[12.05009,57.76504],[12.04915,57.76585],[12.04856,57.76607],[12.04834,57.76649],[12.04856,57.76698],[12.04739,57.76686],[12.04618,57.76764],[12.04553,57.76882],[12.04715,57.7694],[12.04841,57.76954],[12.04893,57.77069],[12.05107,57.77059],[12.05338,57.77117],[12.05665,57.77094],[12.05859,57.77121],[12.05983,57.77162],[12.06049,57.77137]]]}},{"type":"Feature","id":"1480R011","properties":{"code":"1480R011","name":"Bergsjön Rymdtorget"},"geometry":{"type":"Polygon","coordinates":[[[12.06969,57.77581],[12.07946,57.77328],[12.07893,57.76734],[12.07966,57.76401],[12.07873,57.76363],[12.07976,57.76212],[12.0782,57.76182],[12.08261,57.75641],[12.0828,57.75559],[12.08268,57.75469],[12.08006,57.7548],[12.07942,57.75397],[12.07853,57.75479],[12.07818,57.75549],[12.07711,57.75532],[12.07595,57.75624],[12.07644,57.75633],[12.07567,57.7568],[12.07655,57.75695],[12.07628,57.75721],[12.07232,57.75701],[12.07248,57.75503],[12.07221,57.75461],[12.07031,57.75338],[12.06848,57.75335],[12.06677,57.75643],[12.06855,57.75659],[12.0684,57.75711],[12.06892,57.75712],[12.06853,57.75869],[12.06794,57.75867],[12.06793,57.75884],[12.06662,57.75881],[12.0667,57.75782],[12.06407,57.75779],[12.06397,57.75836],[12.0646,57.75862],[12.06459,57.75884],[12.06338,57.75897],[12.06305,57.75925],[12.06302,57.75965],[12.06357,57.75996],[12.0634,57.76087],[12.06257,57.76113],[12.06256,57.76393],[12.06661,57.76276],[12.06953,57.76247],[12.07211,57.76259],[12.0682,57.76466],[12.0676,57.7692],[12.06693,57.76995],[12.0656,57.77092],[12.0635,57.77125],[12.06432,57.77177],[12.06573,57.77163],[12.06658,57.77174],[12.06701,57.77298],[12.06676,57.77368],[12.06751,57.77385],[12.0693,57.77377],[12.06944,57.77455],[12.07021,57.7749],[12.07026,57.77512],[12.06946,57.7755],[12.06969,57.77581]]]}},{"type":"Feature","id":"1480R012","properties":{"code":"1480R012","name":"Bergsjön sydöstra"},"geometry":{"type":"Polygon","coordinates":[[[12.07628,57.75721],[12.07655,57.75695],[12.07567,57.7568],[12.07644,57.75633],[12.07595,57.75624],[12.07711,57.75532],[12.07818,57.75549],[12.07853,57.75479],[12.07942,57.75397],[12.07968,57.75036],[12.0788,57.74712],[12.07912,57.74462],[12.07583,57.74497],[12.07582,57.74445],[12.07183,57.74487],[12.0714,57.74542],[12.06961,57.74562],[12.07099,57.74618],[12.07119,57.74765],[12.07325,57.74792],[12.0731,57.74983],[12.07102,57.75024],[12.06963,57.75132],[12.06842,57.7513],[12.06838,57.75182],[12.06895,57.75193],[12.0689,57.75256],[12.06925,57.75269],[12.06848,57.75335],[12.07031,57.75338],[12.07235,57.75477],[12.07232,57.75701],[12.07628,57.75721]]]}},{"type":"Feature","id":"1480R013","properties":{"code":"1480R013","name":"Bergsjön södra"},"geometry":{"type":"Polygon","coordinates":[[[12.06352,57.75894],[12.06459,57.75884],[12.0646,57.75862],[12.06396,57.75832],[12.0642,57.75775],[12.0667,57.75782],[12.06662,57.75881],[12.06793,57.75884],[12.06794,57.75867],[12.06853,57.75869],[12.06892,57.75712],[12.0684,57.75711],[12.06855,57.75659],[12.06677,57.75643],[12.06787,57.75409],[12.06925,57.75269],[12.0689,57.75256],[12.06895,57.75193],[12.06838,57.75182],[12.06842,57.7513],[12.06963,57.75132],[12.07102,57.75024],[12.0731,57.74983],[12.07325,57.74792],[12.07119,57.74765],[12.07099,57.74618],[12.06961,57.74562],[12.0714,57.74542],[12.07183,57.74487],[12.07582,57.74445],[12.07583,57.74497],[12.07912,57.74462],[12.07943,57.74234],[12.07439,57.742],[12.07192,57.7428],[12.07164,57.74341],[12.07022,57.74326],[12.06921,57.74243],[12.06956,57.74243],[12.06923,57.74216],[12.06896,57.74226],[12.06829,57.74197],[12.06731,57.74186],[12.06629,57.74294],[12.06332,57.74267],[12.06143,57.74368],[12.0597,57.74402],[12.05863,57.7434],[12.05684,57.74355],[12.0555,57.74455],[12.05661,57.74497],[12.05551,57.74572],[12.05352,57.74611],[12.05345,57.7471],[12.05242,57.74838],[12.05416,57.74867],[12.05503,57.74921],[12.05598,57.75076],[12.05596,57.75274],[12.05715,57.75298],[12.05904,57.75306],[12.05949,57.75291],[12.0599,57.75311],[12.05851,57.75446],[12.05781,57.75463],[12.05903,57.75631],[12.05995,57.75647],[12.06076,57.7574],[12.06208,57.75773],[12.06248,57.7581],[12.06203,57.75874],[12.06352,57.75894]]]}},{"type":"Feature","id":"1480R014","properties":{"code":"1480R014","name":"Bergum"},"geometry":{"type":"Polygon","coordinates":[[[12.13885,57.86583],[12.14193,57.86599],[12.1445,57.86477],[12.14618,57.86469],[12.14618,57.86404],[12.14744,57.86323],[12.14845,57.8631],[12.1512,57.86172],[12.15355,57.86096],[12.15514,57.86067],[12.15658,57.85998],[12.17015,57.85568],[12.19196,57.83425],[12.19376,57.8257],[12.19878,57.82455],[12.19919,57.82399],[12.19986,57.82371],[12.20042,57.82252],[12.20351,57.82096],[12.20501,57.8198],[12.20606,57.81749],[12.20579,57.81696],[12.20602,57.81672],[12.20531,57.81657],[12.20605,57.81646],[12.20584,57.8163],[12.20462,57.81636],[12.20471,57.816],[12.21041,57.81281],[12.21355,57.81388],[12.21441,57.81384],[12.22448,57.8109],[12.24161,57.79636],[12.23585,57.79523],[12.23448,57.79554],[12.23216,57.79542],[12.23141,57.79492],[12.23132,57.7946],[12.22991,57.79451],[12.2232,57.79319],[12.22262,57.79343],[12.22022,57.79333],[12.21943,57.79296],[12.21848,57.79321],[12.21749,57.79401],[12.21665,57.79417],[12.21541,57.79313],[12.21481,57.79133],[12.2142,57.79103],[12.21287,57.79081],[12.21239,57.79095],[12.21081,57.79276],[12.20937,57.79234],[12.20949,57.79186],[12.21077,57.79073],[12.2111,57.7901],[12.2083,57.79001],[12.208,57.78987],[12.20856,57.78919],[12.20775,57.78939],[12.20735,57.78994],[12.20384,57.78884],[12.20273,57.78689],[12.20361,57.78615],[12.201,57.78494],[12.18345,57.78],[12.17367,57.77594],[12.16408,57.77507],[12.13386,57.77377],[12.13284,57.77883],[12.12528,57.78778],[12.1235,57.78869],[12.12469,57.79113],[12.12281,57.79407],[12.12636,57.79525],[12.1279,57.79632],[12.12752,57.79667],[12.12756,57.79759],[12.1258,57.79819],[12.1267,57.79836],[12.12716,57.79894],[12.12633,57.79895],[12.12494,57.79819],[12.12333,57.7988],[12.12219,57.79754],[12.12159,57.7959],[12.12026,57.79503],[12.11913,57.79391],[12.11719,57.79441],[12.11515,57.7947],[12.11177,57.79471],[12.10902,57.79429],[12.10756,57.79448],[12.10567,57.79506],[12.10379,57.79539],[12.09992,57.79549],[12.09877,57.79673],[12.09654,57.79827],[12.09445,57.79916],[12.09255,57.79964],[12.09333,57.8012],[12.09331,57.80277],[12.09231,57.8053],[12.09097,57.80682],[12.08965,57.80769],[12.08585,57.80952],[12.08416,57.81011],[12.08204,57.81055],[12.08091,57.81169],[12.07744,57.81411],[12.07504,57.81501],[12.07183,57.81558],[12.06891,57.81564],[12.06309,57.81524],[12.06153,57.8168],[12.0595,57.81792],[12.05639,57.81884],[12.05265,57.81919],[12.05104,57.82055],[12.04915,57.82149],[12.04899,57.82209],[12.05204,57.82659],[12.05001,57.8279],[12.04886,57.82815],[12.04843,57.82855],[12.04937,57.82912],[12.04899,57.82926],[12.04773,57.8292],[12.04719,57.83061],[12.04368,57.83495],[12.05324,57.83913],[12.06165,57.84165],[12.07903,57.84613],[12.09325,57.85144],[12.12522,57.86169],[12.12577,57.8621],[12.12659,57.86358],[12.12955,57.86456],[12.1359,57.86542],[12.13755,57.866],[12.13885,57.86583]]]}},{"type":"Feature","id":"1480R015","properties":{"code":"1480R015","name":"Billdal Brottkärr"},"geometry":{"type":"Polygon","coordinates":[[[11.92972,57.60936],[11.93055,57.6086],[11.93189,57.60891],[11.93198,57.60841],[11.93305,57.60861],[11.93305,57.60913],[11.93407,57.60925],[11.93409,57.60962],[11.93533,57.60979],[11.93542,57.60996],[11.93666,57.60981],[11.93701,57.6096],[11.93844,57.60953],[11.94314,57.61186],[11.94764,57.60884],[11.94975,57.60687],[11.95065,57.60565],[11.95027,57.6073],[11.95032,57.60998],[11.96618,57.60592],[11.96647,57.6061],[11.96784,57.60578],[11.96805,57.60636],[11.96836,57.60633],[11.96981,57.60574],[11.96973,57.6054],[11.97022,57.60519],[11.96951,57.60447],[11.96926,57.60373],[11.96955,57.60331],[11.9709,57.60253],[11.9616,57.60072],[11.95999,57.59851],[11.9615,57.59812],[11.96189,57.59741],[11.96139,57.59747],[11.96184,57.59663],[11.96417,57.59614],[11.9635,57.59525],[11.9624,57.59473],[11.95932,57.59407],[11.95555,57.59782],[11.95387,57.60041],[11.94887,57.59841],[11.94724,57.59905],[11.94508,57.59951],[11.94466,57.59919],[11.94503,57.59913],[11.94563,57.59842],[11.94444,57.59821],[11.94461,57.59793],[11.94422,57.59786],[11.94426,57.59726],[11.94138,57.59775],[11.93914,57.5965],[11.93881,57.59692],[11.93767,57.59746],[11.93448,57.59674],[11.93304,57.59664],[11.93182,57.59589],[11.93009,57.59419],[11.92926,57.59425],[11.92916,57.59334],[11.92626,57.59325],[11.92741,57.59135],[11.92804,57.591],[11.92773,57.59042],[11.92446,57.59025],[11.92415,57.58999],[11.92465,57.58967],[11.92408,57.58851],[11.92209,57.58796],[11.92186,57.58642],[11.91831,57.58544],[11.91622,57.58439],[11.91266,57.58495],[11.90926,57.58707],[11.9073,57.58648],[11.90306,57.58589],[11.90164,57.58535],[11.8983,57.58614],[11.88808,57.59311],[11.89224,57.59621],[11.89447,57.59854],[11.89663,57.60192],[11.9011,57.6048],[11.90974,57.61335],[11.92647,57.61109],[11.92647,57.61058],[11.92761,57.61043],[11.92983,57.60963],[11.92972,57.60936]]]}},{"type":"Feature","id":"1480R029","properties":{"code":"1480R029","name":"Flatås västra"},"geometry":{"type":"Polygon","coordinates":[[[11.93353,57.6681],[11.93783,57.66832],[11.93682,57.6647],[11.93154,57.66494],[11.93142,57.66437],[11.93088,57.6644],[11.93073,57.66369],[11.9313,57.66365],[11.93048,57.65973],[11.92511,57.66007],[11.92254,57.65979],[11.92215,57.65997],[11.92371,57.66104],[11.92492,57.6623],[11.92531,57.66454],[11.92606,57.66457],[11.9265,57.66542],[11.92789,57.66571],[11.9275,57.66708],[11.92853,57.66734],[11.92845,57.66818],[11.93353,57.6681]]]}},{"type":"Feature","id":"1480R016","properties":{"code":"1480R016","name":"Billdal Lindås"},"geometry":{"type":"Polygon","coordinates":[[[11.99111,57.59582],[11.99924,57.59604],[11.99882,57.59075],[11.9991,57.5905],[11.99923,57.58869],[12.00004,57.58804],[12.00031,57.58727],[12.00017,57.58519],[11.99877,57.58487],[11.99863,57.58452],[12.00365,57.5774],[12.0093,57.57005],[12.00353,57.56677],[12.00037,57.56631],[11.99894,57.56628],[11.99913,57.56659],[11.99817,57.56742],[11.99676,57.56782],[11.99618,57.56771],[11.99574,57.5673],[11.99391,57.56682],[11.99406,57.56657],[11.99261,57.56635],[11.9914,57.56656],[11.99092,57.56623],[11.98931,57.56579],[11.98892,57.56537],[11.98785,57.56506],[11.97912,57.56401],[11.97942,57.56363],[11.97745,57.56184],[11.97622,57.56165],[11.9754,57.56196],[11.97519,57.56264],[11.97466,57.56302],[11.97259,57.56325],[11.97226,57.5635],[11.97083,57.56348],[11.96977,57.56385],[11.96825,57.56379],[11.9673,57.56262],[11.96655,57.56246],[11.96652,57.56225],[11.96383,57.56217],[11.95788,57.56399],[11.95602,57.56305],[11.9541,57.56302],[11.9541,57.56325],[11.95303,57.56334],[11.95271,57.5631],[11.95089,57.56275],[11.94915,57.56253],[11.94828,57.5626],[11.94704,57.56195],[11.94389,57.5614],[11.94178,57.56135],[11.94031,57.56146],[11.93933,57.56175],[11.93768,57.56164],[11.93168,57.56212],[11.93064,57.56177],[11.9296,57.56172],[11.92913,57.56215],[11.92782,57.56234],[11.92744,57.56209],[11.92477,57.56251],[11.92434,57.5633],[11.92236,57.56367],[11.92108,57.56308],[11.91908,57.56338],[11.91202,57.56255],[11.90873,57.56263],[11.8982,57.56083],[11.88986,57.56219],[11.87803,57.55913],[11.85559,57.55813],[11.84939,57.56461],[11.86571,57.57648],[11.89949,57.57985],[11.90366,57.58008],[11.90581,57.57936],[11.90939,57.5798],[11.91521,57.58006],[11.91808,57.58112],[11.92829,57.58114],[11.92981,57.58216],[11.93134,57.58216],[11.93471,57.58282],[11.94057,57.5847],[11.94121,57.58559],[11.94199,57.58534],[11.94299,57.58554],[11.94519,57.58709],[11.94668,57.58724],[11.94687,57.58762],[11.94892,57.58781],[11.94899,57.58763],[11.94854,57.58766],[11.94837,57.58749],[11.94895,57.58723],[11.94897,57.58684],[11.94839,57.58665],[11.94863,57.5864],[11.94824,57.58602],[11.94874,57.58598],[11.95288,57.58687],[11.95275,57.58754],[11.95556,57.58792],[11.95613,57.58786],[11.96113,57.58862],[11.9615,57.58936],[11.96387,57.58974],[11.95932,57.59407],[11.9624,57.59473],[11.96364,57.59544],[11.96948,57.59323],[11.97083,57.59475],[11.98789,57.59117],[11.98822,57.59137],[11.98812,57.59181],[11.98859,57.59198],[11.98888,57.59239],[11.98895,57.59612],[11.99048,57.59657],[11.99158,57.59745],[11.99199,57.59726],[11.99111,57.59582]]]}},{"type":"Feature","id":"1480R017","properties":{"code":"1480R017","name":"Billdal Skintebo"},"geometry":{"type":"Polygon","coordinates":[[[11.95487,57.59871],[11.95647,57.59681],[11.96387,57.58974],[11.9615,57.58936],[11.96113,57.58862],[11.95613,57.58786],[11.95556,57.58792],[11.95275,57.58754],[11.95288,57.58687],[11.94874,57.58598],[11.94824,57.58602],[11.94863,57.5864],[11.94839,57.58665],[11.94897,57.58684],[11.94895,57.58723],[11.94837,57.58749],[11.94854,57.58766],[11.94899,57.58763],[11.94892,57.58781],[11.94687,57.58762],[11.94668,57.58724],[11.94519,57.58709],[11.94299,57.58554],[11.94199,57.58534],[11.94121,57.58559],[11.94057,57.5847],[11.93471,57.58282],[11.93134,57.58216],[11.92981,57.58216],[11.92829,57.58114],[11.91808,57.58112],[11.91521,57.58006],[11.90939,57.5798],[11.90581,57.57936],[11.90366,57.58008],[11.89949,57.57985],[11.86571,57.57648],[11.88808,57.59311],[11.8983,57.58614],[11.90164,57.58535],[11.90306,57.58589],[11.9073,57.58648],[11.90926,57.58707],[11.91266,57.58495],[11.91622,57.58439],[11.91831,57.58544],[11.92186,57.58642],[11.92209,57.58796],[11.92408,57.58851],[11.92465,57.58967],[11.92415,57.58999],[11.92446,57.59025],[11.92773,57.59042],[11.92804,57.591],[11.92741,57.59135],[11.92626,57.59325],[11.92916,57.59334],[11.92926,57.59425],[11.93009,57.59419],[11.93182,57.59589],[11.93304,57.59664],[11.93448,57.59674],[11.93767,57.59746],[11.93881,57.59692],[11.93914,57.5965],[11.94138,57.59775],[11.94426,57.59726],[11.94422,57.59786],[11.94461,57.59793],[11.94444,57.59821],[11.94563,57.59842],[11.94503,57.59913],[11.94466,57.59919],[11.94508,57.59951],[11.94724,57.59905],[11.94887,57.59841],[11.95387,57.60041],[11.95487,57.59871]]]}},{"type":"Feature","id":"1480R018","properties":{"code":"1480R018","name":"Björkekärr Delsjön"},"geometry":{"type":"Polygon","coordinates":[[[12.06277,57.7184],[12.07414,57.7019],[12.07465,57.70194],[12.08867,57.68217],[12.07582,57.68389],[12.05624,57.67808],[12.05518,57.67853],[12.0543,57.67834],[12.05313,57.67848],[12.05077,57.67912],[12.04996,57.68013],[12.04748,57.68086],[12.04585,57.68287],[12.04491,57.68307],[12.04448,57.68289],[12.04397,57.68294],[12.04182,57.68509],[12.04146,57.68593],[12.0418,57.68595],[12.0419,57.68617],[12.04099,57.68704],[12.0386,57.68839],[12.03851,57.68865],[12.03787,57.68866],[12.03748,57.68888],[12.03722,57.69045],[12.03675,57.69045],[12.03433,57.6923],[12.03471,57.69339],[12.03368,57.6949],[12.03368,57.69721],[12.03265,57.69909],[12.03056,57.70094],[12.03077,57.70325],[12.02991,57.70535],[12.02906,57.70631],[12.02916,57.7074],[12.03935,57.70493],[12.04163,57.70555],[12.04093,57.70741],[12.04329,57.70727],[12.04451,57.70737],[12.0389,57.71077],[12.03967,57.71192],[12.03924,57.71317],[12.03957,57.714],[12.04106,57.71318],[12.04238,57.71303],[12.04526,57.714],[12.04917,57.7148],[12.05116,57.71552],[12.0527,57.71553],[12.05338,57.71541],[12.05298,57.71503],[12.05315,57.71299],[12.05253,57.71293],[12.05247,57.71277],[12.05283,57.71226],[12.05409,57.71237],[12.05504,57.71275],[12.05612,57.7111],[12.05857,57.71272],[12.05779,57.71309],[12.05849,57.7132],[12.06005,57.71587],[12.06092,57.71655],[12.06042,57.71711],[12.0615,57.7174],[12.06277,57.7184]]]}},{"type":"Feature","id":"1480R019","properties":{"code":"1480R019","name":"Björkekärr Rosendal"},"geometry":{"type":"Polygon","coordinates":[[[12.04393,57.71883],[12.04447,57.71846],[12.04406,57.71746],[12.04566,57.71722],[12.04467,57.71578],[12.04607,57.71423],[12.04238,57.71303],[12.04106,57.71318],[12.03957,57.714],[12.03924,57.71317],[12.03967,57.71192],[12.0389,57.71077],[12.03813,57.71132],[12.03715,57.71264],[12.03676,57.71375],[12.03583,57.71429],[12.03592,57.71488],[12.03649,57.7152],[12.035,57.71612],[12.03667,57.7175],[12.03603,57.71753],[12.03635,57.7178],[12.04093,57.71771],[12.04239,57.71803],[12.04393,57.71883]]]}},{"type":"Feature","id":"1480R020","properties":{"code":"1480R020","name":"Björkekärr Östra sjukhuset"},"geometry":{"type":"Polygon","coordinates":[[[12.04793,57.72334],[12.05476,57.72327],[12.05606,57.72295],[12.05762,57.72176],[12.05791,57.72188],[12.05842,57.72158],[12.0606,57.72154],[12.06277,57.7184],[12.0615,57.7174],[12.06042,57.71711],[12.06092,57.71655],[12.06005,57.71587],[12.05849,57.7132],[12.05779,57.71309],[12.05857,57.71272],[12.05612,57.7111],[12.05504,57.71275],[12.0535,57.71225],[12.05283,57.71226],[12.05247,57.71277],[12.05253,57.71293],[12.05315,57.71299],[12.05298,57.71503],[12.05338,57.71541],[12.05207,57.71559],[12.05116,57.71552],[12.04917,57.7148],[12.04607,57.71423],[12.04467,57.71578],[12.04566,57.71722],[12.04406,57.71746],[12.04447,57.71848],[12.04393,57.71883],[12.04539,57.71983],[12.04365,57.72049],[12.04323,57.72218],[12.04376,57.72294],[12.0454,57.72363],[12.04793,57.72334]]]}},{"type":"Feature","id":"1480R021","properties":{"code":"1480R021","name":"Björlanda"},"geometry":{"type":"Polygon","coordinates":[[[11.85819,57.76472],[11.85004,57.76378],[11.8511,57.76201],[11.85105,57.76024],[11.85354,57.75912],[11.85513,57.75788],[11.85712,57.7548],[11.85723,57.75367],[11.85675,57.75142],[11.8558,57.7501],[11.85433,57.74899],[11.85696,57.74806],[11.85919,57.74658],[11.86039,57.74489],[11.86056,57.74304],[11.86398,57.74213],[11.86145,57.74023],[11.85652,57.73872],[11.85534,57.73814],[11.85456,57.73697],[11.84373,57.73547],[11.84357,57.7357],[11.84175,57.73589],[11.84244,57.73693],[11.84248,57.73786],[11.84273,57.738],[11.84193,57.73875],[11.84121,57.73843],[11.84083,57.73798],[11.83941,57.73747],[11.83838,57.73615],[11.83499,57.73746],[11.83261,57.73697],[11.83158,57.73634],[11.83257,57.73544],[11.83207,57.73507],[11.83296,57.73472],[11.83289,57.73432],[11.82995,57.73428],[11.82916,57.73379],[11.8282,57.73401],[11.82666,57.73865],[11.82647,57.73857],[11.82667,57.73926],[11.82636,57.73926],[11.82752,57.73942],[11.82859,57.73911],[11.82942,57.73934],[11.82799,57.74008],[11.8273,57.74032],[11.82699,57.74023],[11.82669,57.74079],[11.82723,57.74095],[11.8257,57.74175],[11.82393,57.74213],[11.82227,57.74176],[11.82116,57.74115],[11.82053,57.74031],[11.82076,57.73863],[11.82044,57.73856],[11.82076,57.73859],[11.82106,57.73636],[11.82041,57.73647],[11.82027,57.72601],[11.81985,57.72599],[11.8199,57.72997],[11.81398,57.72999],[11.81428,57.72774],[11.81403,57.72631],[11.81334,57.7264],[11.81321,57.72609],[11.81133,57.72611],[11.81053,57.72538],[11.80796,57.72508],[11.80541,57.73092],[11.80132,57.73034],[11.79983,57.73138],[11.79997,57.73206],[11.79939,57.7326],[11.80041,57.7335],[11.79472,57.7333],[11.79365,57.73381],[11.79285,57.7339],[11.79209,57.73464],[11.79017,57.73553],[11.78714,57.73529],[11.78615,57.73544],[11.78265,57.73529],[11.78105,57.73544],[11.77951,57.73515],[11.77854,57.73546],[11.77797,57.73543],[11.77663,57.73485],[11.77462,57.73498],[11.77351,57.73468],[11.7729,57.73503],[11.7714,57.73507],[11.77015,57.73547],[11.768,57.73569],[11.76409,57.73675],[11.75348,57.73575],[11.73268,57.74048],[11.73244,57.7412],[11.73099,57.7414],[11.71847,57.74611],[11.71998,57.74777],[11.73162,57.7711],[11.80881,57.78953],[11.8218,57.79063],[11.82829,57.79185],[11.82879,57.79225],[11.83367,57.79411],[11.83612,57.79419],[11.83778,57.79273],[11.83797,57.79205],[11.83768,57.79175],[11.83886,57.79139],[11.83961,57.79083],[11.84287,57.78647],[11.84528,57.78597],[11.84698,57.78539],[11.84844,57.78465],[11.84968,57.7837],[11.85293,57.78325],[11.85525,57.78251],[11.85744,57.7814],[11.85999,57.7794],[11.86199,57.77881],[11.86404,57.77783],[11.86591,57.77621],[11.86804,57.77208],[11.86791,57.77062],[11.86703,57.76913],[11.86495,57.76744],[11.86058,57.76543],[11.85819,57.76472]]]}},{"type":"Feature","id":"1480R024","properties":{"code":"1480R024","name":"Brunnsbo torg"},"geometry":{"type":"Polygon","coordinates":[[[11.95136,57.74626],[11.95363,57.74093],[11.95419,57.74102],[11.95611,57.73961],[11.95689,57.73979],[11.95761,57.73926],[11.95943,57.73967],[11.95911,57.73989],[11.96043,57.74089],[11.96163,57.74058],[11.96136,57.74027],[11.96232,57.73986],[11.96307,57.7401],[11.96309,57.73974],[11.96257,57.73965],[11.9621,57.73903],[11.96234,57.73867],[11.96276,57.73885],[11.96316,57.73857],[11.96346,57.73798],[11.96315,57.7379],[11.96458,57.73772],[11.96445,57.73721],[11.96487,57.73708],[11.96319,57.73674],[11.96278,57.73641],[11.96124,57.73671],[11.96085,57.73634],[11.96234,57.73604],[11.96242,57.73561],[11.96183,57.73504],[11.96216,57.73477],[11.96269,57.73471],[11.96243,57.73408],[11.96284,57.73401],[11.96288,57.73377],[11.96214,57.7337],[11.96328,57.73153],[11.96264,57.72988],[11.9642,57.72992],[11.96325,57.7283],[11.96482,57.72912],[11.96688,57.72911],[11.96713,57.72884],[11.96904,57.72935],[11.96959,57.72968],[11.97089,57.73068],[11.9716,57.73162],[11.96941,57.73231],[11.97021,57.73325],[11.97102,57.73309],[11.97133,57.73356],[11.97282,57.73313],[11.97282,57.73334],[11.97321,57.73334],[11.97326,57.7327],[11.97428,57.73274],[11.97541,57.73144],[11.97385,57.72866],[11.97199,57.72764],[11.96916,57.72703],[11.96608,57.7268],[11.96289,57.7275],[11.96134,57.72814],[11.9598,57.72909],[11.95886,57.73011],[11.95232,57.72965],[11.95313,57.7315],[11.95308,57.73256],[11.95127,57.73732],[11.95099,57.7415],[11.95056,57.74329],[11.94908,57.74606],[11.95136,57.74626]]]}},{"type":"Feature","id":"1480R022","properties":{"code":"1480R022","name":"Bratthammar"},"geometry":{"type":"Polygon","coordinates":[[[11.88311,57.65714],[11.88421,57.65675],[11.88588,57.65544],[11.88692,57.65525],[11.88719,57.65534],[11.88742,57.6551],[11.88835,57.65534],[11.88896,57.65508],[11.88904,57.6546],[11.8898,57.65476],[11.89111,57.65402],[11.89287,57.6538],[11.89151,57.65238],[11.88933,57.65068],[11.89223,57.64855],[11.89114,57.64806],[11.88972,57.64689],[11.88793,57.64627],[11.88644,57.64624],[11.88537,57.64643],[11.88358,57.64719],[11.88201,57.64758],[11.87602,57.64784],[11.8678,57.64788],[11.8676,57.64966],[11.86804,57.65129],[11.8694,57.65323],[11.87062,57.65413],[11.87214,57.65464],[11.87683,57.65548],[11.88158,57.65708],[11.88189,57.65685],[11.88311,57.65714]]]}},{"type":"Feature","id":"1480R023","properties":{"code":"1480R023","name":"Brunnsbo norra"},"geometry":{"type":"Polygon","coordinates":[[[11.95603,57.74657],[11.9644,57.74299],[11.96453,57.74055],[11.96835,57.74161],[11.96923,57.74092],[11.97016,57.74067],[11.97367,57.74032],[11.9738,57.7383],[11.97529,57.73798],[11.97639,57.73807],[11.97716,57.73924],[11.97938,57.73738],[11.98029,57.73724],[11.98019,57.73702],[11.9792,57.73709],[11.97899,57.73695],[11.97902,57.73659],[11.97976,57.73648],[11.97964,57.73617],[11.97883,57.73629],[11.97819,57.73547],[11.97949,57.73527],[11.97986,57.73486],[11.98029,57.73485],[11.98027,57.73428],[11.9798,57.73426],[11.97926,57.73364],[11.98036,57.73346],[11.98057,57.73293],[11.98037,57.73266],[11.97971,57.73275],[11.97974,57.73235],[11.98089,57.73238],[11.98061,57.73206],[11.98,57.73202],[11.97991,57.73134],[11.98149,57.73115],[11.98236,57.73256],[11.98333,57.7333],[11.98488,57.73306],[11.98701,57.73846],[11.9984,57.73713],[11.99146,57.72593],[11.98991,57.72429],[11.98668,57.7219],[11.98559,57.72268],[11.98116,57.72486],[11.98085,57.7248],[11.97922,57.72605],[11.97623,57.72563],[11.97343,57.72564],[11.96608,57.7268],[11.96831,57.72692],[11.97103,57.72735],[11.97278,57.72795],[11.97385,57.72866],[11.97541,57.73144],[11.97428,57.73274],[11.97326,57.7327],[11.97321,57.73334],[11.97282,57.73334],[11.97282,57.73313],[11.97133,57.73356],[11.97102,57.73309],[11.97021,57.73325],[11.96941,57.73231],[11.9716,57.73162],[11.97089,57.73068],[11.96904,57.72935],[11.96713,57.72884],[11.96688,57.72911],[11.96482,57.72912],[11.96325,57.7283],[11.9642,57.72992],[11.96264,57.72988],[11.96328,57.73153],[11.96214,57.7337],[11.96288,57.73377],[11.96284,57.73401],[11.96243,57.73408],[11.96269,57.73471],[11.96216,57.73477],[11.96183,57.73504],[11.96242,57.73561],[11.96234,57.73604],[11.96085,57.73634],[11.96124,57.73671],[11.96278,57.73641],[11.96319,57.73674],[11.96487,57.73708],[11.96445,57.73721],[11.96458,57.73772],[11.96315,57.7379],[11.96346,57.73798],[11.96316,57.73857],[11.96276,57.73885],[11.96234,57.73867],[11.9621,57.73903],[11.96257,57.73965],[11.96309,57.73974],[11.96305,57.74011],[11.96232,57.73986],[11.96136,57.74027],[11.96163,57.74058],[11.96043,57.74089],[11.95911,57.73989],[11.95943,57.73967],[11.95761,57.73926],[11.95689,57.73979],[11.95611,57.73961],[11.95419,57.74102],[11.95363,57.74093],[11.95136,57.74626],[11.95603,57.74657]]]}},{"type":"Feature","id":"1480R025","properties":{"code":"1480R025","name":"Eriksberg"},"geometry":{"type":"Polygon","coordinates":[[[11.92463,57.70992],[11.92479,57.70947],[11.92739,57.70869],[11.92633,57.7062],[11.92644,57.70388],[11.92821,57.70079],[11.92295,57.69952],[11.91932,57.6989],[11.91433,57.69657],[11.91315,57.69558],[11.91201,57.69511],[11.91233,57.69479],[11.91113,57.69395],[11.91005,57.69352],[11.90766,57.69308],[11.90474,57.69148],[11.90184,57.69047],[11.89878,57.69535],[11.89448,57.70073],[11.89779,57.7001],[11.90182,57.70041],[11.90368,57.70078],[11.90382,57.70059],[11.90818,57.70151],[11.90824,57.70173],[11.91014,57.70259],[11.91061,57.70238],[11.91094,57.70252],[11.91115,57.7039],[11.9118,57.7046],[11.91637,57.70623],[11.91786,57.70706],[11.91849,57.70777],[11.91841,57.70975],[11.92152,57.7098],[11.92411,57.71017],[11.92463,57.70992]]]}},{"type":"Feature","id":"1480R026","properties":{"code":"1480R026","name":"Eriksbo"},"geometry":{"type":"Polygon","coordinates":[[[12.04599,57.77068],[12.04865,57.77037],[12.04879,57.77001],[12.04841,57.76954],[12.04715,57.7694],[12.04534,57.76875],[12.04222,57.76887],[12.04052,57.7685],[12.03955,57.76899],[12.03915,57.76876],[12.03837,57.76744],[12.03704,57.76701],[12.03483,57.7668],[12.03324,57.7721],[12.03745,57.77284],[12.03996,57.7729],[12.04427,57.77255],[12.0443,57.77208],[12.04589,57.77194],[12.04599,57.77068]]]}},{"type":"Feature","id":"1480R027","properties":{"code":"1480R027","name":"Fiskebäck södra"},"geometry":{"type":"Polygon","coordinates":[[[11.88847,57.66745],[11.89064,57.66309],[11.89233,57.66097],[11.88895,57.65991],[11.87801,57.65581],[11.87572,57.65523],[11.87214,57.65464],[11.87062,57.65413],[11.8694,57.65323],[11.86771,57.65053],[11.86766,57.64871],[11.86807,57.64668],[11.86784,57.64609],[11.8669,57.64551],[11.86235,57.64421],[11.86172,57.64445],[11.86173,57.64519],[11.86135,57.64551],[11.85966,57.64523],[11.85879,57.64416],[11.85675,57.64304],[11.85788,57.64164],[11.85852,57.6413],[11.85806,57.64125],[11.85309,57.64249],[11.84821,57.64048],[11.84168,57.63913],[11.84131,57.63939],[11.83974,57.63837],[11.83678,57.63765],[11.83489,57.63767],[11.83255,57.63818],[11.82405,57.63833],[11.82681,57.63967],[11.82503,57.64036],[11.82401,57.64115],[11.82347,57.6422],[11.82359,57.64328],[11.82472,57.64457],[11.8269,57.64549],[11.82613,57.64841],[11.82477,57.64884],[11.82288,57.64984],[11.82202,57.65069],[11.82165,57.65161],[11.82529,57.65163],[11.831,57.65243],[11.84138,57.65449],[11.84399,57.65558],[11.84911,57.65921],[11.85013,57.65953],[11.85331,57.66235],[11.85687,57.66443],[11.85608,57.66616],[11.86006,57.66649],[11.86162,57.66638],[11.86207,57.66328],[11.86308,57.66342],[11.86331,57.66318],[11.86318,57.66259],[11.86375,57.66254],[11.86388,57.66299],[11.86553,57.66315],[11.86598,57.66311],[11.86528,57.66272],[11.8652,57.66247],[11.8655,57.66235],[11.86664,57.66227],[11.86703,57.66207],[11.86918,57.6622],[11.87009,57.66206],[11.87128,57.66223],[11.87212,57.66291],[11.87327,57.66298],[11.87331,57.66312],[11.87603,57.66336],[11.87682,57.66333],[11.87795,57.66292],[11.87856,57.66314],[11.87935,57.66409],[11.87908,57.66416],[11.88018,57.6649],[11.88016,57.66509],[11.88173,57.66562],[11.88206,57.66614],[11.88249,57.66599],[11.88426,57.66626],[11.88746,57.66885],[11.88847,57.66745]]]}},{"type":"Feature","id":"1480R028","properties":{"code":"1480R028","name":"Fiskebäck Tranered"},"geometry":{"type":"Polygon","coordinates":[[[11.88173,57.67409],[11.8851,57.67138],[11.88746,57.66885],[11.88426,57.66626],[11.88249,57.66599],[11.88206,57.66614],[11.88173,57.66562],[11.88016,57.66509],[11.88018,57.6649],[11.87908,57.66416],[11.87935,57.66409],[11.87866,57.6632],[11.87795,57.66292],[11.87682,57.66333],[11.87426,57.66323],[11.87212,57.66291],[11.87128,57.66223],[11.87009,57.66206],[11.86918,57.6622],[11.86703,57.66207],[11.86664,57.66227],[11.8655,57.66235],[11.8652,57.66247],[11.86528,57.66272],[11.86598,57.66311],[11.86553,57.66315],[11.86388,57.66299],[11.86375,57.66254],[11.86318,57.66259],[11.86331,57.66318],[11.86308,57.66342],[11.86207,57.66328],[11.86162,57.66638],[11.86006,57.66649],[11.85608,57.66616],[11.85579,57.66676],[11.85607,57.66722],[11.85574,57.66937],[11.85921,57.66862],[11.86173,57.66741],[11.86282,57.66723],[11.86376,57.6673],[11.87742,57.67101],[11.87834,57.67151],[11.88103,57.67378],[11.88173,57.67409]]]}},{"type":"Feature","id":"1480R030","properties":{"code":"1480R030","name":"Frölunda torg västra"},"geometry":{"type":"Polygon","coordinates":[[[11.90121,57.65906],[11.90214,57.65908],[11.90216,57.65975],[11.90276,57.65966],[11.90379,57.65873],[11.90344,57.65853],[11.90407,57.65819],[11.90458,57.65823],[11.90491,57.65719],[11.90685,57.65737],[11.90689,57.65662],[11.91208,57.65694],[11.9114,57.65603],[11.9117,57.65485],[11.91049,57.65325],[11.90862,57.65314],[11.9081,57.65335],[11.90579,57.65191],[11.8995,57.65526],[11.89625,57.65754],[11.89762,57.65807],[11.89862,57.65818],[11.89914,57.65849],[11.89875,57.66044],[11.89994,57.66049],[11.90121,57.65906]]]}},{"type":"Feature","id":"1480R031","properties":{"code":"1480R031","name":"Frölunda torg östra"},"geometry":{"type":"Polygon","coordinates":[[[11.91208,57.65694],[11.91657,57.65703],[11.91773,57.65662],[11.91522,57.65436],[11.91489,57.64851],[11.91035,57.65003],[11.90579,57.65191],[11.9081,57.65335],[11.90853,57.65314],[11.90941,57.65311],[11.91054,57.65328],[11.9117,57.65485],[11.9114,57.65599],[11.91168,57.65651],[11.91208,57.65694]]]}},{"type":"Feature","id":"1480R032","properties":{"code":"1480R032","name":"Gamlestaden Kviberg"},"geometry":{"type":"Polygon","coordinates":[[[12.01402,57.74706],[12.01991,57.74589],[12.02265,57.74482],[12.02298,57.745],[12.02383,57.7447],[12.02358,57.74451],[12.0261,57.74364],[12.02799,57.74247],[12.02898,57.74225],[12.02893,57.74208],[12.02957,57.74173],[12.03235,57.74374],[12.03298,57.74304],[12.03407,57.74264],[12.0347,57.74262],[12.03555,57.74359],[12.0372,57.74364],[12.03819,57.74412],[12.03918,57.74427],[12.03891,57.74469],[12.03951,57.74499],[12.03906,57.74546],[12.0393,57.74691],[12.0416,57.7471],[12.04078,57.74733],[12.04761,57.74758],[12.04704,57.74639],[12.04717,57.74612],[12.04669,57.74588],[12.04663,57.74547],[12.04698,57.74467],[12.04783,57.74443],[12.04818,57.74403],[12.04795,57.74298],[12.04818,57.74235],[12.0476,57.74178],[12.0465,57.74157],[12.04559,57.74064],[12.04529,57.73965],[12.04474,57.73952],[12.04363,57.73879],[12.04337,57.73821],[12.04362,57.73786],[12.04248,57.73722],[12.0422,57.73641],[12.04238,57.73605],[12.04162,57.7357],[12.04176,57.73505],[12.04125,57.73453],[12.04064,57.7343],[12.04087,57.73386],[12.04067,57.7336],[12.04093,57.73361],[12.04121,57.73308],[12.04236,57.73246],[12.03866,57.7319],[12.03092,57.73149],[12.02905,57.73106],[12.02746,57.73015],[12.02582,57.72995],[12.02324,57.73203],[12.02238,57.73176],[12.02317,57.73406],[12.01784,57.73454],[12.01583,57.73509],[12.0156,57.73619],[12.01588,57.7374],[12.0149,57.73879],[12.0158,57.73913],[12.01563,57.73947],[12.01122,57.74181],[12.01402,57.74706]]]}},{"type":"Feature","id":"1480R033","properties":{"code":"1480R033","name":"Gamlestaden västra"},"geometry":{"type":"Polygon","coordinates":[[[12.02016,57.76395],[12.02115,57.76412],[12.01497,57.75203],[12.01446,57.75148],[12.01406,57.7504],[12.01402,57.74706],[12.01122,57.74181],[12.01563,57.73947],[12.0158,57.73913],[12.0149,57.73879],[12.01588,57.7374],[12.0156,57.73619],[12.01583,57.73509],[12.01784,57.73454],[12.02317,57.73406],[12.02238,57.73176],[12.02324,57.73203],[12.02582,57.72995],[12.01612,57.72759],[12.00748,57.72734],[12.0028,57.72665],[12.00154,57.72591],[11.99782,57.7222],[11.99586,57.721],[11.99523,57.72087],[11.9876,57.72113],[11.98668,57.7219],[11.98991,57.72429],[11.99146,57.72593],[11.99626,57.7339],[12.00196,57.74183],[12.00319,57.7438],[12.0039,57.7457],[12.00394,57.74645],[12.00262,57.75012],[11.99841,57.75906],[11.99854,57.76059],[11.99913,57.76179],[12.00009,57.76269],[12.00154,57.76348],[12.00356,57.7617],[12.00521,57.76061],[12.00625,57.76046],[12.00734,57.76083],[12.00819,57.76086],[12.00958,57.76041],[12.01003,57.76053],[12.01127,57.76202],[12.01262,57.76227],[12.01361,57.76222],[12.01401,57.76146],[12.01448,57.76138],[12.01526,57.76268],[12.01844,57.76401],[12.01891,57.76446],[12.01936,57.76448],[12.02016,57.76395]]]}},{"type":"Feature","id":"1480R034","properties":{"code":"1480R034","name":"Grevegården"},"geometry":{"type":"Polygon","coordinates":[[[11.90065,57.64249],[11.89603,57.64159],[11.89467,57.64356],[11.89463,57.64524],[11.89223,57.64855],[11.9025,57.65151],[11.90458,57.65249],[11.90727,57.65125],[11.90565,57.65097],[11.90431,57.65034],[11.90373,57.64965],[11.90329,57.64792],[11.90274,57.64708],[11.89993,57.64579],[11.89907,57.64517],[11.89888,57.644],[11.90065,57.64249]]]}},{"type":"Feature","id":"1480R035","properties":{"code":"1480R035","name":"Grimmered"},"geometry":{"type":"Polygon","coordinates":[[[11.90651,57.68013],[11.91001,57.68005],[11.91141,57.67969],[11.91247,57.6789],[11.9131,57.67785],[11.91509,57.67679],[11.91504,57.67617],[11.91401,57.6762],[11.91333,57.67595],[11.91039,57.67608],[11.90938,57.67564],[11.90924,57.67502],[11.90847,57.67425],[11.90842,57.67391],[11.90872,57.6739],[11.90837,57.67138],[11.90715,57.67105],[11.90693,57.6706],[11.90636,57.67057],[11.90625,57.67041],[11.90658,57.66956],[11.90687,57.66954],[11.90722,57.66898],[11.90802,57.66894],[11.90797,57.66857],[11.90481,57.66874],[11.90452,57.66815],[11.9054,57.6681],[11.90536,57.6679],[11.90449,57.66794],[11.90448,57.66751],[11.90502,57.66739],[11.90456,57.66678],[11.90487,57.66676],[11.90479,57.66602],[11.90399,57.66597],[11.90371,57.66611],[11.90312,57.6658],[11.90032,57.66536],[11.90027,57.66402],[11.89791,57.66343],[11.89777,57.66356],[11.89732,57.66343],[11.89852,57.66145],[11.89914,57.65849],[11.89862,57.65818],[11.89762,57.65807],[11.89625,57.65754],[11.89359,57.65976],[11.89144,57.66198],[11.88746,57.66885],[11.89102,57.67172],[11.89074,57.67177],[11.89074,57.67207],[11.89111,57.67207],[11.89111,57.67226],[11.89169,57.67225],[11.89211,57.67259],[11.89383,57.6724],[11.89448,57.67319],[11.89501,57.67313],[11.89495,57.67287],[11.89575,57.67248],[11.89673,57.67233],[11.89659,57.67391],[11.89695,57.67454],[11.89658,57.67463],[11.89635,57.67548],[11.89591,57.67544],[11.89576,57.6759],[11.89495,57.67587],[11.89309,57.67811],[11.89435,57.6782],[11.89462,57.67829],[11.89452,57.67865],[11.89607,57.67885],[11.89765,57.67942],[11.89811,57.67873],[11.90084,57.67974],[11.90066,57.67996],[11.90037,57.67984],[11.89988,57.68035],[11.90381,57.68215],[11.905,57.68222],[11.90449,57.68092],[11.90473,57.68043],[11.90651,57.68013]]]}},{"type":"Feature","id":"1480R036","properties":{"code":"1480R036","name":"Guldheden mellersta"},"geometry":{"type":"Polygon","coordinates":[[[11.97694,57.68522],[11.97775,57.68433],[11.97823,57.68417],[11.97886,57.68348],[11.97918,57.68362],[11.98003,57.68271],[11.97859,57.68229],[11.97866,57.68205],[11.97769,57.68192],[11.97686,57.68312],[11.9757,57.68401],[11.97289,57.68447],[11.97264,57.68433],[11.97308,57.6841],[11.97211,57.68365],[11.96997,57.68192],[11.96961,57.68189],[11.96943,57.68219],[11.96904,57.68213],[11.96951,57.68159],[11.96861,57.68167],[11.96876,57.68194],[11.96842,57.6823],[11.96766,57.68212],[11.96646,57.68217],[11.96644,57.68189],[11.96588,57.68154],[11.96488,57.6814],[11.96359,57.68445],[11.96702,57.68815],[11.97026,57.69001],[11.9703,57.68954],[11.97235,57.68948],[11.97629,57.68581],[11.9773,57.6857],[11.97744,57.68553],[11.97694,57.68522]]]}},{"type":"Feature","id":"1480R037","properties":{"code":"1480R037","name":"Guldheden norra"},"geometry":{"type":"Polygon","coordinates":[[[11.96155,57.69271],[11.96347,57.69226],[11.96697,57.69224],[11.96812,57.6913],[11.97022,57.69066],[11.97026,57.69001],[11.96702,57.68815],[11.96359,57.68445],[11.96115,57.68765],[11.96185,57.6879],[11.96166,57.68851],[11.96147,57.68864],[11.96078,57.68844],[11.9591,57.68931],[11.96002,57.69007],[11.96035,57.69132],[11.961,57.6922],[11.96155,57.69271]]]}},{"type":"Feature","id":"1480R038","properties":{"code":"1480R038","name":"Guldheden södra"},"geometry":{"type":"Polygon","coordinates":[[[11.97736,57.68252],[11.97769,57.68192],[11.97866,57.68205],[11.97859,57.68229],[11.98003,57.68271],[11.98142,57.68077],[11.98212,57.6806],[11.98232,57.68035],[11.98397,57.68069],[11.98446,57.67963],[11.98415,57.67921],[11.98429,57.67806],[11.98471,57.67806],[11.98482,57.67784],[11.98415,57.67767],[11.98299,57.67761],[11.98296,57.67777],[11.98249,57.67759],[11.97168,57.67707],[11.96956,57.67746],[11.96922,57.67695],[11.9697,57.67691],[11.9683,57.67582],[11.96745,57.67604],[11.96609,57.67676],[11.96631,57.67692],[11.96574,57.67719],[11.96625,57.67748],[11.96502,57.67778],[11.96533,57.67825],[11.96819,57.67875],[11.96865,57.67912],[11.96595,57.68056],[11.96488,57.6814],[11.96588,57.68154],[11.96644,57.68189],[11.96646,57.68217],[11.96766,57.68212],[11.96842,57.6823],[11.96876,57.68194],[11.96861,57.68167],[11.96951,57.68159],[11.96904,57.68213],[11.96943,57.68219],[11.96961,57.68189],[11.96997,57.68192],[11.97211,57.68365],[11.97308,57.6841],[11.97264,57.68433],[11.97289,57.68447],[11.9757,57.68401],[11.97736,57.68252]]]}},{"type":"Feature","id":"1480R039","properties":{"code":"1480R039","name":"Guldringen"},"geometry":{"type":"Polygon","coordinates":[[[11.89237,57.66092],[11.89625,57.65754],[11.89578,57.6573],[11.89679,57.65648],[11.89303,57.65515],[11.89415,57.65424],[11.89287,57.6538],[11.89111,57.65402],[11.8898,57.65476],[11.88904,57.6546],[11.88896,57.65508],[11.88835,57.65534],[11.88742,57.6551],[11.88719,57.65534],[11.88692,57.65525],[11.88588,57.65544],[11.88421,57.65675],[11.88324,57.65712],[11.88189,57.65685],[11.88158,57.65708],[11.88895,57.65991],[11.89237,57.66092]]]}},{"type":"Feature","id":"1480R040","properties":{"code":"1480R040","name":"Gårdsten nordöstra"},"geometry":{"type":"Polygon","coordinates":[[[12.02726,57.81273],[12.02797,57.81081],[12.02797,57.80667],[12.02685,57.80696],[12.02721,57.80474],[12.02698,57.80474],[12.02683,57.80426],[12.02681,57.80295],[12.02926,57.80384],[12.03074,57.80341],[12.03376,57.80346],[12.03575,57.80025],[12.03616,57.80023],[12.03634,57.79978],[12.03562,57.79896],[12.03693,57.79864],[12.03621,57.79782],[12.0348,57.79794],[12.03223,57.79768],[12.03195,57.79728],[12.03037,57.79745],[12.0284,57.79722],[12.02484,57.79811],[12.02404,57.79866],[12.02372,57.79929],[12.02035,57.79959],[12.01633,57.79962],[12.01659,57.80082],[12.01608,57.80565],[12.01617,57.80665],[12.01665,57.80666],[12.0171,57.80784],[12.01668,57.80951],[12.01689,57.81064],[12.01764,57.8106],[12.01888,57.81181],[12.02197,57.81202],[12.02463,57.81193],[12.02553,57.81241],[12.02726,57.81273]]]}},{"type":"Feature","id":"1480R041","properties":{"code":"1480R041","name":"Gårdsten sydvästra"},"geometry":{"type":"Polygon","coordinates":[[[12.03519,57.80972],[12.037,57.80961],[12.03682,57.80919],[12.03889,57.80747],[12.03692,57.80425],[12.0373,57.80373],[12.03903,57.80273],[12.03855,57.80242],[12.03857,57.80184],[12.03925,57.80143],[12.03693,57.79864],[12.03562,57.79896],[12.03634,57.79978],[12.03616,57.80023],[12.03575,57.80025],[12.03376,57.80346],[12.03074,57.80341],[12.02926,57.80384],[12.02681,57.80295],[12.02683,57.80426],[12.02698,57.80474],[12.02721,57.80474],[12.02685,57.80696],[12.02797,57.80667],[12.02797,57.81081],[12.02726,57.81273],[12.02773,57.81297],[12.02737,57.81392],[12.0291,57.81455],[12.02896,57.81486],[12.0291,57.81455],[12.03091,57.81352],[12.03097,57.8131],[12.03363,57.81085],[12.03345,57.81017],[12.03519,57.80972]]]}},{"type":"Feature","id":"1480R042","properties":{"code":"1480R042","name":"Haga"},"geometry":{"type":"Polygon","coordinates":[[[11.95992,57.70038],[11.96095,57.70047],[11.96084,57.69984],[11.96309,57.69991],[11.96264,57.6963],[11.96006,57.6964],[11.95816,57.69525],[11.95584,57.69559],[11.95506,57.69542],[11.95418,57.69629],[11.95323,57.69584],[11.95258,57.69637],[11.95212,57.69644],[11.95147,57.69623],[11.95104,57.69741],[11.95237,57.69965],[11.95377,57.70043],[11.95487,57.7019],[11.95538,57.70174],[11.95643,57.70091],[11.95992,57.70038]]]}},{"type":"Feature","id":"1480R056","properties":{"code":"1480R056","name":"Högsbotorp östra"},"geometry":{"type":"Polygon","coordinates":[[[11.93423,57.67641],[11.93852,57.67529],[11.93994,57.67558],[11.93783,57.66832],[11.93149,57.66808],[11.9315,57.67159],[11.93012,57.67174],[11.93155,57.67322],[11.92928,57.67601],[11.93005,57.67619],[11.93149,57.67598],[11.93151,57.67624],[11.93218,57.6763],[11.93215,57.67589],[11.93288,57.67578],[11.93297,57.67623],[11.93347,57.67587],[11.93426,57.67582],[11.93423,57.67641]]]}},{"type":"Feature","id":"1480R043","properties":{"code":"1480R043","name":"Hagen"},"geometry":{"type":"Polygon","coordinates":[[[11.90184,57.69047],[11.90455,57.68614],[11.905,57.68222],[11.90381,57.68215],[11.89988,57.68035],[11.90037,57.67984],[11.90066,57.67996],[11.90084,57.67974],[11.89811,57.67873],[11.89765,57.67942],[11.89607,57.67885],[11.89452,57.67865],[11.89462,57.67829],[11.89435,57.6782],[11.89309,57.67811],[11.89495,57.67587],[11.89576,57.6759],[11.89591,57.67544],[11.89635,57.67548],[11.89658,57.67463],[11.89695,57.67454],[11.89659,57.67391],[11.89673,57.67233],[11.89575,57.67248],[11.89495,57.67287],[11.89501,57.67313],[11.89448,57.67319],[11.89383,57.6724],[11.89211,57.67259],[11.89169,57.67225],[11.89111,57.67226],[11.89111,57.67207],[11.89074,57.67207],[11.89074,57.67177],[11.89102,57.67172],[11.88746,57.66885],[11.8851,57.67138],[11.88165,57.67414],[11.87772,57.67115],[11.87157,57.66939],[11.87089,57.67137],[11.87036,57.67167],[11.8692,57.67191],[11.87014,57.67241],[11.87022,57.67287],[11.87082,57.67286],[11.87146,57.67329],[11.87093,57.67382],[11.87114,57.67443],[11.87234,57.67513],[11.8715,57.67565],[11.86828,57.67597],[11.86853,57.67696],[11.86811,57.67732],[11.86883,57.67817],[11.86928,57.67793],[11.86978,57.67866],[11.87105,57.67894],[11.87107,57.67937],[11.87154,57.67935],[11.87158,57.67963],[11.8705,57.6808],[11.87004,57.68066],[11.86662,57.68574],[11.86847,57.6861],[11.86989,57.6868],[11.87166,57.68929],[11.87741,57.68816],[11.88195,57.68872],[11.88955,57.68734],[11.89008,57.68738],[11.89256,57.68857],[11.89772,57.68928],[11.90184,57.69047]]]}},{"type":"Feature","id":"1480R044","properties":{"code":"1480R044","name":"Hammarkullen centrala"},"geometry":{"type":"Polygon","coordinates":[[[12.0413,57.78096],[12.04073,57.77818],[12.03475,57.77822],[12.03474,57.778],[12.03244,57.77802],[12.03244,57.77823],[12.02998,57.77824],[12.03005,57.78047],[12.02891,57.78123],[12.02931,57.78129],[12.02918,57.78181],[12.03012,57.78201],[12.03067,57.78318],[12.02914,57.78652],[12.03245,57.78684],[12.03501,57.78772],[12.03559,57.78733],[12.03625,57.78664],[12.03675,57.78489],[12.03718,57.78439],[12.04099,57.78183],[12.0413,57.78096]]]}},{"type":"Feature","id":"1480R045","properties":{"code":"1480R045","name":"Hammarkullen yttre"},"geometry":{"type":"Polygon","coordinates":[[[12.04094,57.78966],[12.0432,57.78765],[12.04593,57.78847],[12.04631,57.78792],[12.04875,57.78859],[12.0493,57.78799],[12.04999,57.7883],[12.0499,57.7875],[12.04799,57.7865],[12.04703,57.78479],[12.04712,57.78376],[12.0481,57.7818],[12.04855,57.77972],[12.0478,57.77837],[12.04791,57.77592],[12.047,57.77499],[12.0452,57.77445],[12.04441,57.77355],[12.04427,57.77255],[12.03996,57.7729],[12.03745,57.77284],[12.03324,57.7721],[12.0336,57.77317],[12.03334,57.77512],[12.03261,57.77512],[12.03144,57.77635],[12.03007,57.77636],[12.0283,57.77307],[12.02735,57.77354],[12.02629,57.77368],[12.02567,57.7727],[12.02515,57.77253],[12.02333,57.77281],[12.02328,57.77337],[12.01952,57.77376],[12.01856,57.7715],[12.01517,57.77194],[12.01327,57.77412],[12.0122,57.77435],[12.01294,57.77511],[12.01311,57.77647],[12.01235,57.77693],[12.01193,57.77882],[12.01502,57.78218],[12.01883,57.78284],[12.01922,57.78402],[12.01875,57.78712],[12.01715,57.78741],[12.01716,57.78776],[12.01677,57.78789],[12.01698,57.78826],[12.02036,57.7881],[12.02674,57.7868],[12.02914,57.78652],[12.03067,57.78318],[12.03012,57.78201],[12.02918,57.78181],[12.02931,57.78129],[12.02891,57.78123],[12.03005,57.78047],[12.02998,57.77824],[12.03244,57.77823],[12.03244,57.77802],[12.03474,57.778],[12.03475,57.77822],[12.04073,57.77818],[12.0413,57.78096],[12.04099,57.78183],[12.03718,57.78439],[12.03675,57.78489],[12.03625,57.78664],[12.03501,57.78772],[12.03671,57.78841],[12.04094,57.78966]]]}},{"type":"Feature","id":"1480R046","properties":{"code":"1480R046","name":"Heden västra"},"geometry":{"type":"Polygon","coordinates":[[[11.98319,57.7012],[11.98516,57.69978],[11.98619,57.69993],[11.98711,57.69619],[11.98355,57.69765],[11.97117,57.70387],[11.97293,57.70403],[11.97269,57.70525],[11.97303,57.7057],[11.9749,57.7066],[11.97433,57.70745],[11.98502,57.7075],[11.98501,57.70469],[11.98557,57.70217],[11.98319,57.7012]]]}},{"type":"Feature","id":"1480R047","properties":{"code":"1480R047","name":"Heden östra"},"geometry":{"type":"Polygon","coordinates":[[[11.98502,57.7075],[11.9888,57.70757],[11.99202,57.70733],[11.9959,57.70632],[11.99482,57.70209],[11.99626,57.69585],[11.99729,57.6929],[11.99466,57.69255],[11.99483,57.69209],[11.99239,57.69171],[11.99215,57.69152],[11.98711,57.69619],[11.98619,57.69993],[11.98516,57.69978],[11.98319,57.7012],[11.98557,57.70217],[11.98497,57.70627],[11.98502,57.7075]]]}},{"type":"Feature","id":"1480R050","properties":{"code":"1480R050","name":"Hjällbo östra"},"geometry":{"type":"Polygon","coordinates":[[[12.03144,57.77635],[12.03261,57.77512],[12.03334,57.77512],[12.0336,57.77317],[12.03321,57.77201],[12.03483,57.7668],[12.03394,57.76683],[12.03242,57.76735],[12.03123,57.76648],[12.03026,57.76636],[12.03002,57.76583],[12.02726,57.76577],[12.02676,57.76564],[12.02645,57.76517],[12.02587,57.76487],[12.02229,57.76459],[12.02196,57.76557],[12.01936,57.76702],[12.01933,57.76769],[12.02025,57.76808],[12.02138,57.76815],[12.02333,57.77281],[12.02515,57.77253],[12.02567,57.7727],[12.02629,57.77368],[12.02735,57.77354],[12.0283,57.77307],[12.03007,57.77636],[12.03144,57.77635]]]}},{"type":"Feature","id":"1480R051","properties":{"code":"1480R051","name":"Hovås"},"geometry":{"type":"Polygon","coordinates":[[[11.96807,57.62976],[11.97605,57.62224],[11.98926,57.60605],[11.9919,57.60625],[11.99234,57.60522],[11.99186,57.60362],[11.9975,57.60148],[12.00174,57.59946],[11.99924,57.59604],[11.99111,57.59582],[11.99199,57.59726],[11.99158,57.59745],[11.99048,57.59657],[11.98895,57.59612],[11.98888,57.59239],[11.98859,57.59198],[11.98812,57.59181],[11.98822,57.59137],[11.98789,57.59117],[11.97083,57.59475],[11.96948,57.59323],[11.96364,57.59544],[11.96417,57.59614],[11.96184,57.59663],[11.96139,57.59747],[11.96189,57.59741],[11.9615,57.59812],[11.95999,57.59851],[11.9616,57.60072],[11.9709,57.60253],[11.96955,57.60331],[11.96926,57.60373],[11.96951,57.60447],[11.97022,57.60519],[11.96973,57.6054],[11.96981,57.60574],[11.96836,57.60633],[11.96805,57.60636],[11.96784,57.60578],[11.96647,57.6061],[11.96618,57.60592],[11.95032,57.60998],[11.95027,57.6073],[11.95065,57.60565],[11.94975,57.60687],[11.94764,57.60884],[11.94314,57.61186],[11.93844,57.60953],[11.93701,57.6096],[11.93666,57.60981],[11.93542,57.60996],[11.93533,57.60979],[11.93409,57.60962],[11.93407,57.60925],[11.93305,57.60913],[11.93305,57.60861],[11.93198,57.60841],[11.93189,57.60891],[11.93055,57.6086],[11.93027,57.60872],[11.92972,57.60936],[11.92983,57.60963],[11.92761,57.61043],[11.92647,57.61058],[11.92647,57.61109],[11.90974,57.61335],[11.91218,57.614],[11.91421,57.61523],[11.91483,57.61591],[11.91545,57.61731],[11.91592,57.61728],[11.91618,57.61827],[11.91742,57.61984],[11.91967,57.62083],[11.92215,57.62151],[11.92297,57.62252],[11.9277,57.62385],[11.93175,57.62454],[11.93237,57.6249],[11.93338,57.6251],[11.93474,57.62496],[11.93417,57.62611],[11.93547,57.62639],[11.93721,57.62642],[11.93816,57.62674],[11.93843,57.62658],[11.94066,57.62674],[11.94084,57.62649],[11.94324,57.6266],[11.94386,57.62584],[11.94541,57.62589],[11.94461,57.6277],[11.96157,57.62751],[11.96229,57.62699],[11.96527,57.6278],[11.96639,57.62923],[11.96807,57.62976]]]}},{"type":"Feature","id":"1480R048","properties":{"code":"1480R048","name":"Hjuvik"},"geometry":{"type":"Polygon","coordinates":[[[11.7189,57.72595],[11.72289,57.72222],[11.7243,57.72282],[11.72285,57.72404],[11.72468,57.7251],[11.72641,57.7273],[11.72686,57.72736],[11.72748,57.72703],[11.72865,57.72696],[11.72776,57.7211],[11.73278,57.72071],[11.73288,57.71416],[11.74779,57.71144],[11.74703,57.70953],[11.75645,57.71729],[11.75644,57.71714],[11.75694,57.71702],[11.75743,57.71709],[11.75713,57.71658],[11.75853,57.71604],[11.75933,57.71632],[11.75964,57.71677],[11.7622,57.71657],[11.76301,57.71566],[11.76421,57.71553],[11.76459,57.71437],[11.76534,57.71409],[11.76433,57.71314],[11.76437,57.71271],[11.76858,57.71024],[11.76884,57.70939],[11.77048,57.70921],[11.77178,57.70881],[11.77193,57.70705],[11.77245,57.70717],[11.77353,57.70595],[11.77324,57.70523],[11.77328,57.70239],[11.77707,57.70251],[11.77853,57.70307],[11.7797,57.70298],[11.78272,57.70136],[11.78463,57.70089],[11.78731,57.69931],[11.78749,57.69939],[11.78794,57.69912],[11.78802,57.69938],[11.78907,57.69984],[11.78986,57.69931],[11.79286,57.69846],[11.79276,57.69772],[11.79065,57.69619],[11.78975,57.692],[11.78473,57.68986],[11.78289,57.68886],[11.78245,57.68628],[11.78263,57.68352],[11.78431,57.6743],[11.7738,57.67262],[11.76953,57.67217],[11.76447,57.67137],[11.75841,57.67145],[11.7523,57.67123],[11.73206,57.66492],[11.70423,57.66516],[11.69789,57.6738],[11.69577,57.69046],[11.69094,57.70254],[11.69433,57.70693],[11.69891,57.71582],[11.6983,57.72173],[11.7054,57.73138],[11.71648,57.73031],[11.71695,57.72881],[11.71717,57.72629],[11.7189,57.72595]]]}},{"type":"Feature","id":"1480R049","properties":{"code":"1480R049","name":"Hjällbo västra"},"geometry":{"type":"Polygon","coordinates":[[[12.02319,57.77214],[12.02138,57.76815],[12.01976,57.76794],[12.0192,57.76736],[12.01998,57.76653],[12.02196,57.76557],[12.02229,57.76459],[12.02143,57.76459],[12.02118,57.76414],[12.02048,57.76395],[12.01994,57.76401],[12.01936,57.76448],[12.01891,57.76446],[12.01844,57.76401],[12.01526,57.76268],[12.01448,57.76138],[12.01401,57.76146],[12.01361,57.76222],[12.01262,57.76227],[12.01127,57.76202],[12.01086,57.76177],[12.01067,57.76118],[12.01003,57.76053],[12.00958,57.76041],[12.00819,57.76086],[12.00734,57.76083],[12.00625,57.76046],[12.00521,57.76061],[12.00356,57.7617],[12.00154,57.76348],[12.00342,57.76467],[12.00424,57.7659],[12.00524,57.76844],[12.00554,57.77036],[12.01202,57.76965],[12.01216,57.77014],[12.01368,57.7702],[12.01517,57.77194],[12.01856,57.7715],[12.01952,57.77376],[12.02328,57.77337],[12.02319,57.77214]]]}},{"type":"Feature","id":"1480R052","properties":{"code":"1480R052","name":"Högsbo-Flatås östra"},"geometry":{"type":"Polygon","coordinates":[[[11.94018,57.66838],[11.94127,57.66675],[11.94316,57.66636],[11.94354,57.6661],[11.94333,57.66585],[11.94398,57.66613],[11.94672,57.66652],[11.95637,57.65505],[11.95654,57.65438],[11.95623,57.65419],[11.95621,57.65332],[11.9538,57.65247],[11.95407,57.65138],[11.95559,57.64998],[11.95655,57.64999],[11.95662,57.64976],[11.95819,57.64959],[11.96037,57.64899],[11.96059,57.64583],[11.93253,57.64595],[11.93548,57.6595],[11.93048,57.65973],[11.9313,57.66365],[11.93073,57.66369],[11.93088,57.6644],[11.93142,57.66437],[11.93166,57.66501],[11.93682,57.6647],[11.93783,57.66832],[11.94018,57.66838]]]}},{"type":"Feature","id":"1480R053","properties":{"code":"1480R053","name":"Högsbohöjd norra"},"geometry":{"type":"Polygon","coordinates":[[[11.91509,57.67679],[11.91964,57.67513],[11.91965,57.67406],[11.91923,57.67322],[11.91831,57.67311],[11.91233,57.67367],[11.91175,57.67191],[11.91021,57.67223],[11.91036,57.6727],[11.90961,57.67326],[11.91002,57.67447],[11.91169,57.67449],[11.91231,57.67498],[11.9122,57.6752],[11.91023,57.67534],[11.91029,57.67605],[11.91333,57.67595],[11.91401,57.6762],[11.91504,57.67617],[11.91509,57.67679]]]}},{"type":"Feature","id":"1480R054","properties":{"code":"1480R054","name":"Högsbohöjd södra"},"geometry":{"type":"Polygon","coordinates":[[[11.91967,57.67401],[11.91957,57.67348],[11.92079,57.67377],[11.92152,57.67345],[11.92258,57.67219],[11.92259,57.67126],[11.92235,57.6707],[11.9219,57.67055],[11.9214,57.66902],[11.92005,57.66893],[11.91834,57.66976],[11.91704,57.66957],[11.91656,57.66969],[11.91669,57.66991],[11.91154,57.6704],[11.91233,57.67367],[11.91831,57.67311],[11.91923,57.67322],[11.91967,57.67401]]]}},{"type":"Feature","id":"1480R057","properties":{"code":"1480R057","name":"Inom Vallgraven"},"geometry":{"type":"Polygon","coordinates":[[[11.96419,57.71314],[11.96626,57.71013],[11.96914,57.71051],[11.97129,57.70816],[11.97376,57.70849],[11.9749,57.7066],[11.97303,57.7057],[11.97269,57.70525],[11.97293,57.70403],[11.97099,57.70386],[11.97,57.70348],[11.96919,57.70227],[11.96632,57.70238],[11.96489,57.7011],[11.96001,57.70038],[11.95648,57.70089],[11.95131,57.70421],[11.95608,57.70706],[11.96167,57.71197],[11.96419,57.71314]]]}},{"type":"Feature","id":"1480R058","properties":{"code":"1480R058","name":"Johanneberg Chalmers"},"geometry":{"type":"Polygon","coordinates":[[[11.97938,57.69362],[11.98241,57.69207],[11.9825,57.69176],[11.98282,57.69169],[11.98378,57.69192],[11.98451,57.69169],[11.98557,57.69035],[11.98349,57.68945],[11.98235,57.69027],[11.98235,57.68884],[11.98123,57.68866],[11.98231,57.68746],[11.97941,57.68672],[11.97923,57.68584],[11.97771,57.68544],[11.97736,57.68572],[11.97629,57.68581],[11.97235,57.68948],[11.97347,57.69018],[11.97382,57.69234],[11.97319,57.69362],[11.97577,57.69425],[11.97916,57.69536],[11.97983,57.69501],[11.97938,57.69362]]]}},{"type":"Feature","id":"1480R079","properties":{"code":"1480R079","name":"Kyrkbyn östra"},"geometry":{"type":"Polygon","coordinates":[[[11.91964,57.71769],[11.91727,57.71691],[11.91717,57.71548],[11.9158,57.71358],[11.92039,57.71358],[11.9214,57.71244],[11.92192,57.71057],[11.92104,57.71051],[11.92093,57.70977],[11.91202,57.70971],[11.91021,57.70913],[11.90727,57.70961],[11.90759,57.71111],[11.90611,57.7113],[11.90662,57.7127],[11.90408,57.71231],[11.90342,57.71315],[11.90244,57.71304],[11.90233,57.71384],[11.90524,57.71442],[11.90899,57.71658],[11.90812,57.71802],[11.90875,57.71813],[11.91189,57.71718],[11.91925,57.71841],[11.91964,57.71769]]]}},{"type":"Feature","id":"1480R080","properties":{"code":"1480R080","name":"Kålltorp Munkebäckstorget"},"geometry":{"type":"Polygon","coordinates":[[[12.02987,57.71953],[12.03042,57.71958],[12.03117,57.72013],[12.03259,57.72009],[12.03276,57.71994],[12.03223,57.71923],[12.03126,57.71881],[12.03229,57.71841],[12.03148,57.71793],[12.03624,57.7177],[12.03603,57.71753],[12.03667,57.7175],[12.03457,57.71577],[12.03377,57.71592],[12.03242,57.71417],[12.03152,57.71431],[12.03194,57.71492],[12.03151,57.71526],[12.03154,57.71588],[12.02518,57.71601],[12.02534,57.71808],[12.0256,57.71807],[12.0287,57.72012],[12.02903,57.71975],[12.02987,57.71953]]]}},{"type":"Feature","id":"1480R059","properties":{"code":"1480R059","name":"Johanneberg västra"},"geometry":{"type":"Polygon","coordinates":[[[11.98456,57.69415],[11.98548,57.69345],[11.9862,57.69349],[11.98661,57.69321],[11.98831,57.69054],[11.98818,57.68988],[11.98664,57.68717],[11.98589,57.68654],[11.98481,57.68609],[11.9805,57.68565],[11.97981,57.68542],[11.97923,57.68584],[11.97936,57.68668],[11.98231,57.68746],[11.98123,57.68866],[11.98235,57.68884],[11.98235,57.69027],[11.98349,57.68945],[11.98557,57.69035],[11.98451,57.69169],[11.98378,57.69192],[11.98282,57.69169],[11.9825,57.69176],[11.98243,57.69205],[11.98136,57.69281],[11.98166,57.69292],[11.98141,57.69313],[11.98251,57.69336],[11.98264,57.69396],[11.98456,57.69415]]]}},{"type":"Feature","id":"1480R060","properties":{"code":"1480R060","name":"Järnbrott"},"geometry":{"type":"Polygon","coordinates":[[[11.92511,57.66007],[11.93548,57.6595],[11.9331,57.64884],[11.93195,57.64935],[11.92442,57.6501],[11.92469,57.65116],[11.92384,57.65124],[11.92413,57.65186],[11.9239,57.65296],[11.92419,57.65379],[11.92323,57.65385],[11.92309,57.65557],[11.9185,57.65725],[11.92091,57.65906],[11.92073,57.65913],[11.92215,57.65997],[11.92254,57.65979],[11.92511,57.66007]]]}},{"type":"Feature","id":"1480R061","properties":{"code":"1480R061","name":"Svartedalen"},"geometry":{"type":"Polygon","coordinates":[[[11.90713,57.73221],[11.90878,57.73229],[11.90892,57.73203],[11.90918,57.73207],[11.9095,57.73107],[11.90854,57.73088],[11.90418,57.72922],[11.90219,57.72772],[11.90029,57.72832],[11.8983,57.72706],[11.89799,57.72627],[11.89726,57.72614],[11.89696,57.72557],[11.89657,57.72558],[11.89648,57.72467],[11.89567,57.72444],[11.89551,57.72318],[11.89323,57.72333],[11.89307,57.72578],[11.89339,57.72582],[11.89585,57.73339],[11.8991,57.73774],[11.90141,57.73916],[11.90191,57.73882],[11.90092,57.7377],[11.90387,57.73554],[11.90337,57.73464],[11.90558,57.73429],[11.90714,57.73317],[11.90713,57.73221]]]}},{"type":"Feature","id":"1480R062","properties":{"code":"1480R062","name":"Kallebäck västra"},"geometry":{"type":"Polygon","coordinates":[[[12.0044,57.68483],[12.01113,57.68488],[12.01089,57.684],[12.01171,57.6839],[12.0114,57.68354],[12.01166,57.68255],[12.01304,57.6825],[12.01315,57.68143],[12.01262,57.68135],[12.01266,57.68093],[12.01448,57.67994],[12.01523,57.67983],[12.01573,57.67934],[12.01655,57.679],[12.01779,57.67947],[12.01821,57.68009],[12.01777,57.68025],[12.0187,57.68095],[12.02267,57.67784],[12.02571,57.67625],[12.02561,57.67593],[12.02601,57.67592],[12.02587,57.67546],[12.02322,57.67557],[12.02334,57.67346],[12.02268,57.67319],[12.02012,57.67464],[12.01844,57.67578],[12.01683,57.67746],[12.01349,57.67752],[12.01339,57.67763],[12.00993,57.67781],[12.00937,57.6786],[12.00883,57.67859],[12.00835,57.67936],[12.00723,57.67923],[12.00379,57.68412],[12.00462,57.68428],[12.0044,57.68483]]]}},{"type":"Feature","id":"1480R063","properties":{"code":"1480R063","name":"Kallebäck östra"},"geometry":{"type":"Polygon","coordinates":[[[12.02264,57.68843],[12.0258,57.6895],[12.02717,57.68744],[12.02825,57.68693],[12.02904,57.68625],[12.02989,57.68606],[12.03089,57.68528],[12.02985,57.68468],[12.04182,57.68509],[12.04397,57.68294],[12.04448,57.68289],[12.04491,57.68307],[12.04585,57.68287],[12.04731,57.68099],[12.04823,57.68056],[12.04996,57.68013],[12.05077,57.67912],[12.05313,57.67848],[12.0543,57.67834],[12.05518,57.67853],[12.05624,57.67808],[12.04949,57.67598],[12.04236,57.67629],[12.03652,57.67499],[12.03099,57.67523],[12.03101,57.67542],[12.02923,57.67531],[12.02711,57.67574],[12.02589,57.67553],[12.02601,57.67592],[12.02561,57.67593],[12.02571,57.67625],[12.02267,57.67784],[12.0187,57.68095],[12.01777,57.68025],[12.01821,57.68009],[12.01779,57.67947],[12.01655,57.679],[12.01573,57.67934],[12.01523,57.67983],[12.01448,57.67994],[12.01266,57.68093],[12.01262,57.68135],[12.01315,57.68143],[12.01304,57.6825],[12.01166,57.68255],[12.0114,57.68354],[12.01171,57.6839],[12.01089,57.684],[12.01113,57.68488],[12.00503,57.68477],[12.00767,57.68774],[12.00736,57.68834],[12.0099,57.68714],[12.0122,57.68571],[12.01858,57.68588],[12.0196,57.68706],[12.01787,57.68786],[12.01765,57.68932],[12.02264,57.68843]]]}},{"type":"Feature","id":"1480R064","properties":{"code":"1480R064","name":"Kannebäck"},"geometry":{"type":"Polygon","coordinates":[[[11.90437,57.64391],[11.90603,57.64039],[11.9071,57.64078],[11.90927,57.63866],[11.9095,57.63896],[11.91023,57.63888],[11.91067,57.63839],[11.91205,57.63883],[11.9129,57.63817],[11.91121,57.63785],[11.90438,57.63531],[11.90215,57.63486],[11.89821,57.63457],[11.89791,57.63584],[11.89802,57.63854],[11.89603,57.64159],[11.90065,57.64249],[11.89898,57.64383],[11.89887,57.64484],[11.89967,57.64565],[11.90221,57.64673],[11.90298,57.64734],[11.9035,57.64701],[11.90343,57.64389],[11.90437,57.64391]]]}},{"type":"Feature","id":"1480R065","properties":{"code":"1480R065","name":"Kaverös"},"geometry":{"type":"Polygon","coordinates":[[[11.92179,57.66991],[11.92274,57.66876],[11.92334,57.66891],[11.92391,57.6681],[11.92492,57.66812],[11.92611,57.66745],[11.92674,57.6675],[11.92767,57.6681],[11.92845,57.66818],[11.92853,57.66734],[11.9275,57.66708],[11.92789,57.66571],[11.9265,57.66542],[11.92606,57.66457],[11.92531,57.66454],[11.92515,57.66434],[11.92521,57.663],[11.92449,57.66175],[11.92264,57.66026],[11.92073,57.65913],[11.91696,57.66051],[11.91489,57.66152],[11.91391,57.6617],[11.91394,57.66207],[11.91238,57.66325],[11.91593,57.66327],[11.91621,57.66349],[11.91488,57.66381],[11.91502,57.66397],[11.91789,57.66346],[11.91756,57.66427],[11.91869,57.66453],[11.91855,57.66488],[11.91935,57.66497],[11.91903,57.66562],[11.91859,57.66555],[11.91805,57.66652],[11.91647,57.66719],[11.91648,57.66801],[11.91719,57.66838],[11.91759,57.66817],[11.91755,57.6678],[11.91874,57.66769],[11.91984,57.66783],[11.92005,57.66893],[11.9214,57.66902],[11.92179,57.66991]]]}},{"type":"Feature","id":"1480R066","properties":{"code":"1480R066","name":"Kortedala  södra"},"geometry":{"type":"Polygon","coordinates":[[[12.03734,57.74793],[12.03831,57.74754],[12.03999,57.7475],[12.04163,57.74714],[12.04063,57.74692],[12.0393,57.74691],[12.03906,57.74546],[12.03951,57.74499],[12.03891,57.74469],[12.03918,57.74427],[12.03819,57.74412],[12.0372,57.74364],[12.03555,57.74359],[12.0347,57.74262],[12.03407,57.74264],[12.03298,57.74304],[12.03235,57.74374],[12.02957,57.74173],[12.02893,57.74208],[12.02898,57.74225],[12.02799,57.74247],[12.0261,57.74364],[12.02358,57.74451],[12.0244,57.74515],[12.02485,57.745],[12.02545,57.74527],[12.02601,57.74576],[12.02651,57.74726],[12.02732,57.74769],[12.02829,57.74738],[12.03036,57.74714],[12.03235,57.74582],[12.03423,57.74523],[12.03553,57.74787],[12.03734,57.74793]]]}},{"type":"Feature","id":"1480R138","properties":{"code":"1480R138","name":"Tofta"},"geometry":{"type":"Polygon","coordinates":[[[11.92309,57.65557],[11.92323,57.65385],[11.92419,57.65379],[11.9239,57.65296],[11.92413,57.65186],[11.92384,57.65124],[11.92469,57.65116],[11.92442,57.6501],[11.93195,57.64935],[11.9331,57.64884],[11.93253,57.64595],[11.92732,57.64612],[11.92436,57.64641],[11.9205,57.64709],[11.91489,57.64851],[11.91522,57.65436],[11.9185,57.65725],[11.92309,57.65557]]]}},{"type":"Feature","id":"1480R139","properties":{"code":"1480R139","name":"Torpa"},"geometry":{"type":"Polygon","coordinates":[[[12.0541,57.73386],[12.05493,57.73036],[12.05572,57.7286],[12.0606,57.72154],[12.05842,57.72158],[12.05791,57.72188],[12.05762,57.72176],[12.05606,57.72295],[12.05476,57.72327],[12.04987,57.72324],[12.04543,57.72364],[12.04376,57.72294],[12.04323,57.72218],[12.04365,57.72049],[12.04539,57.71983],[12.04355,57.71858],[12.04239,57.71803],[12.04093,57.71771],[12.03624,57.7177],[12.03148,57.71793],[12.03447,57.71942],[12.03587,57.72118],[12.03508,57.72263],[12.03477,57.72288],[12.03306,57.72342],[12.03171,57.72528],[12.02467,57.72399],[12.02244,57.72397],[12.02147,57.72417],[12.01667,57.72445],[12.00888,57.72354],[12.00725,57.72732],[12.01612,57.72759],[12.02338,57.7293],[12.02504,57.72986],[12.02732,57.73011],[12.02907,57.73107],[12.03092,57.73149],[12.03913,57.73194],[12.04984,57.7335],[12.0541,57.73386]]]}},{"type":"Feature","id":"1480R067","properties":{"code":"1480R067","name":"Kortedala nordvästra"},"geometry":{"type":"Polygon","coordinates":[[[12.04051,57.7685],[12.04222,57.76887],[12.04314,57.76874],[12.04553,57.76882],[12.04618,57.76764],[12.04739,57.76686],[12.04693,57.76673],[12.04636,57.76694],[12.04545,57.76667],[12.04366,57.76602],[12.04313,57.76549],[12.04333,57.76526],[12.04056,57.76451],[12.0419,57.76179],[12.04081,57.76154],[12.04063,57.76096],[12.04099,57.76081],[12.04094,57.76028],[12.04037,57.75957],[12.03818,57.75828],[12.03799,57.75848],[12.03774,57.75842],[12.03735,57.75975],[12.03574,57.76118],[12.03569,57.76156],[12.03399,57.76142],[12.03363,57.76163],[12.0337,57.76187],[12.03223,57.76208],[12.03149,57.76084],[12.03239,57.76089],[12.03311,57.75991],[12.03181,57.76017],[12.02874,57.7597],[12.02831,57.75896],[12.02839,57.75812],[12.02794,57.75783],[12.02864,57.75735],[12.02778,57.75696],[12.02832,57.75655],[12.02896,57.75671],[12.02928,57.75635],[12.03255,57.75728],[12.03597,57.75704],[12.03595,57.75556],[12.03543,57.75473],[12.03505,57.75485],[12.03365,57.75442],[12.03203,57.75324],[12.03092,57.75346],[12.03073,57.75299],[12.02943,57.75335],[12.02733,57.75241],[12.02687,57.75251],[12.0237,57.75089],[12.02448,57.75035],[12.02335,57.74975],[12.02152,57.74969],[12.02131,57.74918],[12.02103,57.74924],[12.01895,57.74808],[12.01821,57.74819],[12.0171,57.74767],[12.01748,57.74743],[12.01601,57.74668],[12.01402,57.74706],[12.01412,57.75072],[12.02133,57.76454],[12.02411,57.76463],[12.02587,57.76487],[12.02645,57.76517],[12.02676,57.76564],[12.02726,57.76577],[12.03002,57.76583],[12.03026,57.76636],[12.03123,57.76648],[12.03242,57.76735],[12.03394,57.76683],[12.03464,57.76678],[12.03756,57.7671],[12.0387,57.76769],[12.0393,57.76891],[12.03955,57.76899],[12.04051,57.7685]]]}},{"type":"Feature","id":"1480R081","properties":{"code":"1480R081","name":"Kålltorp södra"},"geometry":{"type":"Polygon","coordinates":[[[12.03152,57.71431],[12.03242,57.71417],[12.03377,57.71592],[12.03457,57.71577],[12.035,57.71612],[12.03649,57.7152],[12.03592,57.71488],[12.03583,57.71429],[12.03676,57.71375],[12.03715,57.71264],[12.03813,57.71132],[12.04451,57.70737],[12.04329,57.70727],[12.04093,57.70741],[12.04163,57.70555],[12.03935,57.70493],[12.02916,57.7074],[12.0291,57.70632],[12.02652,57.70631],[12.02456,57.70604],[12.02391,57.70863],[12.02387,57.71232],[12.02518,57.71601],[12.03154,57.71588],[12.03151,57.71526],[12.03194,57.71492],[12.03152,57.71431]]]}},{"type":"Feature","id":"1480R068","properties":{"code":"1480R068","name":"Kortedala nordöstra"},"geometry":{"type":"Polygon","coordinates":[[[12.04856,57.76698],[12.04834,57.76649],[12.04856,57.76607],[12.04915,57.76585],[12.05009,57.76504],[12.04902,57.76259],[12.04693,57.76025],[12.04624,57.7598],[12.04637,57.75881],[12.04713,57.75845],[12.04701,57.75786],[12.0465,57.75743],[12.04666,57.75672],[12.04555,57.75657],[12.04392,57.75473],[12.0438,57.75591],[12.04219,57.7583],[12.04141,57.75815],[12.04139,57.75782],[12.03845,57.75752],[12.03788,57.75768],[12.03711,57.75698],[12.03255,57.75728],[12.02928,57.75635],[12.02896,57.75671],[12.02832,57.75655],[12.02778,57.75696],[12.02864,57.75735],[12.02794,57.75783],[12.02839,57.75812],[12.02831,57.75894],[12.02874,57.7597],[12.03181,57.76017],[12.03311,57.75991],[12.03239,57.76089],[12.03149,57.76084],[12.03223,57.76208],[12.0337,57.76187],[12.03363,57.76163],[12.03399,57.76142],[12.03569,57.76156],[12.03574,57.76118],[12.03735,57.75975],[12.03774,57.75842],[12.03799,57.75848],[12.03818,57.75828],[12.04057,57.75974],[12.041,57.76058],[12.04091,57.76091],[12.04063,57.76096],[12.04081,57.76154],[12.0419,57.76179],[12.04056,57.76451],[12.04333,57.76526],[12.04313,57.76549],[12.04366,57.76602],[12.04545,57.76667],[12.04636,57.76694],[12.04693,57.76673],[12.04815,57.76704],[12.04856,57.76698]]]}},{"type":"Feature","id":"1480R069","properties":{"code":"1480R069","name":"Kortedala sydöstra"},"geometry":{"type":"Polygon","coordinates":[[[12.04219,57.7583],[12.0438,57.75591],[12.04392,57.75473],[12.04461,57.7555],[12.04718,57.75504],[12.04835,57.75525],[12.04889,57.75498],[12.04866,57.75468],[12.04736,57.75408],[12.04683,57.75266],[12.04608,57.75192],[12.04762,57.7514],[12.04681,57.74937],[12.04761,57.74758],[12.04078,57.74733],[12.03831,57.74754],[12.03749,57.74792],[12.03553,57.74787],[12.03423,57.74523],[12.03235,57.74582],[12.03036,57.74714],[12.02829,57.74738],[12.02732,57.74769],[12.02651,57.74726],[12.02601,57.74576],[12.02485,57.745],[12.0244,57.74515],[12.0239,57.74468],[12.02298,57.745],[12.02265,57.74482],[12.01967,57.74596],[12.01601,57.74668],[12.01748,57.74743],[12.0171,57.74767],[12.01821,57.74819],[12.01895,57.74808],[12.02103,57.74924],[12.02131,57.74918],[12.02152,57.74969],[12.02335,57.74975],[12.02448,57.75035],[12.0237,57.75089],[12.02687,57.75251],[12.02733,57.75241],[12.02943,57.75335],[12.03073,57.75299],[12.03092,57.75346],[12.03203,57.75324],[12.03365,57.75442],[12.03505,57.75485],[12.03543,57.75473],[12.03595,57.75556],[12.03597,57.75704],[12.03711,57.75698],[12.03788,57.75768],[12.03845,57.75752],[12.04139,57.75782],[12.04141,57.75815],[12.04219,57.7583]]]}},{"type":"Feature","id":"1480R070","properties":{"code":"1480R070","name":"Krokslätt Mossen"},"geometry":{"type":"Polygon","coordinates":[[[11.97923,57.68584],[11.97981,57.68542],[11.9805,57.68565],[11.98358,57.68592],[11.98428,57.68428],[11.98457,57.68214],[11.98663,57.6817],[11.98771,57.68193],[11.98797,57.68088],[11.98722,57.68056],[11.9871,57.68008],[11.9866,57.67968],[11.98624,57.67973],[11.98542,57.6794],[11.98434,57.67994],[11.98397,57.68069],[11.98232,57.68035],[11.98212,57.6806],[11.98142,57.68077],[11.97918,57.68362],[11.97886,57.68348],[11.97694,57.68522],[11.97744,57.68553],[11.97736,57.68572],[11.97776,57.68543],[11.97923,57.68584]]]}},{"type":"Feature","id":"1480R071","properties":{"code":"1480R071","name":"Krokslätt norra"},"geometry":{"type":"Polygon","coordinates":[[[11.98711,57.69619],[11.99215,57.69152],[11.99239,57.69171],[11.99483,57.69209],[11.99466,57.69255],[11.99729,57.6929],[11.99855,57.69004],[12.00379,57.68412],[12.00068,57.68378],[11.99811,57.68731],[11.99513,57.68687],[11.99437,57.6876],[11.99385,57.68867],[11.99301,57.68855],[11.99241,57.68875],[11.9906,57.68845],[11.99182,57.68568],[11.99091,57.68528],[11.98955,57.68626],[11.98721,57.68552],[11.98607,57.68664],[11.98668,57.68722],[11.98835,57.69037],[11.98685,57.69291],[11.98622,57.69348],[11.98594,57.69498],[11.9872,57.69512],[11.98711,57.69619]]]}},{"type":"Feature","id":"1480R072","properties":{"code":"1480R072","name":"Krokslätt södra"},"geometry":{"type":"Polygon","coordinates":[[[11.99811,57.68731],[12.00068,57.68378],[12.00379,57.68412],[12.00754,57.67878],[12.00468,57.67837],[12.00535,57.6777],[12.0,57.67697],[11.99982,57.6778],[11.99842,57.6783],[11.98678,57.6778],[11.98573,57.67797],[11.98482,57.67784],[11.98471,57.67806],[11.98429,57.67806],[11.98434,57.67994],[11.98542,57.6794],[11.98624,57.67973],[11.9866,57.67968],[11.9871,57.68008],[11.98722,57.68056],[11.98797,57.68088],[11.98771,57.68193],[11.98663,57.6817],[11.98457,57.68214],[11.98428,57.68428],[11.98358,57.68592],[11.98481,57.68609],[11.98607,57.68664],[11.98721,57.68552],[11.98955,57.68626],[11.99091,57.68528],[11.99201,57.68566],[11.99428,57.68436],[11.99438,57.68553],[11.99498,57.68607],[11.9947,57.6868],[11.99811,57.68731]]]}},{"type":"Feature","id":"1480R073","properties":{"code":"1480R073","name":"Kungsladugård Kungsladugårdsgatan"},"geometry":{"type":"Polygon","coordinates":[[[11.93201,57.68735],[11.93142,57.686],[11.93117,57.68362],[11.93361,57.68268],[11.93393,57.68174],[11.93525,57.6808],[11.93566,57.68011],[11.93498,57.67796],[11.93397,57.6773],[11.93426,57.67582],[11.93347,57.67587],[11.9332,57.67621],[11.93297,57.67623],[11.93288,57.67578],[11.93215,57.67589],[11.93218,57.6763],[11.93151,57.67624],[11.93149,57.67598],[11.93005,57.67619],[11.92469,57.67496],[11.92529,57.67578],[11.92441,57.67785],[11.92476,57.67845],[11.92431,57.67854],[11.92484,57.67948],[11.92228,57.67973],[11.92252,57.68407],[11.92089,57.68413],[11.92023,57.68514],[11.92128,57.68552],[11.92148,57.68668],[11.92234,57.68681],[11.92242,57.68721],[11.92817,57.68703],[11.93174,57.68745],[11.93201,57.68735]]]}},{"type":"Feature","id":"1480R074","properties":{"code":"1480R074","name":"Kungsladugård Älvsborgsgatan"},"geometry":{"type":"Polygon","coordinates":[[[11.91005,57.69352],[11.91107,57.69304],[11.91131,57.69318],[11.91261,57.6922],[11.91272,57.69231],[11.91773,57.68969],[11.92131,57.68734],[11.92242,57.68721],[11.92234,57.68681],[11.92148,57.68668],[11.92128,57.68552],[11.92023,57.68514],[11.92089,57.68413],[11.91536,57.68346],[11.91439,57.68392],[11.91613,57.68499],[11.9132,57.68643],[11.91179,57.68584],[11.90939,57.68699],[11.90768,57.68597],[11.90659,57.68644],[11.90409,57.68708],[11.90184,57.69047],[11.90474,57.69148],[11.90766,57.69308],[11.91005,57.69352]]]}},{"type":"Feature","id":"1480R075","properties":{"code":"1480R075","name":"Kvillebäcken Backaplan"},"geometry":{"type":"Polygon","coordinates":[[[11.95886,57.73011],[11.96076,57.72844],[11.96289,57.7275],[11.96471,57.72704],[11.9714,57.72585],[11.97343,57.72564],[11.97623,57.72563],[11.97922,57.72605],[11.98085,57.7248],[11.98116,57.72486],[11.98559,57.72268],[11.98668,57.7219],[11.97131,57.71652],[11.96705,57.7145],[11.9647,57.71624],[11.96314,57.71923],[11.96258,57.71969],[11.9614,57.72012],[11.95953,57.72038],[11.95576,57.72047],[11.95466,57.71938],[11.95271,57.71987],[11.95209,57.71981],[11.95058,57.71902],[11.94901,57.71947],[11.94909,57.71977],[11.94451,57.71979],[11.94418,57.72004],[11.94433,57.7238],[11.94541,57.72379],[11.94579,57.72726],[11.94874,57.72841],[11.94924,57.72955],[11.95886,57.73011]]]}},{"type":"Feature","id":"1480R076","properties":{"code":"1480R076","name":"Kvillebäcken Björlandavägen"},"geometry":{"type":"Polygon","coordinates":[[[11.9263,57.72843],[11.92853,57.72815],[11.94579,57.72726],[11.94541,57.72379],[11.94433,57.7238],[11.94419,57.72184],[11.94216,57.72188],[11.94228,57.72336],[11.92364,57.72385],[11.9236,57.72412],[11.92088,57.72438],[11.92066,57.72426],[11.92106,57.72414],[11.9211,57.72391],[11.91757,57.72397],[11.91979,57.72839],[11.92232,57.72832],[11.92264,57.72855],[11.9186,57.73039],[11.91949,57.73083],[11.92244,57.72937],[11.9263,57.72843]]]}},{"type":"Feature","id":"1480R077","properties":{"code":"1480R077","name":"Kvillebäcken Wieselgrensplatsen"},"geometry":{"type":"Polygon","coordinates":[[[11.92088,57.72438],[11.92365,57.7241],[11.92364,57.72385],[11.94228,57.72336],[11.94216,57.72188],[11.94426,57.72184],[11.94418,57.72004],[11.94354,57.72035],[11.94205,57.72051],[11.93756,57.72056],[11.93518,57.72001],[11.93435,57.71925],[11.93387,57.71942],[11.93433,57.72076],[11.93162,57.72018],[11.91925,57.71841],[11.91892,57.71878],[11.92026,57.71899],[11.92002,57.71946],[11.91911,57.71946],[11.91946,57.72014],[11.91924,57.72041],[11.91996,57.72049],[11.91878,57.72193],[11.91823,57.72211],[11.91894,57.72213],[11.91838,57.72395],[11.9211,57.72391],[11.92106,57.72414],[11.92066,57.72426],[11.92088,57.72438]]]}},{"type":"Feature","id":"1480R078","properties":{"code":"1480R078","name":"Kyrkbyn Bräcke"},"geometry":{"type":"Polygon","coordinates":[[[11.90233,57.71384],[11.90244,57.71304],[11.90342,57.71315],[11.90408,57.71231],[11.90662,57.7127],[11.90611,57.7113],[11.90759,57.71111],[11.90727,57.70961],[11.91021,57.70913],[11.91202,57.70971],[11.91841,57.70975],[11.91849,57.70777],[11.91702,57.70652],[11.9118,57.7046],[11.91115,57.7039],[11.91094,57.70252],[11.91061,57.70238],[11.91014,57.70259],[11.90824,57.70173],[11.90818,57.70151],[11.90382,57.70059],[11.90368,57.70078],[11.90182,57.70041],[11.89776,57.7001],[11.89448,57.70073],[11.89325,57.703],[11.89238,57.70383],[11.89159,57.70419],[11.89172,57.70587],[11.89102,57.70867],[11.89185,57.70952],[11.89266,57.70982],[11.89336,57.70981],[11.89491,57.71081],[11.89632,57.71213],[11.8966,57.71257],[11.89624,57.71287],[11.90233,57.71384]]]}},{"type":"Feature","id":"1480R082","properties":{"code":"1480R082","name":"Kålltorp Vidkärr"},"geometry":{"type":"Polygon","coordinates":[[[12.03171,57.72528],[12.03306,57.72342],[12.03477,57.72288],[12.03579,57.72146],[12.03574,57.72078],[12.03447,57.71942],[12.03229,57.71841],[12.03126,57.71881],[12.03223,57.71923],[12.03276,57.71994],[12.03259,57.72009],[12.03117,57.72013],[12.03011,57.71952],[12.02903,57.71975],[12.0287,57.72012],[12.0256,57.71807],[12.02379,57.71818],[12.02135,57.71878],[12.02341,57.71972],[12.02396,57.7203],[12.02205,57.72252],[12.0207,57.72271],[12.01936,57.72326],[12.01874,57.72308],[12.01874,57.72382],[12.0193,57.72382],[12.01938,57.7243],[12.02244,57.72397],[12.02467,57.72399],[12.03171,57.72528]]]}},{"type":"Feature","id":"1480R083","properties":{"code":"1480R083","name":"Kärra centrum"},"geometry":{"type":"Polygon","coordinates":[[[11.98939,57.80078],[11.99538,57.79995],[11.99885,57.79974],[12.01379,57.79965],[12.01215,57.79432],[12.00909,57.79008],[12.00523,57.78254],[12.00448,57.77977],[12.00485,57.77645],[12.00356,57.77649],[12.00351,57.77686],[12.00013,57.77701],[11.99906,57.77668],[11.9982,57.77671],[11.99673,57.77252],[11.99323,57.77225],[11.99269,57.77191],[11.99186,57.77214],[11.99047,57.77193],[11.98976,57.77234],[11.97249,57.77479],[11.97265,57.77676],[11.97394,57.77853],[11.97562,57.77969],[11.97729,57.78042],[11.97915,57.78097],[11.981,57.78211],[11.97809,57.78319],[11.97445,57.78313],[11.96899,57.78381],[11.96617,57.78472],[11.9643,57.7858],[11.96306,57.78705],[11.96232,57.78839],[11.96203,57.7898],[11.96234,57.79105],[11.96116,57.79366],[11.96133,57.79541],[11.96248,57.79703],[11.96059,57.79839],[11.96087,57.79836],[11.96165,57.80115],[11.96907,57.8002],[11.97209,57.80052],[11.9769,57.80188],[11.98071,57.80218],[11.98353,57.80191],[11.98939,57.80078]]]}},{"type":"Feature","id":"1480R084","properties":{"code":"1480R084","name":"Kärra Gerrebacka"},"geometry":{"type":"Polygon","coordinates":[[[11.99213,57.82215],[11.9938,57.82113],[11.99716,57.8203],[11.99935,57.81949],[12.00112,57.8184],[12.00242,57.81691],[12.00421,57.8163],[12.00579,57.81549],[12.0051,57.8168],[12.01305,57.81677],[12.01406,57.81284],[12.01379,57.79965],[11.99654,57.79985],[11.99181,57.80036],[11.98353,57.80191],[11.98071,57.80218],[11.9769,57.80188],[11.97209,57.80052],[11.96907,57.8002],[11.96165,57.80115],[11.96087,57.79836],[11.96059,57.79839],[11.95976,57.79942],[11.95834,57.8003],[11.95704,57.8016],[11.95639,57.80302],[11.95632,57.80433],[11.95704,57.8061],[11.95827,57.80741],[11.95959,57.80828],[11.96156,57.80912],[11.96359,57.81048],[11.96305,57.81204],[11.96168,57.8136],[11.96122,57.81504],[11.96161,57.81685],[11.96309,57.81859],[11.96489,57.81969],[11.96731,57.82057],[11.97274,57.8214],[11.97586,57.82152],[11.97889,57.82289],[11.98201,57.82355],[11.98467,57.82368],[11.9874,57.82347],[11.9899,57.82298],[11.99213,57.82215]]]}},{"type":"Feature","id":"1480R085","properties":{"code":"1480R085","name":"Kärralund"},"geometry":{"type":"Polygon","coordinates":[[[12.02391,57.7087],[12.02456,57.70604],[12.02652,57.70631],[12.02906,57.70631],[12.02991,57.70535],[12.0308,57.70305],[12.03056,57.70094],[12.03265,57.69909],[12.03368,57.69721],[12.03368,57.6949],[12.03471,57.69339],[12.03433,57.6923],[12.0336,57.69286],[12.01848,57.69264],[12.0163,57.6959],[12.01413,57.69789],[12.01389,57.69867],[12.01285,57.69985],[12.01638,57.70086],[12.01581,57.70133],[12.01354,57.70196],[12.01345,57.70361],[12.01449,57.70361],[12.01446,57.70517],[12.01475,57.70572],[12.01711,57.70535],[12.01835,57.70494],[12.01951,57.7055],[12.02126,57.70556],[12.02057,57.70853],[12.02391,57.7087]]]}},{"type":"Feature","id":"1480R086","properties":{"code":"1480R086","name":"Kärrdalen"},"geometry":{"type":"Polygon","coordinates":[[[11.90831,57.75785],[11.90917,57.7581],[11.9188,57.75844],[11.91995,57.75604],[11.92003,57.75465],[11.91843,57.75493],[11.91664,57.75323],[11.91491,57.75316],[11.91207,57.74909],[11.91216,57.74801],[11.9132,57.74727],[11.91518,57.74667],[11.92446,57.74542],[11.92553,57.74448],[11.92519,57.74373],[11.93026,57.743],[11.92932,57.7423],[11.9284,57.74245],[11.92796,57.74225],[11.93049,57.74176],[11.92776,57.73796],[11.92887,57.73539],[11.918,57.73665],[11.91698,57.73563],[11.9174,57.73392],[11.92252,57.73334],[11.92155,57.73288],[11.92205,57.73204],[11.9186,57.73039],[11.92264,57.72855],[11.92232,57.72832],[11.91979,57.72839],[11.91757,57.72397],[11.91838,57.72395],[11.91894,57.72213],[11.91823,57.72211],[11.91878,57.72193],[11.91996,57.72049],[11.91924,57.72041],[11.91946,57.72014],[11.91911,57.71946],[11.92002,57.71946],[11.92026,57.71899],[11.91892,57.71878],[11.91686,57.72098],[11.91628,57.72404],[11.91578,57.72396],[11.91566,57.72333],[11.91535,57.72346],[11.91466,57.72333],[11.91443,57.72372],[11.91398,57.72373],[11.91401,57.72342],[11.9132,57.72311],[11.91285,57.72369],[11.91183,57.7235],[11.91165,57.72373],[11.91064,57.72352],[11.91014,57.72415],[11.91055,57.72425],[11.91035,57.7245],[11.9109,57.72461],[11.91083,57.72474],[11.90994,57.72452],[11.90967,57.72568],[11.90786,57.72558],[11.9077,57.72577],[11.90795,57.72577],[11.9079,57.72886],[11.90634,57.72935],[11.90529,57.72922],[11.90468,57.72891],[11.9041,57.72918],[11.90854,57.73088],[11.9095,57.73107],[11.90918,57.73207],[11.90892,57.73203],[11.90878,57.73229],[11.90713,57.73221],[11.90714,57.73317],[11.90558,57.73429],[11.90337,57.73464],[11.90387,57.73554],[11.90092,57.7377],[11.90191,57.73882],[11.9004,57.73987],[11.89955,57.74008],[11.89932,57.74062],[11.89681,57.74239],[11.89257,57.74016],[11.89198,57.741],[11.8929,57.74133],[11.89238,57.74143],[11.88789,57.74122],[11.8867,57.74183],[11.88658,57.74324],[11.88733,57.74326],[11.88742,57.74362],[11.88993,57.74372],[11.89025,57.74408],[11.88802,57.74463],[11.88665,57.74472],[11.88566,57.74399],[11.88528,57.74326],[11.88318,57.74319],[11.88166,57.74386],[11.88156,57.74579],[11.8828,57.74581],[11.88332,57.74652],[11.88145,57.74707],[11.88098,57.74691],[11.88044,57.7471],[11.88013,57.74672],[11.87671,57.74692],[11.8765,57.7476],[11.87728,57.74766],[11.87685,57.74921],[11.87314,57.75055],[11.87064,57.75118],[11.86919,57.75141],[11.86527,57.75146],[11.86734,57.75628],[11.86853,57.75755],[11.87031,57.75879],[11.87082,57.76],[11.87318,57.76299],[11.87547,57.76486],[11.87709,57.76582],[11.87875,57.76647],[11.88123,57.76704],[11.88528,57.76743],[11.88802,57.76739],[11.89084,57.76695],[11.89454,57.76586],[11.89655,57.76502],[11.89811,57.76392],[11.90193,57.76292],[11.90448,57.76177],[11.9066,57.76013],[11.90831,57.75785]]]}},{"type":"Feature","id":"1480R087","properties":{"code":"1480R087","name":"Landala norra"},"geometry":{"type":"Polygon","coordinates":[[[11.97095,57.69654],[11.97319,57.69362],[11.97044,57.69269],[11.97158,57.69174],[11.97014,57.69131],[11.96954,57.69154],[11.96812,57.6913],[11.96697,57.69224],[11.96347,57.69226],[11.96191,57.69261],[11.96324,57.69387],[11.96539,57.69422],[11.96673,57.69422],[11.96662,57.69519],[11.96896,57.69549],[11.97065,57.69648],[11.97095,57.69654]]]}},{"type":"Feature","id":"1480R088","properties":{"code":"1480R088","name":"Landala södra"},"geometry":{"type":"Polygon","coordinates":[[[11.97382,57.69234],[11.97347,57.69018],[11.97235,57.68948],[11.9703,57.68954],[11.97022,57.69066],[11.96812,57.6913],[11.96954,57.69154],[11.97014,57.69131],[11.97158,57.69174],[11.97044,57.69269],[11.97319,57.69362],[11.97382,57.69234]]]}},{"type":"Feature","id":"1480R089","properties":{"code":"1480R089","name":"Lindholmen"},"geometry":{"type":"Polygon","coordinates":[[[11.94308,57.70207],[11.92821,57.70079],[11.92644,57.70388],[11.92633,57.7062],[11.92739,57.70869],[11.92479,57.70947],[11.92463,57.70992],[11.92742,57.71056],[11.92941,57.71135],[11.93104,57.71174],[11.94054,57.71231],[11.94255,57.71269],[11.94611,57.71422],[11.95367,57.71838],[11.95576,57.72047],[11.95987,57.72036],[11.9614,57.72012],[11.96258,57.71969],[11.96326,57.71904],[11.96486,57.71605],[11.96705,57.7145],[11.96167,57.71197],[11.95608,57.70706],[11.95132,57.70422],[11.94985,57.70365],[11.94308,57.70207]]]}},{"type":"Feature","id":"1480R090","properties":{"code":"1480R090","name":"Linnarhult-Gunnilse"},"geometry":{"type":"Polygon","coordinates":[[[12.07775,57.79964],[12.09019,57.79951],[12.0928,57.8],[12.09255,57.79964],[12.09499,57.79897],[12.09701,57.798],[12.09877,57.79673],[12.09992,57.79549],[12.10379,57.79539],[12.10567,57.79506],[12.10756,57.79448],[12.10902,57.79429],[12.11177,57.79471],[12.11515,57.7947],[12.11719,57.79441],[12.11913,57.79391],[12.12026,57.79503],[12.12159,57.7959],[12.12219,57.79754],[12.12333,57.7988],[12.12494,57.79819],[12.12633,57.79895],[12.12716,57.79894],[12.1267,57.79836],[12.1258,57.79819],[12.12756,57.79759],[12.12752,57.79667],[12.1279,57.79632],[12.12636,57.79525],[12.12281,57.79407],[12.12469,57.79113],[12.1235,57.78869],[12.12528,57.78778],[12.13284,57.77883],[12.13386,57.77377],[12.11403,57.7724],[12.09688,57.76552],[12.07976,57.76212],[12.07873,57.76363],[12.07966,57.76401],[12.07893,57.76734],[12.07946,57.77328],[12.06969,57.77581],[12.06946,57.7755],[12.07026,57.77512],[12.07021,57.7749],[12.06944,57.77455],[12.0693,57.77377],[12.06751,57.77385],[12.06676,57.77368],[12.06701,57.77298],[12.06658,57.77174],[12.06573,57.77163],[12.06432,57.77177],[12.06326,57.77091],[12.06275,57.7708],[12.06078,57.77084],[12.06035,57.77156],[12.05983,57.77162],[12.05859,57.77121],[12.05665,57.77094],[12.05317,57.77116],[12.05107,57.77059],[12.04893,57.77069],[12.04865,57.77037],[12.04599,57.77068],[12.04589,57.77194],[12.0443,57.77208],[12.04441,57.77355],[12.0452,57.77445],[12.047,57.77499],[12.04791,57.77592],[12.0478,57.77837],[12.04855,57.77972],[12.0481,57.7818],[12.04712,57.78376],[12.04703,57.78479],[12.04799,57.7865],[12.0499,57.7875],[12.04999,57.7883],[12.05214,57.7888],[12.05348,57.78861],[12.05366,57.78911],[12.05916,57.7892],[12.05934,57.79006],[12.05982,57.79059],[12.05948,57.79125],[12.05847,57.79116],[12.05868,57.79163],[12.05934,57.79198],[12.06068,57.79208],[12.06117,57.79281],[12.06154,57.79295],[12.0618,57.79213],[12.06262,57.79186],[12.06315,57.79197],[12.06324,57.79218],[12.06226,57.79341],[12.06245,57.79412],[12.06297,57.79465],[12.06338,57.79469],[12.06371,57.79414],[12.06428,57.79404],[12.06507,57.79445],[12.06839,57.79529],[12.06678,57.7988],[12.06904,57.79922],[12.06932,57.79833],[12.07231,57.79876],[12.07305,57.79785],[12.07213,57.79701],[12.0724,57.79693],[12.07365,57.7972],[12.07365,57.79788],[12.07563,57.79899],[12.07595,57.79866],[12.0777,57.79924],[12.07775,57.79964]]]}},{"type":"Feature","id":"1480R091","properties":{"code":"1480R091","name":"Lorensberg-Vasastaden övre"},"geometry":{"type":"Polygon","coordinates":[[[11.97774,57.70054],[11.98355,57.69765],[11.98711,57.69619],[11.9872,57.69512],[11.98594,57.69498],[11.98614,57.69344],[11.98548,57.69345],[11.98451,57.69422],[11.98282,57.694],[11.9825,57.69386],[11.98251,57.69336],[11.98141,57.69313],[11.98166,57.69292],[11.98116,57.69274],[11.97938,57.69362],[11.97983,57.69501],[11.97916,57.69536],[11.97577,57.69425],[11.97319,57.69362],[11.97045,57.69721],[11.96641,57.69658],[11.96558,57.69803],[11.96961,57.69867],[11.97168,57.69952],[11.97305,57.69858],[11.97774,57.70054]]]}},{"type":"Feature","id":"1480R092","properties":{"code":"1480R092","name":"Lunden Danska vägen"},"geometry":{"type":"Polygon","coordinates":[[[12.00605,57.71434],[12.00643,57.7141],[12.01088,57.71391],[12.01272,57.7136],[12.01255,57.7133],[12.01176,57.713],[12.01109,57.71176],[12.01132,57.71172],[12.0111,57.71074],[12.01133,57.71049],[12.01057,57.71056],[12.00972,57.70987],[12.00883,57.70976],[12.0092,57.70894],[12.00836,57.70859],[12.0082,57.70826],[12.00756,57.70812],[12.00728,57.70813],[12.00721,57.70984],[12.00522,57.70997],[12.00522,57.71114],[12.00585,57.71258],[12.00425,57.71403],[12.00525,57.71426],[12.00567,57.7141],[12.00605,57.71434]]]}},{"type":"Feature","id":"1480R093","properties":{"code":"1480R093","name":"Lunden västra"},"geometry":{"type":"Polygon","coordinates":[[[12.00522,57.70997],[12.00721,57.70984],[12.00728,57.70883],[12.00292,57.70869],[12.00304,57.70676],[12.00176,57.70639],[11.99811,57.70611],[11.99762,57.70659],[11.99867,57.70964],[11.99923,57.7098],[12.00081,57.71131],[12.00223,57.71319],[12.00425,57.71403],[12.00585,57.71258],[12.00522,57.71114],[12.00522,57.70997]]]}},{"type":"Feature","id":"1480R094","properties":{"code":"1480R094","name":"Lunden östra-Härlanda"},"geometry":{"type":"Polygon","coordinates":[[[12.02534,57.71808],[12.02524,57.71618],[12.02387,57.71232],[12.02391,57.7087],[12.02057,57.70853],[12.02126,57.70556],[12.01951,57.7055],[12.01835,57.70494],[12.01711,57.70535],[12.01475,57.70572],[12.01442,57.70441],[12.01175,57.70442],[12.01163,57.70403],[12.0113,57.70396],[12.007,57.7037],[12.00667,57.70442],[12.00604,57.70451],[12.00728,57.70813],[12.0082,57.70826],[12.00836,57.70859],[12.0092,57.70894],[12.00883,57.70976],[12.00972,57.70987],[12.01057,57.71056],[12.01133,57.71049],[12.0111,57.71074],[12.01132,57.71172],[12.01109,57.71176],[12.01176,57.713],[12.01255,57.7133],[12.01272,57.7136],[12.01088,57.71391],[12.00643,57.7141],[12.00605,57.71434],[12.00567,57.7141],[12.00506,57.71441],[12.00418,57.71556],[12.00428,57.71579],[12.00688,57.71678],[12.00869,57.71672],[12.01505,57.71733],[12.01889,57.71806],[12.02135,57.71878],[12.02379,57.71818],[12.02534,57.71808]]]}},{"type":"Feature","id":"1480R096","properties":{"code":"1480R096","name":"Länsmansgården norra"},"geometry":{"type":"Polygon","coordinates":[[[11.87671,57.74692],[11.88013,57.74672],[11.88044,57.7471],[11.88098,57.74691],[11.88145,57.74707],[11.88332,57.74652],[11.8828,57.74581],[11.88156,57.74579],[11.88166,57.74386],[11.88318,57.74319],[11.88528,57.74326],[11.88566,57.74399],[11.88665,57.74472],[11.88802,57.74463],[11.89025,57.74408],[11.88993,57.74372],[11.88742,57.74362],[11.88733,57.74326],[11.88658,57.74324],[11.8867,57.74183],[11.88789,57.74122],[11.89238,57.74143],[11.8929,57.74133],[11.89198,57.741],[11.89257,57.74016],[11.89681,57.74239],[11.89932,57.74062],[11.89955,57.74008],[11.9004,57.73987],[11.90141,57.73916],[11.89997,57.73842],[11.89867,57.73724],[11.89585,57.73339],[11.89525,57.73159],[11.89467,57.73164],[11.89491,57.73233],[11.89403,57.73241],[11.8941,57.73262],[11.8913,57.7325],[11.88851,57.73273],[11.88818,57.73316],[11.88252,57.73385],[11.88083,57.72928],[11.87203,57.72992],[11.87432,57.73333],[11.87542,57.73754],[11.87511,57.73772],[11.87485,57.73977],[11.87322,57.74335],[11.87269,57.74547],[11.87313,57.74843],[11.87398,57.7502],[11.87685,57.74921],[11.87728,57.74766],[11.8765,57.7476],[11.87671,57.74692]]]}},{"type":"Feature","id":"1480R097","properties":{"code":"1480R097","name":"Länsmansgården södra"},"geometry":{"type":"Polygon","coordinates":[[[11.88424,57.73368],[11.88501,57.73344],[11.88818,57.73316],[11.88851,57.73273],[11.8913,57.7325],[11.8941,57.73262],[11.89403,57.73241],[11.89491,57.73233],[11.89467,57.73164],[11.89525,57.73159],[11.89403,57.72835],[11.89021,57.72869],[11.89047,57.72952],[11.88943,57.72962],[11.88904,57.72838],[11.88753,57.72851],[11.88763,57.72881],[11.88083,57.72928],[11.88252,57.73385],[11.88424,57.73368]]]}},{"type":"Feature","id":"1480R103","properties":{"code":"1480R103","name":"Masthugget övre Bangatan"},"geometry":{"type":"Polygon","coordinates":[[[11.93843,57.69594],[11.93858,57.69496],[11.94071,57.69565],[11.94194,57.69569],[11.94296,57.69597],[11.94393,57.69455],[11.94417,57.69371],[11.9418,57.69353],[11.94174,57.69275],[11.93714,57.69206],[11.93417,57.69994],[11.93682,57.70009],[11.93671,57.6995],[11.93882,57.69926],[11.93826,57.6982],[11.939,57.69787],[11.93938,57.69721],[11.93843,57.69594]]]}},{"type":"Feature","id":"1480R095","properties":{"code":"1480R095","name":"Långedrag"},"geometry":{"type":"Polygon","coordinates":[[[11.84068,57.68975],[11.84083,57.68941],[11.8422,57.68885],[11.8432,57.68809],[11.84436,57.68658],[11.84466,57.68562],[11.84678,57.68556],[11.84835,57.68578],[11.86662,57.68574],[11.87004,57.68066],[11.8705,57.6808],[11.87158,57.67963],[11.87154,57.67935],[11.87107,57.67937],[11.87105,57.67894],[11.86978,57.67866],[11.86928,57.67793],[11.86883,57.67817],[11.86811,57.67732],[11.86853,57.67696],[11.86828,57.67597],[11.8715,57.67565],[11.87234,57.67513],[11.87114,57.67443],[11.87093,57.67382],[11.87146,57.67329],[11.87082,57.67286],[11.87022,57.67287],[11.87014,57.67241],[11.8692,57.67191],[11.87036,57.67167],[11.87089,57.67137],[11.87157,57.66939],[11.86419,57.66741],[11.86282,57.66723],[11.86151,57.66748],[11.85901,57.66868],[11.85574,57.66937],[11.85607,57.66722],[11.85579,57.66676],[11.85687,57.66443],[11.85331,57.66235],[11.85013,57.65953],[11.84911,57.65921],[11.84399,57.65558],[11.84138,57.65449],[11.831,57.65243],[11.82529,57.65163],[11.82165,57.65161],[11.82164,57.65267],[11.82207,57.65353],[11.823,57.65433],[11.82433,57.65496],[11.82325,57.65896],[11.82348,57.66058],[11.82226,57.66211],[11.82332,57.66588],[11.82235,57.6684],[11.82115,57.67352],[11.8203,57.67495],[11.82192,57.6761],[11.81951,57.67824],[11.83279,57.68386],[11.8358,57.68623],[11.83601,57.68834],[11.83702,57.68992],[11.84068,57.68975]]]}},{"type":"Feature","id":"1480R098","properties":{"code":"1480R098","name":"Lövgärdet"},"geometry":{"type":"Polygon","coordinates":[[[12.04596,57.82142],[12.0469,57.82067],[12.04842,57.82124],[12.04899,57.82209],[12.04915,57.82149],[12.05104,57.82055],[12.05265,57.81919],[12.05578,57.81895],[12.05898,57.81813],[12.06142,57.81688],[12.06309,57.81524],[12.06955,57.81566],[12.07246,57.81551],[12.07446,57.81516],[12.07643,57.81455],[12.07725,57.81354],[12.07174,57.81267],[12.07155,57.81203],[12.0708,57.81112],[12.07043,57.81099],[12.07137,57.81033],[12.07095,57.81024],[12.06655,57.80966],[12.06605,57.80972],[12.06546,57.80952],[12.05604,57.80829],[12.05336,57.80883],[12.04826,57.80852],[12.04359,57.80867],[12.0412,57.80794],[12.04224,57.80729],[12.03889,57.80747],[12.03682,57.80919],[12.037,57.80961],[12.03519,57.80972],[12.03345,57.81017],[12.03363,57.81085],[12.03097,57.8131],[12.03091,57.81352],[12.0291,57.81455],[12.02852,57.81585],[12.03026,57.81808],[12.03003,57.82083],[12.03262,57.82113],[12.03625,57.82578],[12.03742,57.8264],[12.03877,57.82586],[12.0406,57.8242],[12.04201,57.82356],[12.04318,57.8221],[12.04596,57.82142]]]}},{"type":"Feature","id":"1480R099","properties":{"code":"1480R099","name":"Majorna Gråberget"},"geometry":{"type":"Polygon","coordinates":[[[11.92096,57.69343],[11.92265,57.69325],[11.92309,57.69211],[11.92467,57.6923],[11.92723,57.69147],[11.9271,57.69089],[11.92797,57.6897],[11.92749,57.68825],[11.92851,57.68839],[11.92799,57.68703],[11.92522,57.68704],[11.92131,57.68734],[11.91859,57.68921],[11.91475,57.69126],[11.9177,57.69304],[11.91874,57.69263],[11.92096,57.69343]]]}},{"type":"Feature","id":"1480R100","properties":{"code":"1480R100","name":"Majorna Hängmattan"},"geometry":{"type":"Polygon","coordinates":[[[11.92288,57.69467],[11.92318,57.69343],[11.92222,57.69323],[11.92195,57.69338],[11.92096,57.69343],[11.91874,57.69263],[11.9177,57.69304],[11.91475,57.69126],[11.91272,57.69231],[11.91261,57.6922],[11.91131,57.69318],[11.91107,57.69304],[11.91005,57.69352],[11.91206,57.69454],[11.91233,57.69479],[11.91201,57.69511],[11.91315,57.69558],[11.91433,57.69657],[11.91932,57.6989],[11.92295,57.69952],[11.92863,57.70083],[11.92907,57.69979],[11.93158,57.69756],[11.92685,57.69588],[11.9241,57.6956],[11.92421,57.69535],[11.92288,57.69467]]]}},{"type":"Feature","id":"1480R101","properties":{"code":"1480R101","name":"Majorna Såggatan"},"geometry":{"type":"Polygon","coordinates":[[[11.92687,57.69298],[11.92785,57.69215],[11.93008,57.69092],[11.93134,57.69046],[11.93449,57.68978],[11.93366,57.68882],[11.93174,57.68745],[11.92799,57.68703],[11.92851,57.68839],[11.92749,57.68825],[11.92797,57.6897],[11.9271,57.69089],[11.92723,57.69147],[11.92551,57.69213],[11.92467,57.6923],[11.92309,57.69211],[11.92286,57.69241],[11.92263,57.69335],[11.9232,57.69345],[11.92298,57.69484],[11.92421,57.69535],[11.9241,57.6956],[11.92685,57.69588],[11.9282,57.69625],[11.92876,57.69515],[11.92596,57.69474],[11.92687,57.69298]]]}},{"type":"Feature","id":"1480R102","properties":{"code":"1480R102","name":"Masthugget Masthuggsterassen"},"geometry":{"type":"Polygon","coordinates":[[[11.94588,57.70084],[11.94696,57.69769],[11.94619,57.69762],[11.94632,57.69714],[11.94659,57.69714],[11.94616,57.69618],[11.94588,57.69613],[11.9463,57.69504],[11.94461,57.69489],[11.94456,57.69511],[11.94382,57.69472],[11.94296,57.69597],[11.94194,57.69569],[11.94071,57.69565],[11.93858,57.69496],[11.93843,57.69594],[11.93938,57.69721],[11.939,57.69787],[11.93826,57.6982],[11.93882,57.69926],[11.93671,57.6995],[11.93695,57.70028],[11.93612,57.70058],[11.93621,57.70092],[11.93664,57.70095],[11.93656,57.70144],[11.94308,57.70207],[11.94669,57.70286],[11.94751,57.70102],[11.94588,57.70084]]]}},{"type":"Feature","id":"1480R104","properties":{"code":"1480R104","name":"Masthugget övre Vegagatan"},"geometry":{"type":"Polygon","coordinates":[[[11.94803,57.69695],[11.9482,57.69042],[11.94785,57.69008],[11.94717,57.68996],[11.94644,57.69021],[11.94656,57.69099],[11.94523,57.69107],[11.94572,57.69147],[11.94601,57.69255],[11.94567,57.69382],[11.94417,57.69371],[11.94382,57.69472],[11.94456,57.69511],[11.94461,57.69489],[11.9463,57.69504],[11.94588,57.69613],[11.94616,57.69618],[11.94659,57.69714],[11.94632,57.69714],[11.94619,57.69762],[11.94696,57.69769],[11.94803,57.69695]]]}},{"type":"Feature","id":"1480R105","properties":{"code":"1480R105","name":"Nolered Amhult-Arendal"},"geometry":{"type":"Polygon","coordinates":[[[11.82699,57.74026],[11.8273,57.74032],[11.82799,57.74008],[11.82942,57.73934],[11.82859,57.73911],[11.82752,57.73942],[11.82636,57.73926],[11.82667,57.73926],[11.82647,57.73857],[11.82666,57.73865],[11.8282,57.73401],[11.82905,57.73379],[11.82995,57.73428],[11.83289,57.73432],[11.83296,57.73472],[11.83207,57.73507],[11.83257,57.73544],[11.83158,57.73634],[11.83261,57.73697],[11.83499,57.73746],[11.83838,57.73615],[11.83941,57.73747],[11.84083,57.73798],[11.84121,57.73843],[11.84193,57.73875],[11.84273,57.738],[11.84248,57.73786],[11.84244,57.73693],[11.84175,57.73589],[11.84357,57.7357],[11.84373,57.73547],[11.85456,57.73697],[11.85534,57.73814],[11.85652,57.73872],[11.86145,57.74023],[11.86398,57.74213],[11.87133,57.73881],[11.87254,57.7375],[11.87307,57.7363],[11.87381,57.73594],[11.87518,57.73736],[11.87488,57.73481],[11.87397,57.73271],[11.86807,57.72479],[11.86447,57.72121],[11.86323,57.71956],[11.86091,57.71576],[11.86123,57.71422],[11.86306,57.71273],[11.87512,57.70666],[11.87874,57.70502],[11.88127,57.70443],[11.88126,57.70372],[11.88423,57.70364],[11.89085,57.70401],[11.89155,57.70375],[11.89159,57.70419],[11.89238,57.70383],[11.89325,57.703],[11.8947,57.70036],[11.89647,57.69827],[11.89637,57.69811],[11.89878,57.69535],[11.90184,57.69047],[11.89772,57.68928],[11.89256,57.68857],[11.89008,57.68738],[11.88955,57.68734],[11.88195,57.68872],[11.87741,57.68816],[11.87166,57.68929],[11.87054,57.68741],[11.86967,57.68665],[11.86803,57.68597],[11.86604,57.68571],[11.84835,57.68578],[11.84678,57.68556],[11.84466,57.68562],[11.84436,57.68658],[11.8432,57.68809],[11.8422,57.68885],[11.84083,57.68941],[11.84068,57.68975],[11.83702,57.68992],[11.83601,57.68834],[11.8358,57.68623],[11.83279,57.68386],[11.81951,57.67824],[11.82192,57.6761],[11.8203,57.67495],[11.78431,57.6743],[11.78263,57.68352],[11.78245,57.68628],[11.78289,57.68886],[11.78473,57.68986],[11.78975,57.692],[11.79065,57.69619],[11.79276,57.69772],[11.79286,57.69846],[11.78986,57.69931],[11.78907,57.69984],[11.78802,57.69938],[11.78794,57.69912],[11.78749,57.69939],[11.78731,57.69931],[11.78463,57.70089],[11.78272,57.70136],[11.7797,57.70298],[11.77853,57.70307],[11.77707,57.70251],[11.77328,57.70239],[11.77324,57.70523],[11.77353,57.70595],[11.77245,57.70717],[11.77193,57.70705],[11.77178,57.70881],[11.77048,57.70921],[11.76884,57.70939],[11.76858,57.71024],[11.76437,57.71271],[11.76433,57.71314],[11.76534,57.71409],[11.76459,57.71437],[11.76421,57.71553],[11.76301,57.71566],[11.7622,57.71657],[11.75964,57.71677],[11.75933,57.71632],[11.75853,57.71604],[11.75713,57.71658],[11.75743,57.71709],[11.75694,57.71702],[11.75644,57.71714],[11.75645,57.71729],[11.74703,57.70953],[11.74779,57.71144],[11.73288,57.71416],[11.73272,57.71444],[11.73404,57.71469],[11.73767,57.71593],[11.73713,57.71631],[11.73834,57.71658],[11.73872,57.717],[11.7393,57.71682],[11.75008,57.72372],[11.75541,57.72137],[11.75583,57.72163],[11.75552,57.72222],[11.75598,57.72307],[11.75706,57.72348],[11.75918,57.72367],[11.7606,57.72207],[11.76312,57.72141],[11.76468,57.72136],[11.76518,57.72045],[11.76612,57.7206],[11.76815,57.72154],[11.76774,57.72218],[11.76768,57.72318],[11.76881,57.7245],[11.76708,57.72656],[11.76744,57.72806],[11.76866,57.72796],[11.77035,57.72817],[11.77051,57.73089],[11.77027,57.73163],[11.77102,57.73175],[11.7736,57.73184],[11.77936,57.73106],[11.78106,57.73056],[11.78223,57.72967],[11.79222,57.73433],[11.79285,57.7339],[11.79365,57.73381],[11.79472,57.7333],[11.80018,57.73355],[11.80041,57.7335],[11.79939,57.7326],[11.79997,57.73206],[11.79983,57.73138],[11.80132,57.73034],[11.80541,57.73092],[11.80796,57.72508],[11.81053,57.72538],[11.81133,57.72611],[11.81321,57.72609],[11.81334,57.7264],[11.81403,57.72631],[11.81428,57.72774],[11.81398,57.72999],[11.8199,57.72997],[11.81985,57.72599],[11.82027,57.72601],[11.82041,57.73647],[11.82106,57.73636],[11.82076,57.73859],[11.82044,57.73856],[11.82076,57.73863],[11.8206,57.74048],[11.82185,57.74158],[11.82393,57.74213],[11.82547,57.74182],[11.82678,57.74124],[11.82723,57.74095],[11.82669,57.74079],[11.82699,57.74026]]]}},{"type":"Feature","id":"1480R106","properties":{"code":"1480R106","name":"Nolered norra"},"geometry":{"type":"Polygon","coordinates":[[[11.73268,57.74048],[11.75348,57.73575],[11.76409,57.73675],[11.768,57.73569],[11.77015,57.73547],[11.7714,57.73507],[11.7729,57.73503],[11.77351,57.73468],[11.77462,57.73498],[11.77663,57.73485],[11.77797,57.73543],[11.77854,57.73546],[11.77951,57.73515],[11.78105,57.73544],[11.78265,57.73529],[11.78615,57.73544],[11.78714,57.73529],[11.79017,57.73553],[11.79209,57.73464],[11.79222,57.73433],[11.78223,57.72967],[11.78106,57.73056],[11.77936,57.73106],[11.7736,57.73184],[11.77193,57.73184],[11.77027,57.73163],[11.77051,57.73089],[11.77035,57.72817],[11.76866,57.72796],[11.76744,57.72806],[11.76708,57.72656],[11.76881,57.7245],[11.76768,57.72318],[11.76774,57.72218],[11.76815,57.72154],[11.76605,57.72058],[11.76518,57.72045],[11.76468,57.72136],[11.76312,57.72141],[11.7606,57.72207],[11.75918,57.72367],[11.75706,57.72348],[11.75598,57.72307],[11.75552,57.72222],[11.75583,57.72163],[11.75541,57.72137],[11.75008,57.72372],[11.7393,57.71682],[11.73872,57.717],[11.73834,57.71658],[11.73713,57.71631],[11.73767,57.71593],[11.73404,57.71469],[11.73272,57.71444],[11.73278,57.72071],[11.72776,57.7211],[11.72865,57.72696],[11.72748,57.72703],[11.72686,57.72736],[11.72641,57.7273],[11.72468,57.7251],[11.72285,57.72404],[11.7243,57.72282],[11.72289,57.72222],[11.7189,57.72595],[11.71717,57.72629],[11.71695,57.72881],[11.71648,57.73031],[11.7054,57.73138],[11.7068,57.73327],[11.71847,57.74611],[11.73099,57.7414],[11.73244,57.7412],[11.73268,57.74048]]]}},{"type":"Feature","id":"1480R107","properties":{"code":"1480R107","name":"Norra Biskopsgården"},"geometry":{"type":"Polygon","coordinates":[[[11.87203,57.72992],[11.88763,57.72881],[11.88753,57.72851],[11.88904,57.72838],[11.88943,57.72962],[11.89047,57.72952],[11.89021,57.72869],[11.89403,57.72835],[11.89339,57.72582],[11.89308,57.72582],[11.89298,57.72525],[11.8934,57.72119],[11.89158,57.71808],[11.8908,57.71831],[11.89085,57.71877],[11.88986,57.71941],[11.88813,57.71967],[11.88683,57.7195],[11.87817,57.72209],[11.87765,57.7207],[11.86288,57.71904],[11.86447,57.72121],[11.86807,57.72479],[11.87203,57.72992]]]}},{"type":"Feature","id":"1480R108","properties":{"code":"1480R108","name":"Näset"},"geometry":{"type":"Polygon","coordinates":[[[11.87326,57.63762],[11.87735,57.63644],[11.88168,57.63594],[11.88436,57.63459],[11.88703,57.63404],[11.89253,57.6347],[11.89448,57.63478],[11.89821,57.63457],[11.9033,57.63504],[11.91192,57.63808],[11.91352,57.63683],[11.91122,57.63566],[11.91166,57.63532],[11.90988,57.63427],[11.90854,57.63066],[11.90896,57.62908],[11.90975,57.62812],[11.91153,57.62461],[11.91154,57.62366],[11.91052,57.62248],[11.91121,57.62114],[11.91255,57.62045],[11.91477,57.6199],[11.91742,57.61984],[11.91618,57.61827],[11.91592,57.61728],[11.91545,57.61731],[11.91433,57.61534],[11.91218,57.614],[11.90981,57.61342],[11.9011,57.6048],[11.89663,57.60192],[11.89447,57.59854],[11.89224,57.59621],[11.86146,57.5734],[11.8424,57.58995],[11.84084,57.59193],[11.83442,57.60174],[11.83525,57.60296],[11.8349,57.60432],[11.83351,57.60556],[11.83154,57.60626],[11.83101,57.60707],[11.83143,57.61046],[11.83951,57.619],[11.84079,57.62376],[11.8441,57.62461],[11.84731,57.62464],[11.84959,57.6238],[11.85496,57.62477],[11.85605,57.62681],[11.85545,57.6292],[11.85472,57.62967],[11.85343,57.62978],[11.84989,57.63059],[11.84771,57.63198],[11.84415,57.63518],[11.85006,57.63485],[11.85355,57.63362],[11.85888,57.6332],[11.85927,57.63356],[11.8637,57.63419],[11.86529,57.63367],[11.86716,57.63345],[11.86907,57.63405],[11.86985,57.63265],[11.87116,57.63204],[11.87272,57.63344],[11.87382,57.63331],[11.87486,57.63353],[11.87507,57.63384],[11.8745,57.63421],[11.8742,57.63484],[11.87203,57.63583],[11.87262,57.63639],[11.87289,57.6372],[11.87329,57.63715],[11.8735,57.63753],[11.87326,57.63762]]]}},{"type":"Feature","id":"1480R109","properties":{"code":"1480R109","name":"Olivedal Järntorget"},"geometry":{"type":"Polygon","coordinates":[[[11.95131,57.70421],[11.95487,57.7019],[11.95377,57.70043],[11.95237,57.69965],[11.95106,57.69743],[11.94777,57.69709],[11.94696,57.69769],[11.94588,57.70084],[11.94751,57.70102],[11.94669,57.70286],[11.94985,57.70365],[11.95131,57.70421]]]}},{"type":"Feature","id":"1480R113","properties":{"code":"1480R113","name":"Olskroken"},"geometry":{"type":"Polygon","coordinates":[[[12.00725,57.72732],[12.00888,57.72354],[12.00917,57.72362],[12.00926,57.72347],[12.00895,57.72338],[12.00914,57.72297],[12.00652,57.72242],[12.00474,57.71703],[12.00406,57.71586],[12.00525,57.71426],[12.0038,57.71395],[12.00223,57.71319],[12.00081,57.71131],[11.99923,57.7098],[11.99878,57.70973],[11.99836,57.70911],[11.99762,57.70659],[11.99806,57.7063],[11.9986,57.70391],[11.9981,57.70388],[11.99813,57.7042],[11.99768,57.70425],[11.99766,57.70459],[11.99622,57.70474],[11.99628,57.70494],[11.99545,57.70483],[11.99722,57.71031],[11.99712,57.71132],[11.99617,57.71231],[11.99441,57.7135],[11.99485,57.71482],[11.99334,57.71677],[11.99097,57.71818],[11.9876,57.72113],[11.99523,57.72087],[11.99589,57.72101],[11.99782,57.7222],[12.0023,57.72645],[12.0028,57.72665],[12.00725,57.72732]]]}},{"type":"Feature","id":"1480R114","properties":{"code":"1480R114","name":"Rambergsstaden mellersta"},"geometry":{"type":"Polygon","coordinates":[[[11.93387,57.71942],[11.93435,57.71925],[11.93518,57.72001],[11.93723,57.72051],[11.93957,57.72055],[11.93956,57.7203],[11.94085,57.72028],[11.94101,57.71972],[11.94271,57.71971],[11.94357,57.71883],[11.94499,57.71881],[11.94504,57.71795],[11.94583,57.71764],[11.94638,57.71793],[11.94711,57.71791],[11.94716,57.71874],[11.95038,57.71862],[11.9482,57.71684],[11.94958,57.71615],[11.94554,57.71393],[11.94462,57.71443],[11.94433,57.71422],[11.94339,57.71432],[11.94291,57.71533],[11.94244,57.7156],[11.94151,57.71584],[11.9397,57.7159],[11.93946,57.71625],[11.93839,57.71657],[11.93373,57.71664],[11.93,57.71717],[11.92721,57.71717],[11.92608,57.71939],[11.93281,57.72037],[11.93433,57.72076],[11.93387,57.71942]]]}},{"type":"Feature","id":"1480R115","properties":{"code":"1480R115","name":"Rambergsstaden västra"},"geometry":{"type":"Polygon","coordinates":[[[11.92608,57.71939],[11.92721,57.71717],[11.93,57.71717],[11.93373,57.71664],[11.93839,57.71657],[11.93946,57.71625],[11.9397,57.7159],[11.94151,57.71584],[11.94244,57.7156],[11.94291,57.71533],[11.94339,57.71432],[11.94433,57.71422],[11.94462,57.71443],[11.94554,57.71393],[11.94255,57.71269],[11.94134,57.7124],[11.93104,57.71174],[11.92941,57.71135],[11.92742,57.71056],[11.92463,57.70992],[11.92411,57.71017],[11.92093,57.70977],[11.92104,57.71051],[11.92192,57.71057],[11.9214,57.71244],[11.92039,57.71358],[11.9158,57.71358],[11.91717,57.71548],[11.91727,57.71691],[11.91964,57.71769],[11.91925,57.71841],[11.92608,57.71939]]]}},{"type":"Feature","id":"1480R117","properties":{"code":"1480R117","name":"Rannebergen norra"},"geometry":{"type":"Polygon","coordinates":[[[12.07643,57.81455],[12.07886,57.81327],[12.08204,57.81055],[12.08416,57.81011],[12.08585,57.80952],[12.08965,57.80769],[12.09131,57.80652],[12.0925,57.80498],[12.09331,57.80277],[12.09335,57.8013],[12.0928,57.8],[12.09019,57.79951],[12.07819,57.79972],[12.07755,57.79949],[12.0777,57.79924],[12.07595,57.79866],[12.07439,57.8001],[12.07627,57.80093],[12.07649,57.80152],[12.0754,57.80371],[12.07451,57.80449],[12.06826,57.80321],[12.06639,57.80247],[12.06486,57.80451],[12.06264,57.80423],[12.05979,57.80559],[12.05736,57.80754],[12.05604,57.80829],[12.07137,57.81033],[12.07043,57.81099],[12.0708,57.81112],[12.07155,57.81203],[12.07174,57.81267],[12.07725,57.81354],[12.07643,57.81455]]]}},{"type":"Feature","id":"1480R118","properties":{"code":"1480R118","name":"Rannebergen södra"},"geometry":{"type":"Polygon","coordinates":[[[12.06486,57.80451],[12.06639,57.80247],[12.06826,57.80321],[12.07451,57.80449],[12.0749,57.80423],[12.0754,57.80371],[12.07649,57.80135],[12.0759,57.80068],[12.07439,57.8001],[12.07563,57.79899],[12.07365,57.79788],[12.07365,57.7972],[12.0724,57.79693],[12.07213,57.79701],[12.07305,57.79785],[12.07231,57.79876],[12.06932,57.79833],[12.06904,57.79922],[12.06567,57.7986],[12.06419,57.80049],[12.06304,57.80056],[12.06309,57.80093],[12.06213,57.80258],[12.06209,57.80377],[12.06264,57.80423],[12.06394,57.80448],[12.06486,57.80451]]]}},{"type":"Feature","id":"1480R119","properties":{"code":"1480R119","name":"Redbergslid"},"geometry":{"type":"Polygon","coordinates":[[[12.00774,57.72003],[12.00925,57.71894],[12.01143,57.71981],[12.0125,57.71886],[12.01275,57.71894],[12.01393,57.71863],[12.01461,57.7179],[12.01396,57.71765],[12.01442,57.71762],[12.0145,57.71727],[12.00869,57.71672],[12.00688,57.71678],[12.00428,57.71579],[12.00406,57.71586],[12.00474,57.71703],[12.00652,57.72242],[12.00914,57.72297],[12.00895,57.72338],[12.00926,57.72347],[12.01138,57.72384],[12.00988,57.72258],[12.00936,57.72108],[12.00972,57.7208],[12.00774,57.72003]]]}},{"type":"Feature","id":"1480R120","properties":{"code":"1480R120","name":"Ruddalen"},"geometry":{"type":"Polygon","coordinates":[[[11.91029,57.67605],[11.91023,57.67534],[11.9122,57.6752],[11.91231,57.67498],[11.91169,57.67449],[11.91002,57.67447],[11.90961,57.67326],[11.91036,57.6727],[11.91021,57.67223],[11.91175,57.67191],[11.91154,57.6704],[11.91669,57.66991],[11.91656,57.66969],[11.91704,57.66957],[11.91834,57.66976],[11.92005,57.66893],[11.91984,57.66783],[11.91874,57.66769],[11.91755,57.6678],[11.91759,57.66817],[11.91719,57.66838],[11.91648,57.66801],[11.91647,57.66719],[11.91805,57.66652],[11.91859,57.66555],[11.91903,57.66562],[11.91935,57.66497],[11.91855,57.66488],[11.91869,57.66453],[11.91756,57.66427],[11.91789,57.66346],[11.91502,57.66397],[11.91488,57.66381],[11.91621,57.66349],[11.91593,57.66327],[11.91238,57.66325],[11.91394,57.66207],[11.91391,57.6617],[11.91489,57.66152],[11.91696,57.66051],[11.92091,57.65906],[11.91773,57.65662],[11.91657,57.65703],[11.91514,57.65705],[11.90689,57.65662],[11.90685,57.65737],[11.90491,57.65719],[11.90458,57.65823],[11.90407,57.65819],[11.90344,57.65853],[11.90379,57.65873],[11.90276,57.65966],[11.90216,57.65975],[11.90214,57.65908],[11.90127,57.659],[11.89994,57.66049],[11.89875,57.66044],[11.89852,57.66145],[11.8974,57.66306],[11.89732,57.66343],[11.89777,57.66356],[11.89791,57.66343],[11.90027,57.66402],[11.90032,57.66536],[11.90312,57.6658],[11.90371,57.66611],[11.90399,57.66597],[11.90479,57.66602],[11.90487,57.66676],[11.90456,57.66678],[11.90502,57.66739],[11.90448,57.66751],[11.90449,57.66794],[11.90536,57.6679],[11.9054,57.6681],[11.90452,57.66815],[11.90481,57.66874],[11.90797,57.66857],[11.90802,57.66894],[11.90722,57.66898],[11.90687,57.66954],[11.90658,57.66956],[11.90625,57.67041],[11.90636,57.67057],[11.90693,57.6706],[11.90715,57.67105],[11.90837,57.67138],[11.90872,57.6739],[11.90842,57.67391],[11.90847,57.67425],[11.90924,57.67502],[11.90938,57.67564],[11.91029,57.67605]]]}},{"type":"Feature","id":"1480R121","properties":{"code":"1480R121","name":"Rödbo-Säve"},"geometry":{"type":"Polygon","coordinates":[[[11.97328,57.86479],[11.97643,57.86447],[11.98368,57.8628],[11.98624,57.86247],[11.9887,57.8626],[11.99017,57.86334],[11.99422,57.86168],[11.99602,57.86031],[11.99739,57.85998],[12.00174,57.86],[12.00347,57.86037],[12.00886,57.86044],[12.01376,57.86082],[12.01152,57.85756],[12.00817,57.85459],[12.00745,57.85255],[12.0101,57.84528],[12.01084,57.84451],[12.00872,57.83274],[12.00876,57.82846],[12.00999,57.82563],[12.01034,57.82334],[12.01305,57.81677],[12.0051,57.8168],[12.00579,57.81549],[12.00421,57.8163],[12.00242,57.81691],[12.00112,57.8184],[11.99882,57.81973],[11.9938,57.82113],[11.99209,57.82217],[11.9899,57.82298],[11.98802,57.82338],[11.98536,57.82366],[11.98269,57.82362],[11.98008,57.82322],[11.97779,57.82249],[11.97586,57.82152],[11.97337,57.82147],[11.96848,57.82084],[11.96604,57.82017],[11.96399,57.8192],[11.96209,57.8176],[11.96146,57.81652],[11.96122,57.81538],[11.96151,57.81393],[11.96305,57.81204],[11.96359,57.81048],[11.96156,57.80912],[11.95916,57.80803],[11.95762,57.80681],[11.95653,57.80511],[11.95637,57.80312],[11.95757,57.80098],[11.95976,57.79942],[11.96086,57.79813],[11.96248,57.79703],[11.96134,57.79544],[11.96111,57.794],[11.96148,57.79261],[11.96234,57.79105],[11.96203,57.7898],[11.96219,57.78873],[11.96306,57.78705],[11.96395,57.78608],[11.96613,57.78473],[11.96899,57.78381],[11.97445,57.78313],[11.97809,57.78319],[11.981,57.78211],[11.97915,57.78097],[11.97729,57.78042],[11.97562,57.77969],[11.97328,57.77783],[11.97265,57.77676],[11.97241,57.7753],[11.97296,57.77362],[11.97391,57.77246],[11.97036,57.77133],[11.96712,57.77139],[11.96389,57.77099],[11.96186,57.7717],[11.95928,57.77219],[11.95582,57.77235],[11.95281,57.77273],[11.95092,57.77274],[11.94919,57.77352],[11.94695,57.77422],[11.94314,57.77468],[11.94102,57.77461],[11.93853,57.77423],[11.9363,57.77352],[11.93448,57.77257],[11.93182,57.77314],[11.92911,57.77337],[11.92638,57.77323],[11.92438,57.77288],[11.92105,57.77205],[11.91855,57.77093],[11.91709,57.76977],[11.91634,57.7687],[11.91381,57.76679],[11.9114,57.76306],[11.90993,57.76132],[11.90923,57.75955],[11.90917,57.7581],[11.90832,57.75783],[11.90627,57.76045],[11.90405,57.76202],[11.90193,57.76292],[11.89811,57.76392],[11.89609,57.76525],[11.89232,57.76656],[11.88883,57.76731],[11.88592,57.76745],[11.88123,57.76704],[11.87817,57.76627],[11.87574,57.76504],[11.87321,57.76302],[11.87082,57.76],[11.87031,57.75879],[11.86786,57.75694],[11.8666,57.75498],[11.86527,57.75146],[11.86919,57.75141],[11.87133,57.75101],[11.87398,57.7502],[11.87313,57.74843],[11.87269,57.74547],[11.87322,57.74335],[11.87485,57.73977],[11.87511,57.73772],[11.87542,57.73754],[11.87381,57.73594],[11.87307,57.7363],[11.87254,57.7375],[11.87133,57.73881],[11.86375,57.74224],[11.86056,57.74304],[11.86039,57.74489],[11.85919,57.74658],[11.85696,57.74806],[11.85433,57.74899],[11.8558,57.7501],[11.85675,57.75142],[11.85723,57.75367],[11.85712,57.7548],[11.85513,57.75788],[11.85354,57.75912],[11.85105,57.76024],[11.8511,57.76201],[11.85004,57.76378],[11.8568,57.76447],[11.85878,57.76485],[11.86323,57.76654],[11.86576,57.76797],[11.86736,57.76954],[11.86806,57.7713],[11.86783,57.77286],[11.86671,57.77446],[11.86614,57.77589],[11.86404,57.77783],[11.86199,57.77881],[11.85999,57.7794],[11.85785,57.78113],[11.85574,57.78229],[11.85293,57.78325],[11.84968,57.7837],[11.84844,57.78465],[11.84698,57.78539],[11.84528,57.78597],[11.84287,57.78647],[11.83961,57.79083],[11.83886,57.79139],[11.83768,57.79175],[11.83797,57.79205],[11.83778,57.79273],[11.83612,57.79419],[11.83876,57.79445],[11.84342,57.79572],[11.84528,57.79585],[11.84873,57.79763],[11.84936,57.79842],[11.85643,57.80399],[11.85971,57.80563],[11.8641,57.80868],[11.86862,57.81141],[11.88148,57.82039],[11.88818,57.82408],[11.88951,57.82525],[11.89017,57.82631],[11.89249,57.82774],[11.89479,57.82879],[11.89457,57.82897],[11.89935,57.83145],[11.90129,57.83345],[11.90277,57.83613],[11.90313,57.83732],[11.90309,57.84184],[11.90358,57.84325],[11.90475,57.84437],[11.90584,57.84497],[11.90789,57.84558],[11.91021,57.84561],[11.91136,57.84584],[11.91302,57.84562],[11.9179,57.84422],[11.92156,57.84355],[11.92687,57.84347],[11.9305,57.84396],[11.93265,57.84461],[11.93601,57.84642],[11.93788,57.84716],[11.94272,57.84835],[11.94503,57.84848],[11.94929,57.84689],[11.95114,57.84704],[11.95268,57.84773],[11.95417,57.84918],[11.95614,57.85274],[11.95842,57.85519],[11.95977,57.85555],[11.96349,57.85837],[11.96514,57.86004],[11.96624,57.8626],[11.96806,57.8637],[11.96969,57.86432],[11.97328,57.86479]]]}},{"type":"Feature","id":"1480R124","properties":{"code":"1480R124","name":"Skogome"},"geometry":{"type":"Polygon","coordinates":[[[11.95081,57.7728],[11.95928,57.77219],[11.96232,57.77157],[11.96181,57.77046],[11.96585,57.76998],[11.96701,57.76732],[11.96775,57.76675],[11.96664,57.7656],[11.96633,57.76556],[11.96529,57.76397],[11.96421,57.76345],[11.96293,57.76314],[11.96194,57.76197],[11.96097,57.76142],[11.95997,57.76135],[11.95952,57.7616],[11.95858,57.76151],[11.95706,57.76084],[11.95692,57.76035],[11.95614,57.7602],[11.95502,57.75911],[11.95445,57.75818],[11.9546,57.75755],[11.95517,57.75708],[11.95487,57.75636],[11.95553,57.75611],[11.95637,57.75534],[11.95693,57.75525],[11.9565,57.75491],[11.95658,57.7546],[11.95567,57.75453],[11.95541,57.75407],[11.95804,57.754],[11.95819,57.75369],[11.95952,57.75396],[11.95922,57.75375],[11.9598,57.75351],[11.96708,57.75192],[11.96683,57.75135],[11.9657,57.75149],[11.9639,57.75134],[11.96243,57.7508],[11.96236,57.74977],[11.9607,57.74892],[11.96342,57.74806],[11.96387,57.74734],[11.96341,57.74668],[11.96236,57.74601],[11.96166,57.74523],[11.96063,57.74497],[11.95931,57.74527],[11.95569,57.74661],[11.95421,57.74636],[11.94908,57.74606],[11.94857,57.74812],[11.9472,57.75072],[11.94408,57.75562],[11.94101,57.75976],[11.93959,57.7626],[11.93916,57.76477],[11.93963,57.76835],[11.9435,57.77318],[11.94349,57.77467],[11.94695,57.77422],[11.95081,57.7728]]]}},{"type":"Feature","id":"1480R125","properties":{"code":"1480R125","name":"Skår"},"geometry":{"type":"Polygon","coordinates":[[[12.01285,57.69985],[12.01389,57.69867],[12.01413,57.69789],[12.0163,57.6959],[12.01848,57.69264],[12.0336,57.69286],[12.03675,57.69045],[12.03722,57.69045],[12.03748,57.68888],[12.03787,57.68866],[12.03851,57.68865],[12.0386,57.68839],[12.04099,57.68704],[12.0419,57.68617],[12.0418,57.68595],[12.04146,57.68593],[12.04172,57.68503],[12.02985,57.68468],[12.03089,57.68528],[12.02989,57.68606],[12.02904,57.68625],[12.02825,57.68693],[12.02717,57.68744],[12.0258,57.6895],[12.02264,57.68843],[12.01765,57.68932],[12.01787,57.68786],[12.0196,57.68706],[12.01858,57.68588],[12.01201,57.68574],[12.00997,57.68711],[12.00736,57.68834],[12.00767,57.68774],[12.00697,57.68672],[12.00503,57.68477],[12.0044,57.68483],[12.00462,57.68428],[12.00379,57.68412],[11.99895,57.68954],[11.99791,57.69111],[11.99626,57.69585],[11.99593,57.69768],[11.99631,57.69793],[11.9962,57.69844],[11.99876,57.69927],[11.99857,57.69875],[11.99921,57.69857],[11.99958,57.69823],[12.0021,57.69871],[12.0031,57.69927],[12.00837,57.6993],[12.01285,57.69985]]]}},{"type":"Feature","id":"1480R126","properties":{"code":"1480R126","name":"Skälltorp Bäckebol"},"geometry":{"type":"Polygon","coordinates":[[[12.00351,57.77686],[12.00356,57.77649],[12.00485,57.77645],[12.005,57.77607],[12.00557,57.77218],[12.0051,57.77176],[12.00514,57.77145],[12.00571,57.77149],[12.00524,57.76844],[12.00424,57.7659],[12.00342,57.76467],[11.99938,57.76208],[11.99876,57.76119],[11.99837,57.75948],[11.99898,57.75758],[12.00248,57.75033],[11.99658,57.75081],[11.99578,57.74706],[11.99027,57.74762],[11.99128,57.75079],[11.98973,57.75101],[11.98908,57.7503],[11.98833,57.75037],[11.98804,57.75006],[11.9845,57.75058],[11.98558,57.75304],[11.98105,57.75304],[11.98126,57.75079],[11.98064,57.74943],[11.9804,57.7491],[11.97996,57.74914],[11.97969,57.74836],[11.97682,57.74865],[11.97612,57.74856],[11.97498,57.74944],[11.9733,57.75004],[11.96681,57.75131],[11.96708,57.75192],[11.9598,57.75351],[11.95922,57.75375],[11.95952,57.75396],[11.95819,57.75369],[11.95804,57.754],[11.96244,57.75505],[11.96654,57.75494],[11.97243,57.75517],[11.97851,57.75598],[11.97272,57.75962],[11.97186,57.75997],[11.97339,57.7615],[11.97465,57.76165],[11.97516,57.76188],[11.97208,57.76387],[11.9721,57.7649],[11.96638,57.76868],[11.96585,57.76998],[11.96181,57.77046],[11.96232,57.77157],[11.96389,57.77099],[11.96712,57.77139],[11.97036,57.77133],[11.97391,57.77246],[11.97296,57.77362],[11.97249,57.77479],[11.98976,57.77234],[11.99047,57.77193],[11.99186,57.77214],[11.99269,57.77191],[11.99323,57.77225],[11.99673,57.77252],[11.9982,57.77671],[11.99906,57.77668],[12.00013,57.77701],[12.00351,57.77686]]]}},{"type":"Feature","id":"1480R127","properties":{"code":"1480R127","name":"Skälltorp Selma Lagerlöfs torg"},"geometry":{"type":"Polygon","coordinates":[[[11.98105,57.75304],[11.98558,57.75304],[11.9845,57.75058],[11.98804,57.75006],[11.98833,57.75037],[11.98908,57.7503],[11.98973,57.75101],[11.99128,57.75079],[11.99027,57.74762],[11.97978,57.7487],[11.97996,57.74914],[11.9804,57.7491],[11.98064,57.74943],[11.98126,57.75079],[11.98105,57.75304]]]}},{"type":"Feature","id":"1480R128","properties":{"code":"1480R128","name":"Skälltorp Åketorp"},"geometry":{"type":"Polygon","coordinates":[[[11.96638,57.76868],[11.9721,57.7649],[11.97208,57.76387],[11.97516,57.76188],[11.97465,57.76165],[11.97339,57.7615],[11.97186,57.75997],[11.97272,57.75962],[11.97851,57.75598],[11.97243,57.75517],[11.96654,57.75494],[11.96244,57.75505],[11.95804,57.754],[11.95541,57.75407],[11.95567,57.75453],[11.95658,57.7546],[11.9565,57.75491],[11.95693,57.75525],[11.95637,57.75534],[11.95553,57.75611],[11.95487,57.75636],[11.95517,57.75708],[11.95444,57.75792],[11.95476,57.75878],[11.95591,57.76],[11.95645,57.76034],[11.95692,57.76035],[11.95706,57.76084],[11.95858,57.76151],[11.95952,57.7616],[11.95997,57.76135],[11.96123,57.76153],[11.96123,57.76169],[11.96194,57.76197],[11.96293,57.76314],[11.96421,57.76345],[11.96529,57.76397],[11.96633,57.76556],[11.96664,57.7656],[11.96778,57.76664],[11.96701,57.76732],[11.96638,57.76868]]]}},{"type":"Feature","id":"1480R129","properties":{"code":"1480R129","name":"Slättadamm"},"geometry":{"type":"Polygon","coordinates":[[[11.918,57.73665],[11.93977,57.73399],[11.94042,57.73368],[11.94186,57.73428],[11.94222,57.73287],[11.94467,57.72941],[11.9463,57.72932],[11.94635,57.72972],[11.94924,57.72955],[11.94846,57.72823],[11.94579,57.72726],[11.92853,57.72815],[11.92511,57.72862],[11.92244,57.72937],[11.91949,57.73083],[11.92205,57.73204],[11.92155,57.73288],[11.92252,57.73334],[11.9174,57.73392],[11.91698,57.73563],[11.918,57.73665]]]}},{"type":"Feature","id":"1480R130","properties":{"code":"1480R130","name":"Stampen västra"},"geometry":{"type":"Polygon","coordinates":[[[11.99697,57.71156],[11.99722,57.71031],[11.9959,57.70632],[11.99202,57.70733],[11.9888,57.70757],[11.98554,57.7075],[11.98897,57.71071],[11.98791,57.71114],[11.98484,57.70961],[11.98398,57.71019],[11.98215,57.70998],[11.97583,57.70865],[11.97573,57.70883],[11.97129,57.70816],[11.96914,57.71051],[11.96626,57.71013],[11.96419,57.71314],[11.97131,57.71652],[11.98668,57.7219],[11.99097,57.71818],[11.99334,57.71677],[11.99485,57.71482],[11.99441,57.7135],[11.99697,57.71156]]]}},{"type":"Feature","id":"1480R131","properties":{"code":"1480R131","name":"Stampen östra"},"geometry":{"type":"Polygon","coordinates":[[[11.98897,57.71071],[11.98554,57.7075],[11.97433,57.70745],[11.97376,57.70849],[11.97573,57.70883],[11.97583,57.70865],[11.98215,57.70998],[11.98398,57.71019],[11.98484,57.70961],[11.98791,57.71114],[11.98897,57.71071]]]}},{"type":"Feature","id":"1480R132","properties":{"code":"1480R132","name":"Stigberget"},"geometry":{"type":"Polygon","coordinates":[[[11.93612,57.70058],[11.93695,57.70028],[11.93682,57.70009],[11.93417,57.69994],[11.93708,57.69214],[11.93795,57.69106],[11.93925,57.69038],[11.93449,57.68978],[11.93134,57.69046],[11.9289,57.69149],[11.92687,57.69298],[11.92596,57.69474],[11.92876,57.69515],[11.9282,57.69625],[11.93158,57.69756],[11.92907,57.69979],[11.92863,57.70083],[11.93656,57.70144],[11.93664,57.70095],[11.93621,57.70092],[11.93612,57.70058]]]}},{"type":"Feature","id":"1480R133","properties":{"code":"1480R133","name":"Jättesten västra"},"geometry":{"type":"Polygon","coordinates":[[[11.90659,57.72929],[11.9079,57.72886],[11.90795,57.72577],[11.9077,57.72577],[11.90786,57.72558],[11.90967,57.72568],[11.90994,57.72452],[11.91083,57.72474],[11.9109,57.72461],[11.91035,57.7245],[11.91055,57.72425],[11.91014,57.72415],[11.91064,57.72352],[11.91165,57.72373],[11.91183,57.7235],[11.91285,57.72369],[11.9132,57.72311],[11.91401,57.72342],[11.91398,57.72373],[11.91443,57.72372],[11.91466,57.72333],[11.91535,57.72346],[11.91566,57.72333],[11.91578,57.72396],[11.91628,57.72404],[11.91686,57.72098],[11.91925,57.71841],[11.91189,57.71718],[11.90875,57.71813],[11.90812,57.71802],[11.90786,57.71814],[11.90608,57.71988],[11.90474,57.72079],[11.90369,57.72102],[11.90221,57.72332],[11.90249,57.72344],[11.90247,57.72443],[11.9021,57.72672],[11.90268,57.72761],[11.90219,57.72772],[11.9041,57.72918],[11.90468,57.72891],[11.90563,57.7293],[11.90659,57.72929]]]}},{"type":"Feature","id":"1480R134","properties":{"code":"1480R134","name":"Jättesten östra"},"geometry":{"type":"Polygon","coordinates":[[[11.90029,57.72832],[11.90268,57.72761],[11.9021,57.72672],[11.90247,57.72443],[11.90249,57.72344],[11.90221,57.72332],[11.90369,57.72102],[11.90474,57.72079],[11.90631,57.71972],[11.90812,57.71802],[11.90899,57.71658],[11.90524,57.71442],[11.89624,57.71287],[11.89675,57.71604],[11.89576,57.71837],[11.89412,57.72036],[11.89385,57.72143],[11.89344,57.72142],[11.89323,57.72333],[11.89551,57.72318],[11.89567,57.72444],[11.89648,57.72467],[11.89657,57.72558],[11.89696,57.72557],[11.89726,57.72614],[11.89799,57.72627],[11.8983,57.72706],[11.90029,57.72832]]]}},{"type":"Feature","id":"1480R135","properties":{"code":"1480R135","name":"Södra Biskopsgården västra"},"geometry":{"type":"Polygon","coordinates":[[[11.87588,57.71592],[11.88721,57.71451],[11.88694,57.71501],[11.88719,57.7159],[11.88748,57.71599],[11.88853,57.71562],[11.88994,57.71579],[11.89082,57.71494],[11.89094,57.71422],[11.89186,57.71333],[11.89239,57.71353],[11.89429,57.71288],[11.89624,57.71287],[11.8966,57.71257],[11.89632,57.71213],[11.89491,57.71081],[11.89336,57.70981],[11.89266,57.70982],[11.89185,57.70952],[11.89108,57.70881],[11.89098,57.70818],[11.89172,57.70587],[11.89155,57.70375],[11.89085,57.70401],[11.88423,57.70364],[11.88126,57.70372],[11.88127,57.70443],[11.87931,57.70485],[11.87726,57.70562],[11.86306,57.71273],[11.86156,57.71379],[11.86097,57.71478],[11.86114,57.71636],[11.86288,57.71904],[11.87765,57.7207],[11.87588,57.71592]]]}},{"type":"Feature","id":"1480R136","properties":{"code":"1480R136","name":"Södra Biskopsgården östra"},"geometry":{"type":"Polygon","coordinates":[[[11.88656,57.71958],[11.88813,57.71967],[11.88986,57.71941],[11.89085,57.71877],[11.8908,57.71831],[11.89158,57.71808],[11.89344,57.72142],[11.89385,57.72143],[11.89412,57.72036],[11.89576,57.71837],[11.89675,57.71604],[11.89624,57.71287],[11.89429,57.71288],[11.89239,57.71353],[11.89186,57.71333],[11.89094,57.71422],[11.89082,57.71494],[11.88994,57.71579],[11.88853,57.71562],[11.88748,57.71599],[11.88719,57.7159],[11.88694,57.71501],[11.88721,57.71451],[11.87588,57.71592],[11.87817,57.72209],[11.88656,57.71958]]]}},{"type":"Feature","id":"1480R137","properties":{"code":"1480R137","name":"Södra Skärgården"},"geometry":{"type":"Polygon","coordinates":[[[11.82115,57.67352],[11.82235,57.6684],[11.82332,57.66588],[11.82226,57.66211],[11.82348,57.66058],[11.82325,57.65896],[11.82433,57.65496],[11.82292,57.65428],[11.82202,57.65346],[11.82163,57.65261],[11.82166,57.65151],[11.82206,57.65063],[11.82288,57.64984],[11.82477,57.64884],[11.82613,57.64841],[11.8269,57.64549],[11.82472,57.64457],[11.82359,57.64328],[11.82347,57.6422],[11.82401,57.64115],[11.82503,57.64036],[11.82681,57.63967],[11.82405,57.63833],[11.83255,57.63818],[11.8356,57.63762],[11.83759,57.63775],[11.84415,57.63518],[11.84771,57.63198],[11.84989,57.63059],[11.85343,57.62978],[11.85472,57.62967],[11.85545,57.6292],[11.85605,57.62681],[11.85496,57.62477],[11.84959,57.6238],[11.84731,57.62464],[11.8441,57.62461],[11.84079,57.62376],[11.83951,57.619],[11.83143,57.61046],[11.83101,57.60707],[11.83154,57.60626],[11.83351,57.60556],[11.8349,57.60432],[11.83525,57.60296],[11.83442,57.60174],[11.84084,57.59193],[11.8424,57.58995],[11.86146,57.5734],[11.84939,57.56461],[11.85559,57.55813],[11.81803,57.55642],[11.77911,57.49967],[11.45355,57.50018],[11.23152,57.65464],[11.50013,57.65464],[11.61575,57.65156],[11.61793,57.65116],[11.62547,57.64846],[11.63126,57.64773],[11.64366,57.65186],[11.6636,57.64744],[11.69605,57.65472],[11.70423,57.66516],[11.73206,57.66492],[11.7523,57.67123],[11.75841,57.67145],[11.76447,57.67137],[11.76953,57.67217],[11.7738,57.67262],[11.78431,57.6743],[11.8203,57.67495],[11.82115,57.67352]]]}},{"type":"Feature","id":"1480R141","properties":{"code":"1480R141","name":"Tuve västra"},"geometry":{"type":"Polygon","coordinates":[[[11.92549,57.75339],[11.92842,57.75351],[11.92851,57.74997],[11.92797,57.74861],[11.92641,57.7467],[11.92529,57.74584],[11.92382,57.74555],[11.91658,57.74644],[11.91436,57.74687],[11.91274,57.74751],[11.91205,57.7482],[11.91202,57.74899],[11.91491,57.75316],[11.91664,57.75323],[11.91843,57.75493],[11.92138,57.7545],[11.92549,57.75339]]]}},{"type":"Feature","id":"1480R144","properties":{"code":"1480R144","name":"Vasastaden västra"},"geometry":{"type":"Polygon","coordinates":[[[11.97099,57.70386],[11.97774,57.70054],[11.97305,57.69858],[11.97168,57.69952],[11.96961,57.69867],[11.96558,57.69803],[11.96641,57.69658],[11.97045,57.69721],[11.97095,57.69654],[11.96896,57.69549],[11.96662,57.69519],[11.96673,57.69422],[11.96539,57.69422],[11.96324,57.69387],[11.96324,57.69461],[11.96242,57.69452],[11.96309,57.69991],[11.96084,57.69984],[11.96095,57.70047],[11.96505,57.70114],[11.96642,57.70241],[11.96923,57.70229],[11.96986,57.70339],[11.97099,57.70386]]]}},{"type":"Feature","id":"1480R142","properties":{"code":"1480R142","name":"Tuve östra"},"geometry":{"type":"Polygon","coordinates":[[[11.9435,57.77318],[11.93963,57.76835],[11.93916,57.76477],[11.93959,57.7626],[11.94101,57.75976],[11.94408,57.75562],[11.94857,57.74812],[11.9491,57.74597],[11.95056,57.74329],[11.95099,57.7415],[11.95127,57.73732],[11.95308,57.73256],[11.95315,57.73169],[11.95232,57.72965],[11.94971,57.72954],[11.94633,57.72972],[11.9463,57.72932],[11.94467,57.72941],[11.94222,57.73287],[11.94186,57.73428],[11.94042,57.73368],[11.93977,57.73399],[11.92887,57.73539],[11.92776,57.73796],[11.93049,57.74176],[11.92796,57.74225],[11.9284,57.74245],[11.92932,57.7423],[11.93026,57.743],[11.92519,57.74373],[11.92553,57.74448],[11.92533,57.74476],[11.92446,57.74542],[11.92382,57.74555],[11.92491,57.74572],[11.92575,57.74612],[11.92828,57.74913],[11.92851,57.74997],[11.92853,57.75663],[11.92823,57.75745],[11.92731,57.75783],[11.92017,57.75845],[11.90917,57.7581],[11.90912,57.75842],[11.90993,57.76132],[11.9114,57.76306],[11.91322,57.76616],[11.91634,57.7687],[11.91774,57.77037],[11.91996,57.77165],[11.92438,57.77288],[11.92765,57.77334],[11.9312,57.77323],[11.93448,57.77257],[11.9363,57.77352],[11.93792,57.77407],[11.94166,57.77466],[11.94349,57.77467],[11.9435,57.77318]]]}},{"type":"Feature","id":"1480R143","properties":{"code":"1480R143","name":"Utby"},"geometry":{"type":"Polygon","coordinates":[[[12.05242,57.74838],[12.05345,57.7471],[12.05352,57.74611],[12.05551,57.74572],[12.05661,57.74497],[12.0555,57.74455],[12.05684,57.74355],[12.05863,57.7434],[12.0597,57.74402],[12.06143,57.74368],[12.06332,57.74267],[12.06629,57.74294],[12.06731,57.74186],[12.06829,57.74197],[12.06896,57.74226],[12.06923,57.74216],[12.06956,57.74243],[12.06921,57.74243],[12.07022,57.74326],[12.07164,57.74341],[12.07192,57.7428],[12.07439,57.742],[12.07943,57.74234],[12.07967,57.74141],[12.07876,57.74115],[12.08068,57.73592],[12.07892,57.73521],[12.07688,57.73478],[12.0749,57.73504],[12.07154,57.73487],[12.06718,57.73495],[12.04984,57.7335],[12.04236,57.73246],[12.04121,57.73308],[12.04093,57.73361],[12.04067,57.7336],[12.04087,57.73386],[12.04064,57.7343],[12.04125,57.73453],[12.04176,57.73505],[12.04162,57.7357],[12.04238,57.73605],[12.0422,57.73641],[12.04248,57.73722],[12.04362,57.73786],[12.04337,57.73821],[12.04363,57.73879],[12.04474,57.73952],[12.04529,57.73965],[12.04559,57.74064],[12.0465,57.74157],[12.0476,57.74178],[12.04818,57.74235],[12.04795,57.74298],[12.04818,57.74403],[12.04783,57.74443],[12.04698,57.74467],[12.04663,57.74547],[12.04669,57.74588],[12.04717,57.74612],[12.04704,57.74639],[12.04761,57.74758],[12.05242,57.74838]]]}},{"type":"Feature","id":"1480R145","properties":{"code":"1480R145","name":"Ängås"},"geometry":{"type":"Polygon","coordinates":[[[11.92944,57.64173],[11.92795,57.6415],[11.92421,57.64],[11.91906,57.63944],[11.91475,57.63766],[11.91352,57.63683],[11.91209,57.63795],[11.9129,57.63817],[11.91205,57.63883],[11.91067,57.63839],[11.91023,57.63888],[11.9095,57.63896],[11.90927,57.63866],[11.9071,57.64078],[11.90603,57.64039],[11.90437,57.64391],[11.90343,57.64389],[11.9035,57.64701],[11.90298,57.64734],[11.90411,57.65017],[11.9053,57.65086],[11.90727,57.65125],[11.91299,57.6491],[11.9205,57.64709],[11.92572,57.64626],[11.93253,57.64595],[11.93188,57.64394],[11.92946,57.64329],[11.92906,57.643],[11.92889,57.64213],[11.92954,57.64194],[11.92944,57.64173]]]}},{"type":"Feature","id":"1480R146","properties":{"code":"1480R146","name":"Önnered"},"geometry":{"type":"Polygon","coordinates":[[[11.89223,57.64855],[11.89483,57.6448],[11.89467,57.64356],[11.89792,57.63883],[11.89791,57.63584],[11.89821,57.63457],[11.8939,57.63477],[11.89171,57.63463],[11.88785,57.63406],[11.88602,57.63414],[11.88436,57.63459],[11.88168,57.63594],[11.87735,57.63644],[11.87326,57.63762],[11.8735,57.63753],[11.87329,57.63715],[11.87289,57.6372],[11.87262,57.63639],[11.87203,57.63583],[11.8742,57.63484],[11.8745,57.63421],[11.87507,57.63384],[11.87486,57.63353],[11.87382,57.63331],[11.87272,57.63344],[11.87116,57.63204],[11.86985,57.63265],[11.86907,57.63405],[11.86716,57.63345],[11.86529,57.63367],[11.8637,57.63419],[11.85927,57.63356],[11.85888,57.6332],[11.85355,57.63362],[11.85006,57.63485],[11.84415,57.63518],[11.83759,57.63775],[11.83993,57.63845],[11.84131,57.63939],[11.84168,57.63913],[11.84821,57.64048],[11.85309,57.64249],[11.85806,57.64125],[11.85852,57.6413],[11.85788,57.64164],[11.85675,57.64304],[11.85879,57.64416],[11.85966,57.64523],[11.86135,57.64551],[11.86173,57.64519],[11.86172,57.64445],[11.86235,57.64421],[11.8669,57.64551],[11.86799,57.64631],[11.8678,57.64788],[11.87602,57.64784],[11.88154,57.64762],[11.88308,57.64735],[11.88537,57.64643],[11.88751,57.64621],[11.88933,57.64669],[11.89114,57.64806],[11.89223,57.64855]]]}},{"type":"Feature","id":"1480R147","properties":{"code":"1480R147","name":"Överås"},"geometry":{"type":"Polygon","coordinates":[[[12.00667,57.70442],[12.00689,57.70379],[12.00729,57.70367],[12.0113,57.70396],[12.01163,57.70403],[12.01175,57.70442],[12.01442,57.70441],[12.01449,57.70361],[12.01345,57.70361],[12.01354,57.70196],[12.01581,57.70133],[12.01638,57.70086],[12.0118,57.69964],[12.00837,57.6993],[12.0031,57.69927],[12.0021,57.69871],[11.99958,57.69823],[11.99921,57.69857],[11.99857,57.69875],[11.99876,57.69927],[11.99629,57.69857],[11.99631,57.69793],[11.99593,57.69768],[11.99482,57.70209],[11.99545,57.70483],[11.99628,57.70494],[11.99622,57.70474],[11.99766,57.70459],[11.99768,57.70425],[11.99813,57.7042],[11.9981,57.70388],[11.9986,57.70391],[11.99811,57.70611],[12.00176,57.70639],[12.00304,57.70676],[12.00292,57.70869],[12.00668,57.70887],[12.00728,57.70883],[12.00728,57.70813],[12.00604,57.70451],[12.00667,57.70442]]]}}]}